id,lab,exercise,week,late,seq
1,1,1,1,0,S
1,1,3,1,0,EEEESSS
1,1,5,1,0,SSS
1,2,1,2,0,EEE
1,2,2,2,0,S
1,2,3,2,0,S
1,2,4,2,0,ESESE
1,2,5,2,0,E
1,3,1,3,0,SS
1,3,2,3,0,S
1,3,3,3,0,EE
1,3,4,3,0,EE
1,3,5,3,0,EE
1,4,1,4,0,EE
1,4,2,4,0,S
1,4,3,4,0,EEESSS
1,4,4,4,0,EESSEEEEEES
1,4,5,4,0,EEES
1,5,1,5,0,EE
1,5,2,5,0,E
1,5,3,5,0,EES
1,5,4,5,0,EESSESS
1,5,5,5,0,SS
2,1,1,1,0,S
2,1,2,1,0,E
2,1,3,1,0,SS
2,1,4,1,0,E
2,1,5,1,0,S
2,4,1,4,0,EES
2,4,3,4,0,SSSS
2,4,4,4,0,E
2,4,5,4,0,EESSE
2,9,1,9,0,E
2,9,2,9,0,S
2,9,3,9,0,SSE
2,9,4,9,0,EE
2,9,5,9,0,EE
3,1,1,1,0,SSSEESS
3,1,3,1,0,SSEEEEEE
3,1,4,1,0,E
3,1,5,1,0,SEEEEEEEESSEESSEEES
3,2,3,2,0,E
3,2,4,2,0,SSSSSEEE
3,2,5,2,0,SEEEEE
3,6,1,6,0,ES
3,6,2,6,0,E
3,6,4,6,0,S
3,6,5,6,0,EESSSSS
3,8,1,8,0,SEEEESS
3,8,2,8,0,S
3,8,3,8,0,E
3,8,4,8,0,EE
3,8,5,8,0,SESESES
3,10,1,10,0,EEEESSESS
3,10,2,10,0,E
3,10,4,10,0,S
3,10,5,10,0,E
3,11,1,11,0,EEES
3,11,2,11,0,EES
3,11,3,11,0,SE
3,11,4,11,0,ESEEE
3,11,5,11,0,E
3,12,1,12,0,E
3,12,2,12,0,EEE
3,12,4,12,0,E
3,12,5,12,0,ESEEE
4,1,1,1,0,E
4,1,2,1,0,ESSS
4,1,3,1,0,S
4,1,4,1,0,SS
4,1,5,1,0,SESS
4,2,1,2,0,ESSES
4,2,2,2,0,S
4,2,3,2,0,SSS
4,2,4,2,0,SSS
4,2,5,2,0,ES
4,4,1,4,0,SSEESS
4,4,3,4,0,ESS
4,4,4,4,0,SS
4,4,5,4,0,SSS
4,5,1,5,0,E
4,5,2,5,0,EEESS
4,5,3,5,0,SSS
4,5,4,5,0,S
4,5,5,5,0,SS
4,6,1,6,0,ESSSS
4,6,2,6,0,S
4,6,3,6,0,E
4,6,4,6,0,E
4,6,5,6,0,EE
4,7,2,7,0,ESSSS
4,7,3,7,0,EES
4,7,4,7,0,ES
4,7,5,7,0,SSS
4,9,1,9,0,SS
4,9,2,9,0,ES
4,9,3,9,0,S
4,9,4,9,0,SESSSSSSSS
4,9,5,9,0,S
4,11,1,11,0,EEEES
4,11,2,11,0,EEE
4,11,3,11,0,ES
4,11,4,11,0,ES
4,12,1,12,0,S
4,12,2,12,0,S
4,12,3,12,0,S
4,12,4,12,0,ESSSSES
4,12,5,12,0,EES
5,1,1,1,0,S
5,1,2,1,0,S
5,1,3,1,0,SEEEES
5,1,4,1,0,S
5,1,5,1,0,SSSESSSESSSEEEESSSSS
5,2,1,2,0,EES
5,2,2,2,0,S
5,2,4,2,0,EES
5,3,2,3,0,SEEEEEESSEESS
5,3,3,3,0,S
5,3,4,3,0,SEEE
5,3,5,3,0,EEEEES
5,4,1,4,0,SS
5,4,2,4,0,S
5,4,3,4,0,SSSESES
5,4,4,4,0,ESSS
5,4,5,4,0,EEEEEEEEEEEESEE
5,5,1,5,0,S
5,5,2,5,0,SESS
5,5,3,5,0,SSSSS
5,5,4,5,0,S
5,5,5,5,0,S
5,6,1,6,0,EEEES
5,6,2,6,0,SEEE
5,6,3,6,0,EEESSSS
5,6,4,6,0,SS
5,6,5,6,0,EEEESSEEESEEES
5,8,1,8,0,EEEESSEES
5,8,2,8,0,EEEEEEES
5,8,3,8,0,EES
5,8,4,8,0,S
5,8,5,8,0,ES
6,1,1,1,0,S
6,1,2,1,0,ES
6,1,3,1,0,S
6,1,4,1,0,S
6,1,5,1,0,SES
6,3,1,3,0,EES
6,3,2,3,0,S
6,3,3,3,0,ES
6,3,4,3,0,ESS
6,3,5,3,0,S
6,4,1,4,0,EEEEEEE
6,4,3,4,0,S
6,4,4,4,0,S
6,4,5,4,0,S
6,6,1,6,0,SE
6,6,2,6,0,S
6,6,3,6,0,ES
6,6,4,6,0,E
6,6,5,6,0,S
6,7,1,7,0,ES
6,7,2,7,0,S
6,7,3,7,0,S
6,7,4,7,0,SSS
6,7,5,7,0,SES
6,8,1,8,0,E
6,8,2,8,0,ES
6,8,3,8,0,S
6,8,4,8,0,S
6,8,5,8,0,ES
6,10,1,10,0,SS
6,10,2,10,0,ESES
6,10,3,10,0,SSS
6,10,4,10,0,ES
6,10,5,10,0,S
6,12,1,12,0,S
6,12,3,12,0,SEESSS
6,12,4,12,0,EESES
6,12,5,12,0,S
7,1,1,1,1,EESSEEEEEEEEEEEEEEEEEEEESE
7,1,2,1,1,EEEEEEEES
7,1,3,1,1,EEEEEEE
7,1,4,1,1,EESSEE
7,2,1,2,0,SS
7,2,2,2,0,EEEEEESESEEEEEEE
7,2,3,2,0,EEEEES
7,2,4,2,0,EE
7,2,5,2,0,EESES
7,3,1,3,1,EEEEE
7,3,2,3,1,EEEESESEEEEEEE
7,3,3,3,1,EEEEEEEEEEEEE
7,3,4,3,1,EEEEEEEEESSSS
7,3,5,3,1,EEESSSEEESEEEEE
7,4,1,4,1,EEEEEEESEEEEES
7,4,2,4,1,EE
7,4,3,4,1,EEEE
7,4,4,4,1,EEEEEE
7,4,5,4,1,EEEEESEEEEEEEEEEEEE
7,5,1,5,0,E
7,5,2,5,0,SS
7,5,3,5,0,EEEE
7,5,4,5,0,SEEE
7,5,5,5,0,E
7,6,1,6,1,SEEEEE
7,6,2,6,1,EE
7,6,3,6,1,EE
7,6,4,6,1,EESEE
7,6,5,6,1,SS
7,7,1,7,1,EEEESE
7,7,2,7,1,ESS
7,7,3,7,1,EEEEE
7,7,4,7,1,EEEEEEEEEESE
7,7,5,7,1,EEEEEESEEE
7,8,1,8,1,EE
7,8,2,8,1,EESEE
7,8,3,8,1,E
7,8,4,8,1,EEEEEEE
7,8,5,8,1,EEEEEESESSS
7,9,2,9,0,S
7,9,3,9,0,SS
7,9,4,9,0,EEEEEE
7,9,5,9,0,EEEEEE
8,1,1,1,0,S
8,1,2,1,0,EEESS
8,1,5,1,0,SES
8,2,1,2,0,S
8,2,2,2,0,S
8,2,3,2,0,S
8,2,4,2,0,EESS
8,2,5,2,0,SSSS
8,3,1,3,0,ESSSS
8,3,2,3,0,S
8,3,3,3,0,EESE
8,3,4,3,0,S
8,3,5,3,0,SSESES
8,4,1,4,0,S
8,4,2,4,0,S
8,4,4,4,0,S
8,4,5,4,0,S
8,5,1,5,0,SS
8,5,2,5,0,ESS
8,5,3,5,0,S
8,5,4,5,0,ESSS
8,5,5,5,0,EESS
8,6,1,6,0,ES
8,6,2,6,0,SSES
8,6,3,6,0,S
8,6,4,6,0,S
8,6,5,6,0,SSS
8,8,1,8,0,EEEESSS
8,8,2,8,0,S
8,8,3,8,0,SS
8,8,4,8,0,EE
8,9,1,9,0,SEES
8,9,2,9,0,SSSSS
8,9,3,9,0,ESS
8,9,4,9,0,S
8,9,5,9,0,SSS
8,12,1,12,0,SEESESSSS
8,12,2,12,0,S
8,12,3,12,0,S
8,12,4,12,0,SSS
8,12,5,12,0,SSS
9,4,1,4,0,E
9,4,2,4,0,EE
9,4,4,4,0,E
9,4,5,4,0,E
10,1,1,1,0,SEEE
10,1,2,1,0,SESSSSEEEEESE
10,1,3,1,0,SEEESESSS
10,1,4,1,0,EEEEES
10,2,1,2,0,ES
10,2,2,2,0,SEES
10,2,3,2,0,EEEESEEE
10,2,4,2,0,SSSSSEE
10,2,5,2,0,SSSE
10,3,1,3,0,EES
10,3,2,3,0,ESESEE
10,3,3,3,0,SSSSSS
10,3,4,3,0,EES
10,3,5,3,0,EEEEES
10,4,1,4,0,EEEEEE
10,4,2,4,0,EEEEEEESSEES
10,4,3,4,0,ES
10,4,4,4,0,SS
10,4,5,4,0,EES
10,5,1,5,0,EEEEESS
10,5,2,5,0,S
10,5,3,5,0,EEEESEESEEEEEEEESS
10,5,4,5,0,EESSEESSSSSSS
10,5,5,5,0,SSEE
10,6,2,6,0,S
10,6,3,6,0,ESE
10,6,4,6,0,ESSSSS
10,6,5,6,0,EESS
10,8,1,8,0,E
10,8,2,8,0,EEEEESSSEEES
10,8,3,8,0,EEE
10,8,5,8,0,EEE
10,9,1,9,0,ES
10,9,2,9,0,EEEE
10,9,3,9,0,S
10,9,4,9,0,EEEEEES
10,9,5,9,0,S
11,1,1,1,0,EESSS
11,1,3,1,0,S
11,1,4,1,0,EEESSEEESSSSS
11,1,5,1,0,ESSSSSSSEEESEES
11,2,2,2,0,S
11,2,3,2,0,EE
11,2,4,2,0,SEEESSESEESEEEEEEEEEEESSESEESE
11,3,1,3,0,S
11,3,2,3,0,ES
11,3,3,3,0,S
11,3,4,3,0,EEEESSSESEESSEEEES
11,3,5,3,0,ESS
11,4,1,4,0,SSSS
11,4,2,4,0,EESEEES
11,4,3,4,0,SSS
11,4,4,4,0,EES
11,4,5,4,0,EEEEES
11,5,1,5,0,EEES
11,5,2,5,0,SES
11,5,3,5,0,EES
11,5,4,5,0,S
11,5,5,5,0,EEESEESSSSSSSEEEESS
11,6,1,6,0,SSS
11,6,2,6,0,EEEEEES
11,6,3,6,0,EEEEESSEESS
11,6,4,6,0,ESESE
11,6,5,6,0,EESESS
11,7,1,7,0,EEESESS
11,7,2,7,0,EEEES
11,7,3,7,0,SSSSSEEEEESSS
11,7,4,7,0,EES
11,7,5,7,0,ESESSSEEES
11,8,1,8,0,SSS
11,8,3,8,0,ES
11,8,4,8,0,SEEESSEEEEE
11,8,5,8,0,EEEEEE
11,10,1,10,0,ES
11,10,2,10,0,EESSEES
11,10,3,10,0,EEEEEESESS
11,10,4,10,0,SESEEEEEEEEESS
11,10,5,10,0,ESSESEE
12,3,1,3,0,SS
12,3,2,3,0,SE
12,3,3,3,0,E
12,3,4,3,0,S
12,3,5,3,0,S
12,5,1,5,0,S
12,5,2,5,0,ES
12,5,3,5,0,S
12,5,4,5,0,S
12,5,5,5,0,S
12,6,1,6,0,S
12,6,2,6,0,SS
12,6,3,6,0,ESS
12,6,4,6,0,ES
12,6,5,6,0,S
12,8,2,8,0,ESEEEE
12,8,3,8,0,S
12,8,4,8,0,SS
12,8,5,8,0,SSS
12,9,1,9,0,EESEE
12,9,2,9,0,ES
12,9,3,9,0,EEEE
12,9,4,9,0,E
12,9,5,9,0,ESS
12,12,1,12,0,S
12,12,2,12,0,ESS
12,12,3,12,0,EES
12,12,4,12,0,S
12,12,5,12,0,EES
13,1,1,1,0,S
13,1,2,1,0,ES
13,1,3,1,0,S
13,1,4,1,0,S
13,1,5,1,0,SS
13,3,1,3,0,SESS
13,3,2,3,0,ESSS
13,3,3,3,0,S
13,3,4,3,0,E
13,3,5,3,0,EESS
13,4,1,4,0,S
13,4,2,4,0,ES
13,4,3,4,0,SS
13,4,4,4,0,EESSS
13,4,5,4,0,SS
13,5,1,5,0,S
13,5,2,5,0,SSES
13,5,3,5,0,E
13,5,4,5,0,EEES
13,5,5,5,0,S
13,6,2,6,0,EEES
13,6,3,6,0,S
13,6,4,6,0,EESS
13,6,5,6,0,EE
13,9,1,9,0,SS
13,9,2,9,0,SSSEEESSS
13,9,3,9,0,S
13,9,4,9,0,SSS
13,10,1,10,0,SSS
13,10,2,10,0,SES
13,10,3,10,0,S
13,10,4,10,0,EESS
13,10,5,10,0,E
13,11,1,11,0,EEESS
13,11,2,11,0,ES
13,11,3,11,0,ESS
13,11,4,11,0,ES
13,11,5,11,0,ESSSS
14,1,1,1,0,S
14,1,2,1,0,S
14,1,3,1,0,SS
14,1,4,1,0,S
14,1,5,1,0,S
14,2,2,2,0,ES
14,2,3,2,0,EESSS
14,2,5,2,0,S
14,3,1,3,0,ES
14,3,2,3,0,SSSES
14,3,3,3,0,EE
14,3,4,3,0,S
14,3,5,3,0,ES
14,4,1,4,0,S
14,4,2,4,0,SS
14,4,3,4,0,SS
14,4,4,4,0,SS
14,4,5,4,0,SS
14,5,1,5,0,S
14,5,2,5,0,S
14,5,3,5,0,ES
14,5,4,5,0,SS
14,5,5,5,0,S
14,6,1,6,0,S
14,6,4,6,0,SS
14,6,5,6,0,ES
14,7,1,7,0,ES
14,7,3,7,0,S
14,7,5,7,0,SSS
14,9,2,9,0,ES
14,9,3,9,0,S
14,9,4,9,0,SS
14,9,5,9,0,SS
14,10,1,10,0,SS
14,10,2,10,0,ESEEE
14,10,3,10,0,SEES
14,10,4,10,0,SES
14,11,1,11,0,S
14,11,2,11,0,ES
14,11,3,11,0,S
14,11,4,11,0,EEES
14,11,5,11,0,S
14,12,1,12,0,ESS
14,12,2,12,0,S
14,12,3,12,0,SS
14,12,4,12,0,SSEE
14,12,5,12,0,SSS
15,2,1,2,0,ESSSES
15,2,2,2,0,SS
15,2,4,2,0,EE
15,2,5,2,0,EES
15,3,1,3,0,SES
15,3,2,3,0,SSSS
15,3,3,3,0,SS
15,3,4,3,0,SEES
15,3,5,3,0,SS
15,4,1,4,0,EES
15,4,2,4,0,ESS
15,4,3,4,0,S
15,4,4,4,0,SS
15,4,5,4,0,ES
15,6,1,6,0,S
15,6,2,6,0,S
15,6,3,6,0,ES
15,6,4,6,0,S
15,6,5,6,0,ES
15,7,1,7,0,ES
15,7,2,7,0,S
15,7,3,7,0,S
15,7,4,7,0,S
15,7,5,7,0,EESS
15,8,1,8,0,SSS
15,8,2,8,0,SS
15,8,4,8,0,ES
15,8,5,8,0,ESS
15,10,1,10,0,S
15,10,2,10,0,ESS
15,10,3,10,0,SSSS
15,10,4,10,0,S
15,10,5,10,0,ESESEESS
15,11,1,11,0,S
15,11,2,11,0,S
15,11,3,11,0,ES
15,11,4,11,0,ES
15,11,5,11,0,SS
15,12,1,12,0,SESES
15,12,2,12,0,S
15,12,3,12,0,ES
15,12,4,12,0,SS
15,12,5,12,0,S
16,1,1,1,0,EEEEEESSEEEEES
16,1,2,1,0,SSEEEEEEEEE
16,1,3,1,0,SS
16,1,4,1,0,EEEEEEEEEEEEEEEEES
16,1,5,1,0,ESSSSSEEEEEEEESEEESS
16,2,1,2,0,ES
16,2,2,2,0,ESSSEEEESEESEE
16,2,3,2,0,E
16,2,4,2,0,SEESSSE
16,2,5,2,0,SSEEEESES
16,3,1,3,0,EEEEEES
16,3,2,3,0,EEE
16,3,3,3,0,EE
16,3,4,3,0,EEEES
16,3,5,3,0,SESSEEEES
16,4,1,4,1,SSEESS
16,4,2,4,1,EEEEEEEEESS
16,4,3,4,1,EEEESSEEEEEEEES
16,4,4,4,1,EESS
16,4,5,4,1,ESSS
16,5,1,5,0,SSEEEEEEEEEEEES
16,5,2,5,0,S
16,5,3,5,0,S
16,5,4,5,0,EEEEEEES
16,5,5,5,0,SSS
16,6,1,6,0,EEEEESSEES
16,6,2,6,0,EEEEEEESES
16,6,3,6,0,EEEES
16,6,5,6,0,SS
16,11,1,11,1,ESS
16,11,2,11,1,EEES
16,11,3,11,1,S
16,11,4,11,1,EEEEE
16,11,5,11,1,E
16,12,1,12,1,EEEEEESS
16,12,3,12,1,EES
16,12,4,12,1,EESSS
16,12,5,12,1,EEESSS
17,1,1,1,0,EEEEEEEEEEEESS
17,1,3,1,0,ESSSEES
17,1,4,1,0,E
17,1,5,1,0,S
17,2,1,2,0,SS
17,2,2,2,0,EEEEEESEEEEEES
17,2,3,2,0,EEESEEE
17,2,4,2,0,EEEEEEEEEESSSSE
17,2,5,2,0,EEEEES
17,3,1,3,0,EEES
17,3,2,3,0,SS
17,3,3,3,0,SEEEEES
17,3,4,3,0,SS
17,3,5,3,0,S
17,4,1,4,0,S
17,4,2,4,0,SEESESS
17,4,4,4,0,ESSSEEEEEEEEEEEEEEEEEEESS
17,4,5,4,0,ESEEE
17,5,1,5,0,EEEEEESSSEES
17,5,2,5,0,ESSSS
17,5,3,5,0,EEEES
17,5,4,5,0,SSESS
17,6,1,6,0,S
17,6,2,6,0,ESSS
17,6,3,6,0,EE
17,6,5,6,0,SSEEEEEEEES
17,8,3,8,0,S
17,8,4,8,0,EEESEEEE
17,9,1,9,0,ESSS
17,9,3,9,0,ESEES
17,9,4,9,0,SSSEEESSEEEEEEESS
17,9,5,9,0,S
17,12,1,12,0,ESESSSESSEESEEEEEEEES
17,12,2,12,0,EES
17,12,3,12,0,S
17,12,4,12,0,EEEEEEEEEEEEEEEEEEESS
17,12,5,12,0,EESS
18,4,1,4,0,E
18,4,2,4,0,SSEE
18,4,3,4,0,EEE
18,4,5,4,0,SE
18,5,1,5,0,S
18,5,2,5,0,EE
18,5,3,5,0,E
18,5,4,5,0,EEEE
18,5,5,5,0,EE
18,7,1,7,0,S
18,7,2,7,0,EEEEEE
18,7,4,7,0,E
18,7,5,7,0,E
18,9,1,9,0,S
18,9,2,9,0,SS
18,9,3,9,0,EE
18,9,4,9,0,E
18,9,5,9,0,SS
19,1,1,1,0,S
19,1,2,1,0,EEEEEEE
19,1,3,1,0,SSSSESES
19,1,4,1,0,SEES
19,2,1,2,0,S
19,2,2,2,0,EE
19,2,3,2,0,SS
19,2,4,2,0,E
19,3,1,3,0,EEE
19,3,2,3,0,SS
19,3,4,3,0,ESSSSS
19,3,5,3,0,EES
19,4,1,4,0,E
19,4,3,4,0,S
19,4,4,4,0,EEEES
19,4,5,4,0,SES
19,6,1,6,0,ES
19,6,2,6,0,EEEES
19,6,3,6,0,S
19,6,4,6,0,EEESSS
19,6,5,6,0,EEESE
19,7,1,7,0,EE
19,7,2,7,0,ES
19,7,3,7,0,SSESS
19,7,4,7,0,SSSSSS
19,7,5,7,0,S
19,8,1,8,0,EESEESSSSEEEES
19,8,2,8,0,E
19,8,3,8,0,S
19,8,4,8,0,E
19,8,5,8,0,SSS
19,9,1,9,0,SS
19,9,3,9,0,EEEEEESEEEEEEEEEEE
19,9,4,9,0,S
19,9,5,9,0,EE
19,11,1,11,0,EEEEEEEESSEESE
19,11,2,11,0,SS
19,11,3,11,0,SS
19,11,4,11,0,EESSSEEE
19,11,5,11,0,SSSESS
19,12,1,12,0,EEESSSS
19,12,2,12,0,EEEEEEE
19,12,3,12,0,SS
19,12,4,12,0,EEEESE
19,12,5,12,0,EEE
20,2,2,2,0,SS
20,2,3,2,0,EESESES
20,2,4,2,0,ES
20,2,5,2,0,SEEEEEESEEESSES
20,3,1,3,0,EEEE
20,3,2,3,0,SSSS
20,3,3,3,0,EESS
20,3,4,3,0,EEEESSS
20,3,5,3,0,S
20,6,1,6,0,SS
20,6,2,6,0,S
20,6,4,6,0,S
20,6,5,6,0,ES
20,7,1,7,0,EEE
20,7,2,7,0,SSS
20,7,3,7,0,SS
20,7,4,7,0,SS
20,7,5,7,0,EES
20,8,1,8,0,ES
20,8,3,8,0,ES
20,8,4,8,0,E
20,8,5,8,0,S
21,1,1,1,0,ES
21,1,2,1,0,E
21,1,3,1,0,EEEESEE
21,1,4,1,0,ESSSEESSSSSES
21,2,1,2,0,SEEEEEE
21,2,2,2,0,SSSSESSEEEESEESSEEEE
21,2,4,2,0,SSSSEE
21,2,5,2,0,EEEES
21,3,1,3,0,EEEESS
21,3,2,3,0,EEE
21,3,3,3,0,ESS
21,3,4,3,0,EEESEEEEE
21,3,5,3,0,E
21,4,1,4,0,E
21,4,2,4,0,SS
21,4,4,4,0,S
21,4,5,4,0,EEEEEEEEEEEESSSEEEEEEEEEE
21,5,1,5,0,EEEEE
21,5,3,5,0,E
21,5,4,5,0,S
21,5,5,5,0,SEEEES
21,8,1,8,0,E
21,8,2,8,0,EEEEEEE
21,8,3,8,0,E
21,8,4,8,0,SSESS
21,8,5,8,0,SSSS
21,11,1,11,0,EEES
21,11,2,11,0,ESSSEESSEESSEES
21,11,3,11,0,EES
21,11,4,11,0,EEESS
21,11,5,11,0,EES
22,1,2,1,0,SS
22,1,3,1,0,ES
22,1,4,1,0,SES
22,1,5,1,0,SS
22,2,1,2,0,S
22,2,2,2,0,S
22,2,3,2,0,S
22,2,4,2,0,EES
22,2,5,2,0,S
22,3,1,3,0,ES
22,3,2,3,0,ESSS
22,3,3,3,0,S
22,3,4,3,0,SES
22,3,5,3,0,S
22,4,1,4,0,S
22,4,2,4,0,ESSS
22,4,3,4,0,SSS
22,4,4,4,0,ESEES
22,4,5,4,0,S
22,5,1,5,0,S
22,5,2,5,0,ES
22,5,3,5,0,S
22,5,4,5,0,S
22,5,5,5,0,S
22,6,1,6,0,S
22,6,2,6,0,S
22,6,3,6,0,ES
22,11,1,11,0,EES
22,11,2,11,0,SES
22,11,3,11,0,EEESSSS
22,11,4,11,0,ES
22,11,5,11,0,EESS
22,12,1,12,0,ES
22,12,3,12,0,S
22,12,4,12,0,ESSS
22,12,5,12,0,S
23,1,1,1,0,EESEEEESS
23,1,2,1,0,EES
23,1,3,1,0,EEEEEEES
23,1,4,1,0,EESESEESESSS
23,2,2,2,0,S
23,2,3,2,0,SSES
23,2,4,2,0,EESS
23,2,5,2,0,SEES
23,3,1,3,0,E
23,3,3,3,0,SES
23,3,4,3,0,ES
23,3,5,3,0,S
23,4,1,4,0,SS
23,4,2,4,0,SSSSS
23,4,3,4,0,EESS
23,4,4,4,0,SES
23,4,5,4,0,S
23,5,1,5,0,EEEEEEES
23,5,2,5,0,EEES
23,5,3,5,0,S
23,5,4,5,0,EEESSS
23,5,5,5,0,SSSS
23,6,1,6,0,S
23,6,2,6,0,SEESES
23,6,3,6,0,SSS
23,6,4,6,0,EESS
23,6,5,6,0,SSSSS
23,7,1,7,0,S
23,7,2,7,0,EEESESS
23,7,3,7,0,S
23,7,4,7,0,ESEEESS
23,7,5,7,0,ESS
23,8,1,8,0,ES
23,8,2,8,0,EEEEEES
23,8,3,8,0,EEESSESS
23,8,4,8,0,ESESSSSS
23,9,1,9,0,ES
23,9,2,9,0,SS
23,9,3,9,0,S
23,9,5,9,0,S
23,11,1,11,0,S
23,11,2,11,0,ESESSEES
23,11,3,11,0,EEEEEES
23,11,4,11,0,ES
23,11,5,11,0,S
23,12,1,12,0,ES
23,12,2,12,0,S
23,12,3,12,0,ESSS
23,12,5,12,0,S
24,1,1,1,0,EEEEEEESSEEEEEEEEEEEEEEEEESEEE
24,1,2,1,0,S
24,1,3,1,0,SS
24,1,4,1,0,EEEEEEEEEEEESSEESSESSSEEEEEEEE
24,1,5,1,0,EEEEEESESEEEEEEEEEEEESS
24,2,1,2,0,EEEES
24,2,2,2,0,S
24,2,3,2,0,SEEEEEEEEEEEEEEEEEEEEEEEESEEES
24,2,4,2,0,ESS
24,2,5,2,0,EEEEEEEES
24,3,1,3,0,EES
24,3,2,3,0,EEEEEEESEEEEEEEEEEESESSSEE
24,3,3,3,0,EESEEEEEEEEEEEEEEESEEEEEEEEEEE
24,3,4,3,0,EEEEESS
24,3,5,3,0,SEEEEEESE
24,4,1,4,0,EEEEEES
24,4,2,4,0,EESEEEEESSSSSS
24,4,3,4,0,EEEEEEEE
24,4,4,4,0,EEEEEEEEEESSSSSSSSEEESSSEEEEEE
24,4,5,4,0,EEEEEEEES
24,5,1,5,0,EEEESEESSSEEEEEEEEEEEEESSSEEEE
24,5,2,5,0,EEEEES
24,5,3,5,0,SS
24,5,4,5,0,EEEEEEEEEEESSSEEES
24,5,5,5,0,EESSEEEEEESSEEEEEEEEEESS
24,6,1,6,0,EES
24,6,2,6,0,EEEESESSSSSS
24,6,3,6,0,EEEEEEEEEEEEEEEEEEESS
24,6,4,6,0,EEEEEEEEEEEEEEEEEEEEESESEEEESS
24,6,5,6,0,EEEESEEEEEESSS
24,7,1,7,0,S
24,7,2,7,0,ES
24,7,3,7,0,S
24,7,4,7,0,EEEEEES
24,8,1,8,0,S
24,8,2,8,0,EEESSEEES
24,8,3,8,0,S
24,8,4,8,0,EEEEEEEEEEEEEESEES
24,8,5,8,0,EEEEE
24,11,1,11,0,EEEES
24,11,2,11,0,EEEEEES
24,11,3,11,0,EEESSEEEEESEESSSE
24,11,4,11,0,EEEES
24,11,5,11,0,ESEEEEEEEEEEEEEEESSEEEEESEEEEE
25,1,1,1,1,EESS
25,1,3,1,1,SSSS
25,1,4,1,1,SS
25,1,5,1,1,EE
25,2,1,2,0,SESS
25,2,3,2,0,S
25,2,4,2,0,EESE
25,2,5,2,0,E
25,4,1,4,0,E
25,4,3,4,0,E
25,4,4,4,0,EEEESSE
25,4,5,4,0,EEE
25,5,1,5,1,ESEEEEESES
25,5,2,5,1,EEEEEEE
25,5,3,5,1,E
25,5,4,5,1,S
25,5,5,5,1,EESEES
25,6,1,6,1,E
25,6,2,6,1,SSEE
25,6,3,6,1,E
25,6,4,6,1,SESSSE
25,6,5,6,1,E
26,1,1,1,1,SESSS
26,1,2,1,1,EESS
26,1,3,1,1,ESSSSESEESS
26,1,5,1,1,S
26,2,1,2,1,SSSSES
26,2,2,2,1,S
26,2,3,2,1,EES
26,2,4,2,1,SS
26,3,1,3,0,SSEEESS
26,3,2,3,0,SSSES
26,3,3,3,0,SSEEEEESEESES
26,3,4,3,0,S
26,3,5,3,0,EEES
26,4,1,4,1,S
26,4,2,4,1,E
26,4,3,4,1,SS
26,4,4,4,1,EESSSSESEEEEESS
26,4,5,4,1,EEEES
26,5,1,5,0,ES
26,5,2,5,0,EES
26,5,3,5,0,ES
26,5,4,5,0,EEEEEESSS
26,5,5,5,0,E
26,6,1,6,1,SS
26,6,2,6,1,SS
26,6,3,6,1,S
26,6,4,6,1,E
26,7,1,7,1,EESESSS
26,7,2,7,1,EEEEEEEES
26,7,3,7,1,SS
26,7,4,7,1,S
26,7,5,7,1,EEEEEEES
26,9,1,9,0,SSS
26,9,2,9,0,SS
26,9,3,9,0,SEEESEES
26,9,4,9,0,ESEESS
26,11,1,11,1,ES
26,11,2,11,1,EESS
26,11,3,11,1,S
26,11,4,11,1,S
26,11,5,11,1,S
26,12,1,12,1,EEES
26,12,2,12,1,ESSS
26,12,3,12,1,EEEESSS
26,12,4,12,1,S
26,12,5,12,1,SS
27,1,2,1,0,EEEEEEEEESE
27,1,3,1,0,ESEEEEEEEEEEEES
27,1,4,1,0,EESEEEEESSESEE
27,1,5,1,0,EESEESESE
27,2,1,2,0,SS
27,2,2,2,0,EEEEEEEEEEEE
27,2,4,2,0,SSEEE
27,2,5,2,0,E
27,3,1,3,0,ESE
27,3,3,3,0,E
27,3,4,3,0,EEEE
27,3,5,3,0,EEE
28,1,1,1,0,S
28,1,2,1,0,EES
28,1,3,1,0,S
28,1,4,1,0,S
28,1,5,1,0,ES
28,2,1,2,0,SES
28,2,2,2,0,S
28,2,3,2,0,ES
28,2,4,2,0,ES
28,2,5,2,0,SSSSSS
28,3,1,3,0,SS
28,3,2,3,0,S
28,3,3,3,0,SS
28,3,4,3,0,S
28,3,5,3,0,S
28,4,1,4,0,S
28,4,2,4,0,SS
28,4,3,4,0,S
28,4,4,4,0,SS
28,4,5,4,0,SS
28,5,1,5,0,S
28,5,2,5,0,SSS
28,5,4,5,0,S
28,5,5,5,0,SSESSSES
28,6,1,6,0,S
28,6,2,6,0,ES
28,6,3,6,0,ES
28,6,4,6,0,ES
28,6,5,6,0,S
28,7,1,7,0,ES
28,7,2,7,0,SS
28,7,3,7,0,S
28,7,4,7,0,SES
28,7,5,7,0,S
28,8,1,8,0,S
28,8,2,8,0,S
28,8,3,8,0,S
28,8,4,8,0,S
28,8,5,8,0,S
28,9,1,9,0,S
28,9,2,9,0,SEES
28,9,4,9,0,ES
28,10,1,10,0,S
28,10,2,10,0,SS
28,10,3,10,0,SES
28,10,4,10,0,S
28,10,5,10,0,S
28,11,1,11,0,ES
28,11,2,11,0,ES
28,11,3,11,0,S
28,11,4,11,0,S
28,11,5,11,0,SSSSS
28,12,2,12,0,S
28,12,3,12,0,E
28,12,4,12,0,S
28,12,5,12,0,ESS
29,1,1,1,0,EESSSEEES
29,1,2,1,0,EEEEEEEEEEES
29,1,3,1,0,EEEEESEEEEEEEEEEESSEEESSSSEEE
29,1,4,1,0,EEEEEEEEESESSSSS
29,2,1,2,0,EEEEESES
29,2,2,2,0,EEESSEEEEEEEEES
29,2,3,2,0,EEEE
29,2,4,2,0,EEEEEESEEEEEEES
29,2,5,2,0,EEEE
29,4,1,4,0,SSSSEESS
29,4,2,4,0,EEESS
29,4,3,4,0,EEEEEEEEESSEESEEESEEEESSSSEEEE
29,4,4,4,0,EEEEEESS
29,4,5,4,0,S
29,5,1,5,0,EEESEEE
29,5,2,5,0,S
29,5,3,5,0,S
29,5,4,5,0,ES
29,5,5,5,0,S
29,6,1,6,0,EEEEEEEEEESEEEEEE
29,6,2,6,0,SEEEEEE
29,6,3,6,0,SEEEEE
29,6,4,6,0,ES
29,6,5,6,0,EEEESS
29,10,1,10,0,EEEEEEEESEE
29,10,2,10,0,EEEEEEEEEEEEEEEEESSEEEEEEE
29,10,3,10,0,EESES
29,10,4,10,0,SSSSEEEEEEEESSEEEESSS
29,10,5,10,0,EEE
29,11,1,11,0,EEEEEEEEEEEEEEEEEEEESEEEEEEEES
29,11,2,11,0,ESES
29,11,3,11,0,E
29,11,4,11,0,ESSS
29,11,5,11,0,SSS
30,1,1,1,0,SS
30,1,2,1,0,EEESSS
30,1,3,1,0,SS
30,1,4,1,0,EESS
30,1,5,1,0,EEEESES
30,2,1,2,0,EEES
30,2,2,2,0,ES
30,2,3,2,0,ES
30,2,4,2,0,EEES
30,2,5,2,0,SSESSSEEESSEESS
30,3,1,3,0,S
30,3,3,3,0,ES
30,3,4,3,0,ESSEE
30,3,5,3,0,SESESS
30,4,1,4,0,S
30,4,2,4,0,EEESSSEES
30,4,3,4,0,S
30,4,4,4,0,SS
30,4,5,4,0,S
30,5,1,5,0,ES
30,5,2,5,0,ES
30,5,3,5,0,S
30,5,4,5,0,EEESESEEES
30,5,5,5,0,EEEEEESES
30,6,1,6,0,SSEES
30,6,2,6,0,EESS
30,6,3,6,0,EES
30,6,4,6,0,S
30,6,5,6,0,ESS
30,7,1,7,0,ES
30,7,2,7,0,SES
30,7,3,7,0,EEESSEES
30,7,4,7,0,ESSEEEEESS
30,7,5,7,0,SS
30,9,1,9,0,E
30,9,2,9,0,EEEES
30,9,3,9,0,EESSS
30,9,4,9,0,EESSS
30,9,5,9,0,SS
30,10,1,10,0,EEES
30,10,2,10,0,S
30,10,3,10,0,ESESSEEEEES
30,10,4,10,0,S
30,10,5,10,0,S
30,12,1,12,0,S
30,12,2,12,0,EEESS
30,12,3,12,0,S
30,12,4,12,0,EEE
30,12,5,12,0,SSE
31,1,1,1,0,EESES
31,1,2,1,0,ES
31,1,3,1,0,SES
31,1,4,1,0,S
31,1,5,1,0,S
31,2,1,2,0,EEE
31,2,2,2,0,S
31,2,3,2,0,EESS
31,2,4,2,0,S
31,2,5,2,0,SSS
31,3,1,3,0,SS
31,3,2,3,0,S
31,3,3,3,0,SS
31,3,4,3,0,ESESSSS
31,3,5,3,0,S
31,4,1,4,0,S
31,4,2,4,0,ES
31,4,3,4,0,S
31,4,4,4,0,S
31,4,5,4,0,SSS
31,7,1,7,0,EES
31,7,2,7,0,ESS
31,7,3,7,0,SSS
31,7,4,7,0,EESS
31,7,5,7,0,S
31,8,1,8,0,S
31,8,2,8,0,SS
31,8,3,8,0,EES
31,8,4,8,0,S
31,8,5,8,0,EEEESSS
31,11,1,11,0,S
31,11,2,11,0,ESSS
31,11,3,11,0,ES
31,11,4,11,0,SSSES
31,11,5,11,0,S
32,1,1,1,0,SS
32,1,2,1,0,EEEESS
32,1,3,1,0,SS
32,1,4,1,0,EESS
32,1,5,1,0,E
32,2,1,2,0,EEEEEEESS
32,2,2,2,0,EEEEEEE
32,2,3,2,0,EEE
32,2,4,2,0,S
32,2,5,2,0,EESES
32,3,1,3,0,E
32,3,2,3,0,SEEEEEEEEES
32,3,3,3,0,ESEEEEEEEEES
32,3,4,3,0,EEESS
32,3,5,3,0,SSSS
32,4,1,4,0,E
32,4,2,4,0,ESE
32,4,4,4,0,EEEESEEEEEEEEEEESS
32,4,5,4,0,SSS
32,5,1,5,0,ESEESSSSEEES
32,5,2,5,0,ES
32,5,3,5,0,E
32,5,4,5,0,EEEEEEEEEEESS
32,5,5,5,0,SSSSSE
32,6,2,6,0,S
32,6,3,6,0,SEEEES
32,6,4,6,0,ESSS
32,6,5,6,0,EEESSSS
32,8,1,8,0,S
32,8,2,8,0,SSSEEEEEEEEEEES
32,8,5,8,0,ES
32,9,1,9,0,S
32,9,2,9,0,SSSSS
32,9,3,9,0,E
32,9,4,9,0,EEESS
32,9,5,9,0,EEESEESSEE
33,1,1,1,1,SS
33,1,2,1,1,EEESSEES
33,1,3,1,1,SES
33,1,4,1,1,EEESS
33,1,5,1,1,SS
33,2,1,2,0,ES
33,2,2,2,0,EEEES
33,2,3,2,0,S
33,2,4,2,0,E
33,2,5,2,0,ESS
33,3,1,3,0,ES
33,3,2,3,0,EESE
33,3,3,3,0,S
33,3,4,3,0,SSSEESSSSS
33,3,5,3,0,EES
33,4,1,4,0,ES
33,4,2,4,0,ESSSSS
33,4,4,4,0,SSS
33,4,5,4,0,SS
33,5,1,5,0,SSS
33,5,2,5,0,S
33,5,3,5,0,S
33,5,4,5,0,ES
33,5,5,5,0,EEES
33,6,1,6,1,ES
33,6,2,6,1,ESESSS
33,6,4,6,1,EES
33,6,5,6,1,SSS
33,7,1,7,0,S
33,7,2,7,0,ESSS
33,7,3,7,0,E
33,7,4,7,0,SESSS
33,7,5,7,0,S
33,9,1,9,0,S
33,9,2,9,0,EEEEES
33,9,3,9,0,SS
33,9,4,9,0,SESSEES
33,10,1,10,0,SS
33,10,2,10,0,EES
33,10,3,10,0,EESSESSS
33,10,4,10,0,SSSSS
33,10,5,10,0,ES
33,12,1,12,0,ESEEES
33,12,2,12,0,E
33,12,3,12,0,ESSSSSS
33,12,4,12,0,S
33,12,5,12,0,S
34,1,1,1,0,EEEESEEEEEE
34,1,2,1,0,EEEE
34,1,3,1,0,EEEEEESSEEEEESSSSSEEEE
34,1,4,1,0,EESEEEEEEEE
34,1,5,1,0,EEEEE
34,2,1,2,0,SEES
34,2,2,2,0,EE
34,2,4,2,0,EEE
34,3,1,3,0,EESSS
34,3,2,3,0,SEESEEEESE
34,3,3,3,0,S
34,3,4,3,0,ESEEEEEEES
34,3,5,3,0,EEE
34,5,1,5,0,EEEEEEE
34,5,2,5,0,EEEEEEEEEEE
34,5,3,5,0,SE
34,5,4,5,0,EE
34,5,5,5,0,EEEEESSSSSEEESEE
34,6,1,6,0,S
34,6,2,6,0,S
34,6,3,6,0,ESE
34,6,4,6,0,EEE
34,6,5,6,0,SS
34,11,1,11,0,E
34,11,2,11,0,E
34,11,3,11,0,E
34,11,4,11,0,EEEES
34,11,5,11,0,SEE
35,1,2,1,0,EEE
35,1,3,1,0,ES
35,1,4,1,0,E
35,1,5,1,0,SSS
35,2,1,2,1,S
35,2,2,2,1,EEE
35,2,3,2,1,ESS
35,2,4,2,1,SSESSES
35,2,5,2,1,SSS
35,4,1,4,1,S
35,4,2,4,1,EEEEE
35,4,3,4,1,S
35,4,4,4,1,EESS
35,4,5,4,1,S
35,6,2,6,0,SSS
35,6,3,6,0,S
35,6,4,6,0,SESSS
35,6,5,6,0,EESS
35,7,1,7,1,S
35,7,2,7,1,SESS
35,7,4,7,1,S
35,7,5,7,1,S
35,8,1,8,0,EES
35,8,2,8,0,S
35,8,3,8,0,S
35,8,4,8,0,EEESSS
35,8,5,8,0,S
35,12,1,12,0,SSSS
35,12,2,12,0,ESS
35,12,3,12,0,S
35,12,4,12,0,EES
35,12,5,12,0,E
36,1,1,1,0,EEEESS
36,1,2,1,0,SEEES
36,1,3,1,0,ESS
36,1,4,1,0,EES
36,1,5,1,0,ES
36,2,1,2,0,S
36,2,2,2,0,S
36,2,4,2,0,EEE
36,2,5,2,0,S
36,3,1,3,0,S
36,3,3,3,0,SEES
36,3,4,3,0,ES
36,3,5,3,0,S
36,5,1,5,0,ES
36,5,2,5,0,SSEE
36,5,4,5,0,ESESES
36,5,5,5,0,SSSSS
36,6,1,6,0,EESS
36,6,2,6,0,S
36,6,3,6,0,ES
36,6,4,6,0,SS
36,6,5,6,0,S
36,7,1,7,0,E
36,7,2,7,0,ESSSS
36,7,3,7,0,SS
36,7,5,7,0,EES
36,9,1,9,0,S
36,9,2,9,0,S
36,9,3,9,0,SS
36,9,4,9,0,ESS
36,11,1,11,0,E
36,11,2,11,0,E
36,11,3,11,0,ESS
36,11,4,11,0,EEES
36,11,5,11,0,ESS
37,2,1,2,0,EEEESSSE
37,2,2,2,0,E
37,2,3,2,0,EEEEEEESSEEESEEEEEE
37,2,4,2,0,SSES
37,2,5,2,0,E
37,3,1,3,0,EE
37,3,3,3,0,E
37,3,4,3,0,ES
37,3,5,3,0,EEES
37,4,1,4,0,EE
37,4,2,4,0,SE
37,4,3,4,0,EEEEEE
37,4,4,4,0,EEEEEE
37,4,5,4,0,EEEEEESEEESSSE
37,9,1,9,0,EEE
37,9,3,9,0,EEEEE
37,9,4,9,0,S
37,9,5,9,0,EEES
37,10,1,10,0,EEEEE
37,10,2,10,0,SSEES
37,10,3,10,0,EEESS
37,10,4,10,0,SSSSSESEEEEEE
37,10,5,10,0,SSEEEEEES
38,1,1,1,0,S
38,1,2,1,0,SES
38,1,3,1,0,SS
38,1,4,1,0,SSS
38,1,5,1,0,EES
38,2,1,2,0,ES
38,2,2,2,0,SS
38,2,3,2,0,S
38,2,4,2,0,S
38,2,5,2,0,E
38,4,1,4,0,EE
38,4,2,4,0,EES
38,4,3,4,0,EESSSS
38,4,4,4,0,S
38,4,5,4,0,ES
38,5,2,5,0,S
38,5,3,5,0,ESSSES
38,5,4,5,0,SS
38,5,5,5,0,S
38,6,1,6,0,S
38,6,2,6,0,EES
38,6,3,6,0,ES
38,6,4,6,0,ES
38,6,5,6,0,EEEEESS
38,9,1,9,0,SSSSSES
38,9,2,9,0,ESSES
38,9,3,9,0,S
38,9,4,9,0,ESEES
38,10,1,10,0,E
38,10,2,10,0,EESS
38,10,3,10,0,ESSEE
38,10,4,10,0,S
38,10,5,10,0,EEESS
38,12,2,12,0,SSSSESSES
38,12,3,12,0,S
38,12,5,12,0,EEE
39,1,1,1,0,EESES
39,1,3,1,0,S
39,1,4,1,0,EEEEES
39,1,5,1,0,ESESSSSS
39,2,1,2,1,ESESSEESEEEEESSS
39,2,2,2,1,SEES
39,2,3,2,1,SS
39,2,4,2,1,EEEESSSESSSS
39,2,5,2,1,EEE
39,3,1,3,1,EES
39,3,2,3,1,E
39,3,3,3,1,S
39,3,4,3,1,EEEEE
39,3,5,3,1,EEE
39,4,1,4,0,ES
39,4,2,4,0,ESS
39,4,3,4,0,EES
39,4,4,4,0,ESS
39,4,5,4,0,E
39,5,2,5,0,SSES
39,5,3,5,0,S
39,5,4,5,0,EEES
39,5,5,5,0,EEES
39,6,1,6,1,S
39,6,2,6,1,SSS
39,6,3,6,1,S
39,6,4,6,1,SSEEEEEEEE
39,6,5,6,1,SS
39,7,1,7,1,ESSSSS
39,7,2,7,1,EEEEEES
39,7,3,7,1,E
39,7,4,7,1,EEE
39,7,5,7,1,S
40,1,2,1,0,EES
40,1,3,1,0,S
40,1,4,1,0,S
40,1,5,1,0,SS
40,2,1,2,1,SSES
40,2,3,2,1,SES
40,2,4,2,1,SS
40,2,5,2,1,S
40,3,1,3,1,S
40,3,2,3,1,ESS
40,3,4,3,1,S
40,3,5,3,1,ES
40,4,1,4,1,ES
40,4,2,4,1,S
40,4,3,4,1,S
40,4,4,4,1,ESEEES
40,4,5,4,1,SS
40,5,1,5,1,S
40,5,2,5,1,S
40,5,3,5,1,ESSS
40,5,4,5,1,EEES
40,5,5,5,1,SS
40,7,1,7,0,E
40,7,2,7,0,SS
40,7,4,7,0,EEEEES
40,7,5,7,0,SEES
40,11,1,11,1,SS
40,11,3,11,1,S
40,11,4,11,1,SS
40,11,5,11,1,S
41,2,1,2,1,S
41,2,2,2,1,ESSS
41,2,3,2,1,EES
41,2,4,2,1,EEEEEEES
41,2,5,2,1,SSS
42,1,1,1,0,EEEEEEEE
42,1,2,1,0,EE
42,1,4,1,0,E
42,1,5,1,0,E
42,2,1,2,1,E
42,2,2,2,1,E
42,2,3,2,1,EEE
42,2,4,2,1,EEES
42,3,1,3,1,E
42,3,3,3,1,SE
42,3,4,3,1,SSES
42,3,5,3,1,EEESEESES
42,4,1,4,1,EE
42,4,2,4,1,EEEEEEEEEEE
42,4,3,4,1,E
42,4,4,4,1,S
42,4,5,4,1,EEE
42,5,1,5,1,ESSEEEEEE
42,5,2,5,1,E
42,5,3,5,1,E
42,5,4,5,1,EEEE
42,5,5,5,1,EEEEEEEEE
43,1,1,1,1,E
43,1,2,1,1,EEEESEEEEEEEE
43,1,3,1,1,EEEESEEEEEEE
43,1,4,1,1,EEES
43,1,5,1,1,EEEEEEEEE
43,4,1,4,0,EEEEEE
43,4,2,4,0,SEEE
43,4,3,4,0,EEEEESEEESEEEEE
43,4,4,4,0,EES
43,4,5,4,0,SE
43,5,1,5,1,SE
43,5,2,5,1,ESSES
43,5,3,5,1,EE
43,5,4,5,1,EE
43,5,5,5,1,S
43,6,1,6,0,EEEEEEEEEEEESE
43,6,2,6,0,SEEEEESSEEEEE
43,6,3,6,0,EEEEEEEEEEEEEEEEEEEEEEESEEE
43,6,4,6,0,EEE
43,6,5,6,0,ES
43,10,1,10,0,EEEEEESE
43,10,2,10,0,EEEEESEE
43,10,3,10,0,EE
43,10,5,10,0,EEE
43,12,1,12,1,EEEEEEE
43,12,2,12,1,E
43,12,3,12,1,EEEEEEEEEEEE
43,12,4,12,1,EEEE
43,12,5,12,1,EEEE
44,1,1,1,0,SSEES
44,1,2,1,0,S
44,1,3,1,0,S
44,1,4,1,0,EEESEEEES
44,1,5,1,0,S
44,2,1,2,0,S
44,2,2,2,0,ES
44,2,3,2,0,ES
44,2,4,2,0,EEEESS
44,2,5,2,0,SE
44,3,1,3,0,SSSSS
44,3,2,3,0,S
44,3,3,3,0,SS
44,3,4,3,0,S
44,3,5,3,0,ESEES
44,4,1,4,0,SSSS
44,4,2,4,0,S
44,4,3,4,0,SS
44,4,4,4,0,SESS
44,4,5,4,0,ESSS
44,5,1,5,0,SS
44,5,2,5,0,SS
44,5,4,5,0,EEES
44,5,5,5,0,S
44,6,1,6,0,S
44,6,2,6,0,ES
44,6,3,6,0,ES
44,6,4,6,0,SS
44,6,5,6,0,SSEES
44,7,1,7,0,E
44,7,2,7,0,S
44,7,3,7,0,EES
44,7,4,7,0,EESS
44,7,5,7,0,E
44,9,1,9,0,SS
44,9,2,9,0,SEES
44,9,3,9,0,S
44,9,4,9,0,SS
44,9,5,9,0,ESS
44,11,1,11,0,S
44,11,2,11,0,ES
44,11,3,11,0,S
44,11,4,11,0,SSES
44,11,5,11,0,S
44,12,2,12,0,ES
44,12,3,12,0,EEES
44,12,4,12,0,S
44,12,5,12,0,SS
45,4,1,4,0,SS
45,4,2,4,0,SSS
45,4,3,4,0,SSSS
45,4,4,4,0,S
45,4,5,4,0,S
45,8,1,8,0,SS
45,8,2,8,0,ES
45,8,4,8,0,E
45,8,5,8,0,EE
46,2,1,2,0,ES
46,2,2,2,0,EES
46,2,3,2,0,EES
46,2,4,2,0,EESSS
46,2,5,2,0,EEES
46,3,1,3,0,SS
46,3,2,3,0,EEES
46,3,3,3,0,SS
46,3,4,3,0,S
46,3,5,3,0,ES
46,5,1,5,0,S
46,5,2,5,0,SSEEEESSEEEEEEESEESESEESEES
46,5,3,5,0,SSES
46,5,4,5,0,EES
46,6,1,6,0,EEEESSSES
46,6,2,6,0,SES
46,6,3,6,0,S
46,6,4,6,0,ESS
46,6,5,6,0,S
46,9,1,9,0,ESSSS
46,9,3,9,0,S
46,9,4,9,0,EEESS
46,9,5,9,0,SS
46,12,1,12,0,S
46,12,2,12,0,EESS
46,12,4,12,0,ESSSSS
46,12,5,12,0,EESS
47,1,1,1,0,SE
47,1,2,1,0,S
47,1,4,1,0,EEE
47,1,5,1,0,SSSES
47,3,1,3,0,EES
47,3,2,3,0,SE
47,3,3,3,0,S
47,3,4,3,0,EESSS
47,3,5,3,0,EES
47,4,1,4,0,SS
47,4,2,4,0,SSS
47,4,3,4,0,EES
47,4,4,4,0,EE
47,4,5,4,0,EES
47,5,1,5,0,E
47,5,2,5,0,E
47,5,3,5,0,SS
47,5,4,5,0,SS
47,5,5,5,0,ES
47,6,1,6,0,EEE
47,6,2,6,0,EE
47,6,3,6,0,S
47,6,4,6,0,E
47,6,5,6,0,ES
47,8,1,8,0,EEES
47,8,2,8,0,SE
47,8,3,8,0,SSSSSE
47,8,4,8,0,SS
47,8,5,8,0,SEEES
47,10,1,10,0,ES
47,10,3,10,0,ES
47,10,5,10,0,SS
48,1,1,1,0,SS
48,1,2,1,0,E
48,1,4,1,0,E
48,1,5,1,0,EE
48,2,1,2,0,E
48,2,2,2,0,SSSSSEEE
48,2,3,2,0,EE
48,2,4,2,0,E
48,2,5,2,0,EEEE
48,3,1,3,0,EE
48,3,2,3,0,E
48,3,3,3,0,SSSSSEEESE
48,3,4,3,0,ESSSSEEEE
48,3,5,3,0,E
49,2,1,2,0,SS
49,2,2,2,0,S
49,2,3,2,0,ESS
49,2,4,2,0,S
49,2,5,2,0,S
49,4,1,4,0,EEEESE
49,4,2,4,0,ES
49,4,3,4,0,SSEESEEE
49,4,4,4,0,EEES
49,4,5,4,0,ES
49,6,1,6,0,SSEEE
49,6,2,6,0,ES
49,6,3,6,0,E
49,6,4,6,0,SSSS
49,6,5,6,0,EEEEE
50,1,1,1,0,E
50,1,2,1,0,EEEESEESEEEEESS
50,1,3,1,0,SSSE
50,1,4,1,0,SSEEEE
50,1,5,1,0,ESEEEEEEES
50,2,1,2,0,EEEEEEES
50,2,2,2,0,EES
50,2,3,2,0,EES
50,2,4,2,0,S
50,2,5,2,0,EEEEEESS
50,3,1,3,0,E
50,3,2,3,0,S
50,3,3,3,0,SE
50,3,4,3,0,EEES
50,3,5,3,0,EESSE
50,4,1,4,0,EEEEEESS
50,4,2,4,0,ES
50,4,4,4,0,E
50,4,5,4,0,E
50,5,1,5,0,EEESEEEE
50,5,3,5,0,S
50,5,4,5,0,EEES
50,5,5,5,0,EEEEEEEEEEEES
50,6,1,6,0,EESSEEEEESSSSEESEEEES
50,6,2,6,0,E
50,6,3,6,0,EEESEESSSSS
50,6,4,6,0,EES
50,6,5,6,0,ESEEEEEEESEEEEESSS
50,9,1,9,0,ES
50,9,2,9,0,EES
50,9,3,9,0,EEEEEEEEEE
50,9,4,9,0,SSEEE
50,9,5,9,0,S
51,1,1,1,0,SSS
51,1,2,1,0,SSSEESSSSS
51,1,3,1,0,ESSES
51,1,5,1,0,S
51,2,1,2,0,SSEEEEEEESEESSEEES
51,2,2,2,0,EEEESES
51,2,3,2,0,SSS
51,2,4,2,0,ESS
51,3,1,3,0,EEEEESEEEE
51,3,2,3,0,SES
51,3,4,3,0,SSS
51,3,5,3,0,S
51,4,1,4,0,EESSSS
51,4,2,4,0,EESSEEEESS
51,4,4,4,0,EEESS
51,4,5,4,0,E
51,5,1,5,0,S
51,5,2,5,0,ESSS
51,5,3,5,0,EEES
51,5,4,5,0,EEEEES
51,5,5,5,0,S
51,8,1,8,0,EESSSS
51,8,2,8,0,EESEEEESSEEEESEEES
51,8,3,8,0,SSEESS
51,8,4,8,0,SESSSSSS
51,8,5,8,0,ESSSSESEEEEES
51,9,1,9,0,ESSSSSEEES
51,9,2,9,0,SS
51,9,3,9,0,EEESSEEESSES
51,9,4,9,0,EEEEEEES
51,9,5,9,0,EEEESSEESESSS
51,11,1,11,0,ESEEEEEEEEEEEEEESSSS
51,11,2,11,0,SSESSS
51,11,3,11,0,S
51,11,4,11,0,EEEESSS
51,11,5,11,0,S
51,12,1,12,0,SSSS
51,12,2,12,0,EEES
51,12,3,12,0,SSS
51,12,4,12,0,SEEEESEEEEEEEEEEEESS
51,12,5,12,0,EEEEEEEES
52,1,2,1,0,SEEEEEE
52,1,3,1,0,SS
52,1,4,1,0,SS
52,1,5,1,0,EEE
52,2,1,2,0,SE
52,2,3,2,0,EEEEEEEEEEEEEEEEEEESSE
52,3,1,3,0,E
52,3,2,3,0,EEEEEEEESSSEEEEE
52,3,4,3,0,S
52,3,5,3,0,SE
52,6,1,6,0,EEEEEEEEESSS
52,6,2,6,0,EEES
52,6,3,6,0,EEE
52,6,4,6,0,EEEEEE
52,6,5,6,0,SSSEES
52,8,1,8,1,EES
52,8,2,8,1,ESSEEESEEE
52,8,3,8,1,EESEEEESSSSSEEEEEEEESEEEESSEEE
52,8,4,8,1,EE
52,10,1,10,0,EEEES
52,10,2,10,0,EEEEES
52,10,3,10,0,ESSSEEEEEEEEEEE
52,10,4,10,0,EEEEEEEEESSEEEEEEE
52,10,5,10,0,EEEEEESS
52,11,1,11,1,EEEEEEESEEEEEEEE
52,11,2,11,1,EEEEEEEEEEEEEES
52,11,3,11,1,SSSE
52,11,4,11,1,EESSSS
52,11,5,11,1,SSSEE
52,12,1,12,0,EEEEEEEEESEEEEEEEEEE
52,12,2,12,0,ESES
52,12,3,12,0,EEEEEEEEEE
52,12,5,12,0,EEEEESSEEESEEEE
53,2,3,2,0,ESSS
53,2,4,2,0,EE
53,2,5,2,0,SS
53,3,1,3,0,EE
53,3,2,3,0,EESSSS
53,3,4,3,0,E
53,3,5,3,0,EEEE
53,4,1,4,0,E
53,4,2,4,0,SEEES
53,4,3,4,0,S
53,4,4,4,0,EE
53,4,5,4,0,EEEESE
53,6,1,6,0,ES
53,6,2,6,0,ESEESEE
53,6,3,6,0,SEEEEEEE
53,6,4,6,0,EEESSS
53,6,5,6,0,E
53,8,1,8,0,EEEEEEEESEE
53,8,2,8,0,EEESEE
53,8,3,8,0,EEEEEE
53,8,4,8,0,SESEESEEESS
53,8,5,8,0,ESEES
53,9,1,9,0,EE
53,9,2,9,0,EEEEESS
53,9,3,9,0,SES
53,9,4,9,0,EEEE
53,9,5,9,0,SSSSSSSE
53,10,1,10,0,EESSS
53,10,2,10,0,SS
53,10,3,10,0,SEEEEEEEESSEEEEESESESEEEEEEEEE
53,10,4,10,0,EEEESSSSEESSSSSSSSEEES
53,10,5,10,0,SE
53,12,1,12,0,ES
53,12,2,12,0,EEEEE
53,12,3,12,0,EEEEEEEEEE
53,12,4,12,0,E
53,12,5,12,0,EESEEEEES
54,1,1,1,0,ESS
54,1,2,1,0,E
54,1,4,1,0,ESESSSSSS
54,1,5,1,0,E
54,2,1,2,0,S
54,2,2,2,0,SSS
54,2,4,2,0,ESS
54,2,5,2,0,SSES
54,4,1,4,0,EEE
54,4,2,4,0,S
54,4,3,4,0,SSES
54,4,4,4,0,ESS
54,4,5,4,0,E
54,5,1,5,0,EEE
54,5,2,5,0,EES
54,5,3,5,0,SESS
54,5,5,5,0,ES
55,2,1,2,0,S
55,2,2,2,0,EESEE
55,2,3,2,0,SS
55,2,4,2,0,SS
55,2,5,2,0,EEE
55,3,1,3,0,EESSS
55,3,2,3,0,S
55,3,3,3,0,EEEES
55,3,4,3,0,SSS
55,3,5,3,0,E
56,1,2,1,0,S
56,1,4,1,0,EESS
56,2,1,2,0,SSSESES
56,2,2,2,0,EE
56,2,5,2,0,S
56,3,1,3,0,ESS
56,3,2,3,0,ES
56,3,3,3,0,E
56,3,4,3,0,ES
56,3,5,3,0,S
56,4,1,4,0,EESSSS
56,4,2,4,0,S
56,4,3,4,0,E
56,4,4,4,0,S
56,4,5,4,0,EESS
56,5,1,5,0,ES
56,5,2,5,0,EE
56,5,3,5,0,ES
56,5,4,5,0,E
56,5,5,5,0,S
56,6,1,6,0,S
56,6,3,6,0,EESSS
56,6,4,6,0,EES
56,6,5,6,0,EEEES
57,3,1,3,0,EEEEEE
57,3,3,3,0,SSSS
57,3,4,3,0,EE
57,3,5,3,0,E
57,4,1,4,0,E
57,4,2,4,0,E
57,4,3,4,0,SSSESEEEEEESS
57,4,4,4,0,EEE
57,11,1,11,0,S
57,11,2,11,0,EEEEEEEE
57,11,3,11,0,EE
57,11,4,11,0,EEE
57,11,5,11,0,EEE
58,1,1,1,0,S
58,1,2,1,0,S
58,1,3,1,0,EES
58,1,4,1,0,S
58,1,5,1,0,SEE
58,2,1,2,0,E
58,2,2,2,0,SES
58,2,3,2,0,ESES
58,2,4,2,0,EESSS
58,2,5,2,0,EES
58,4,1,4,0,SSS
58,4,2,4,0,S
58,4,3,4,0,SESES
58,4,4,4,0,EES
58,4,5,4,0,ES
58,5,2,5,0,SSS
58,5,3,5,0,EES
58,5,4,5,0,SSS
58,5,5,5,0,ES
58,6,1,6,0,SS
58,6,2,6,0,S
58,6,3,6,0,SS
58,6,4,6,0,EESS
58,6,5,6,0,S
58,7,1,7,0,S
58,7,2,7,0,S
58,7,3,7,0,SSS
58,7,4,7,0,ES
58,7,5,7,0,ESEEES
58,8,1,8,0,EEES
58,8,3,8,0,EES
58,8,4,8,0,ESEEESS
58,8,5,8,0,EEEES
58,9,1,9,0,ESSSSS
58,9,2,9,0,S
58,9,3,9,0,ES
58,9,4,9,0,S
58,9,5,9,0,EEESS
58,10,1,10,0,SEEES
58,10,2,10,0,S
58,10,3,10,0,SESSS
58,10,4,10,0,ESES
58,10,5,10,0,S
58,12,1,12,0,EESSS
58,12,3,12,0,EES
58,12,4,12,0,SSSS
58,12,5,12,0,SS
59,1,2,1,0,EEES
59,1,3,1,0,S
59,1,4,1,0,SEEEESEE
59,2,1,2,0,SSS
59,2,2,2,0,ESSS
59,2,4,2,0,S
59,3,1,3,0,S
59,3,2,3,0,SS
59,3,3,3,0,S
59,3,4,3,0,ESS
59,3,5,3,0,S
59,4,1,4,0,S
59,4,2,4,0,SSES
59,4,3,4,0,S
59,4,4,4,0,EEEEEESS
59,4,5,4,0,EESSES
59,5,1,5,0,SS
59,5,2,5,0,EEES
59,5,3,5,0,S
59,5,4,5,0,EEEE
59,5,5,5,0,S
59,6,1,6,0,S
59,6,3,6,0,ES
59,6,4,6,0,EEES
59,6,5,6,0,S
59,7,1,7,0,ESSESSSSES
59,7,2,7,0,EEES
59,7,3,7,0,S
59,7,4,7,0,SS
59,7,5,7,0,SEES
59,8,1,8,0,ES
59,8,2,8,0,EEEESSS
59,8,3,8,0,ESS
59,8,4,8,0,S
59,8,5,8,0,EEEEES
59,10,1,10,0,S
59,10,2,10,0,S
59,10,4,10,0,EES
59,10,5,10,0,ES
59,11,1,11,0,EES
59,11,3,11,0,ESESS
59,11,4,11,0,ES
59,11,5,11,0,S
59,12,1,12,0,SSS
59,12,2,12,0,E
59,12,3,12,0,S
59,12,4,12,0,ESSES
59,12,5,12,0,EESS
60,1,1,1,0,EEESSS
60,1,2,1,0,S
60,1,3,1,0,EEEEES
60,1,4,1,0,SEE
60,1,5,1,0,EES
60,3,1,3,0,S
60,3,2,3,0,S
60,3,3,3,0,EES
60,3,4,3,0,ESSSSSSSSSS
60,3,5,3,0,EES
60,4,1,4,0,EEEE
60,4,2,4,0,EEES
60,4,3,4,0,ESSEEEEEES
60,4,4,4,0,EEESESSEEEEEEESESSSSS
60,4,5,4,0,ESSES
60,5,1,5,0,EEEEEEES
60,5,2,5,0,EEEES
60,5,3,5,0,EEE
60,5,4,5,0,EES
60,6,1,6,0,EE
60,6,2,6,0,EEEEESS
60,6,3,6,0,ES
60,6,4,6,0,ESS
60,6,5,6,0,ES
60,8,1,8,0,S
60,8,2,8,0,EEEEESS
60,8,3,8,0,ESSSEE
60,8,4,8,0,EESEEEEEEEES
60,8,5,8,0,EEEEESEEEEEEEEESSSEEEES
60,10,1,10,0,EEEESSES
60,10,2,10,0,EEEEES
60,10,3,10,0,S
60,10,4,10,0,SSSS
60,10,5,10,0,ESS
60,11,1,11,0,EEEEESS
60,11,2,11,0,EESS
60,11,3,11,0,SES
60,11,4,11,0,SEEEEES
60,12,1,12,0,SES
60,12,2,12,0,SEEEEEES
60,12,3,12,0,EEEEEEEEESSEESEEEEESSSS
60,12,4,12,0,EEESS
60,12,5,12,0,S
61,1,1,1,0,SEEEESS
61,1,2,1,0,S
61,1,3,1,0,ESSSEEESSSSEEESSSSE
61,1,4,1,0,S
61,1,5,1,0,ES
61,2,1,2,0,EESESS
61,2,4,2,0,ESSS
61,2,5,2,0,SS
61,3,1,3,0,S
61,3,2,3,0,SESS
61,3,3,3,0,S
61,3,4,3,0,E
61,3,5,3,0,S
61,4,2,4,0,ESSEEEEE
61,4,3,4,0,S
61,4,4,4,0,E
61,4,5,4,0,EESS
61,5,2,5,0,S
61,5,3,5,0,ESSEESSSSSS
61,5,4,5,0,SS
61,5,5,5,0,S
61,6,1,6,0,SSSE
61,6,2,6,0,ESSESEEEESEEEESS
61,6,3,6,0,S
61,6,4,6,0,EESS
61,6,5,6,0,ES
61,8,1,8,0,S
61,8,2,8,0,SS
61,8,4,8,0,SSEEEEEES
61,8,5,8,0,EEEEEEESSEE
61,10,1,10,0,EEEE
61,10,2,10,0,SES
61,10,3,10,0,SS
61,10,4,10,0,E
61,10,5,10,0,ES
61,11,1,11,0,S
61,11,2,11,0,ESS
61,11,3,11,0,ES
61,11,4,11,0,EEEE
61,11,5,11,0,ESEES
61,12,1,12,0,S
61,12,3,12,0,ESESSSS
61,12,4,12,0,ES
61,12,5,12,0,ESSES
62,1,1,1,0,SSS
62,1,2,1,0,SS
62,1,3,1,0,EE
62,1,4,1,0,SS
62,1,5,1,0,S
62,3,2,3,0,SSSEE
62,3,3,3,0,S
62,3,4,3,0,E
62,3,5,3,0,E
62,5,1,5,0,S
62,5,2,5,0,S
62,5,3,5,0,E
62,5,4,5,0,S
62,5,5,5,0,S
62,6,1,6,0,S
62,6,2,6,0,SEESESS
62,6,4,6,0,S
62,6,5,6,0,SSS
62,9,1,9,0,S
62,9,2,9,0,S
62,9,3,9,0,SES
62,9,4,9,0,ESS
62,9,5,9,0,EE
62,11,1,11,0,S
62,11,2,11,0,S
62,11,3,11,0,S
62,11,4,11,0,S
62,12,1,12,0,S
62,12,3,12,0,S
62,12,4,12,0,ESES
62,12,5,12,0,SSS
63,4,1,4,0,ES
63,4,2,4,0,ESEEE
63,4,3,4,0,SSS
63,4,4,4,0,SS
63,4,5,4,0,ES
63,5,1,5,0,ES
63,5,2,5,0,S
63,5,3,5,0,SS
63,5,4,5,0,S
63,6,1,6,0,ESEE
63,6,2,6,0,S
63,6,3,6,0,ES
63,6,4,6,0,S
63,6,5,6,0,SS
63,7,2,7,0,E
63,7,4,7,0,SS
64,1,1,1,1,E
64,1,2,1,1,EEEEEEEEEESSSEEEEE
64,1,3,1,1,S
64,1,4,1,1,EEEESESEEEEE
64,1,5,1,1,S
64,2,1,2,1,EEESEE
64,2,2,2,1,EE
64,2,3,2,1,E
64,2,4,2,1,ES
64,2,5,2,1,SSS
64,3,1,3,1,SS
64,3,2,3,1,S
64,3,3,3,1,EE
64,3,4,3,1,SS
64,3,5,3,1,SSSS
64,4,1,4,1,EEEEEEEE
64,4,2,4,1,EEEESEEEESSSS
64,4,3,4,1,SSEEES
64,4,4,4,1,EEEESSEEE
64,4,5,4,1,EEEEEEEEEEEEEEEEEEE
64,5,1,5,1,EE
64,5,2,5,1,EES
64,5,3,5,1,EEEEESS
64,5,4,5,1,EEESEEEEEE
64,5,5,5,1,EEES
64,6,1,6,1,S
64,6,2,6,1,SSEEEEEEEEEEESEEEEEEE
64,6,3,6,1,SEEE
64,6,4,6,1,SEESSS
64,6,5,6,1,EEEESEESSSEEEEE
64,7,1,7,0,E
64,7,2,7,0,SE
64,7,3,7,0,E
64,7,4,7,0,EEESE
64,7,5,7,0,EEEE
64,8,1,8,0,SSEEEEEE
64,8,2,8,0,EEEEEEEEE
64,8,3,8,0,EEEEEE
64,8,4,8,0,SSEEEEEEEES
64,8,5,8,0,EEEESEEEEE
64,9,1,9,0,EEEEEEESSESSSEEEEESEE
64,9,2,9,0,EEESEEEESEESSSEESSSEEEEEEE
64,9,4,9,0,EES
64,9,5,9,0,EEEEESEEEEEEEEESEEEE
64,10,2,10,0,SS
64,10,3,10,0,EEES
64,10,4,10,0,S
64,10,5,10,0,EEEEEEEES
65,1,1,1,0,EEEEEEESSSSSS
65,1,2,1,0,EEEEEEEEEEEEEEEE
65,1,4,1,0,EEEEE
65,1,5,1,0,EE
65,3,1,3,0,ESE
65,3,2,3,0,SESSS
65,3,3,3,0,SEES
65,3,4,3,0,EEEEEEEE
65,3,5,3,0,SE
65,4,1,4,0,E
65,4,2,4,0,EEEE
65,4,3,4,0,EEESS
65,4,4,4,0,ESSSSEEEEEEEEE
65,5,1,5,0,EES
65,5,2,5,0,EEEEEES
65,5,3,5,0,EE
65,5,4,5,0,EEEESSSE
65,5,5,5,0,EEEE
65,6,2,6,0,E
65,6,3,6,0,SEE
65,6,4,6,0,SEEEEEEEEEEEE
65,6,5,6,0,EE
65,8,2,8,0,EEEEEEEESSESSEEEEESEEEEE
65,8,3,8,0,EEEEEEEEEES
65,8,4,8,0,EEEESS
65,8,5,8,0,EEEEEEE
65,9,1,9,0,SS
65,9,2,9,0,EEE
65,9,3,9,0,EE
65,9,4,9,0,SEEEE
65,9,5,9,0,EE
66,1,1,1,0,S
66,1,2,1,0,SEEESES
66,1,3,1,0,S
66,1,4,1,0,ESS
66,1,5,1,0,E
66,2,1,2,0,S
66,2,2,2,0,EEEEEESSSEES
66,2,3,2,0,SS
66,2,4,2,0,S
66,2,5,2,0,SEEESESSS
66,3,1,3,0,S
66,3,2,3,0,SSES
66,3,3,3,0,ES
66,3,4,3,0,ES
66,3,5,3,0,SSSS
66,4,1,4,0,EESSS
66,4,2,4,0,EES
66,4,3,4,0,EESEESESEES
66,4,4,4,0,S
66,4,5,4,0,S
66,6,1,6,0,SEESES
66,6,2,6,0,SS
66,6,3,6,0,S
66,6,4,6,0,SES
66,6,5,6,0,EEEESS
66,7,1,7,0,ES
66,7,2,7,0,EESS
66,7,3,7,0,ESESEE
66,7,4,7,0,EESS
66,8,1,8,0,E
66,8,2,8,0,SS
66,8,3,8,0,EES
66,8,4,8,0,ESESS
66,9,1,9,0,ESES
66,9,2,9,0,EEESES
66,9,3,9,0,ESSEES
66,9,4,9,0,ESS
66,9,5,9,0,S
67,2,1,2,0,SSS
67,2,2,2,0,EEEESSSS
67,2,3,2,0,ESSS
67,2,4,2,0,E
67,2,5,2,0,EESSEEES
67,3,1,3,0,S
67,3,2,3,0,S
67,3,3,3,0,SSSS
67,3,4,3,0,ESSEEE
67,4,1,4,0,ESSS
67,4,2,4,0,ESS
67,4,3,4,0,EE
67,4,5,4,0,EEEEEEESSEEESS
67,5,1,5,0,S
67,5,2,5,0,SS
67,5,3,5,0,ESS
67,5,4,5,0,SSS
67,5,5,5,0,ES
67,6,1,6,0,EES
67,6,2,6,0,S
67,6,3,6,0,SSS
67,6,4,6,0,S
67,6,5,6,0,ES
67,7,2,7,0,EESSSS
67,7,3,7,0,EEES
67,7,4,7,0,SEEEEEEES
67,10,1,10,0,S
67,10,2,10,0,ESES
67,10,3,10,0,ESSEE
67,10,4,10,0,S
67,10,5,10,0,SS
67,11,2,11,0,ES
67,11,3,11,0,EEESS
67,11,4,11,0,S
67,11,5,11,0,EEESSEEESES
68,2,1,2,1,S
68,2,2,2,1,EESEEES
68,2,3,2,1,ESSS
68,2,4,2,1,S
68,2,5,2,1,S
68,3,1,3,0,SS
68,3,2,3,0,EE
68,3,3,3,0,S
68,3,4,3,0,S
68,3,5,3,0,EE
68,4,1,4,0,S
68,4,2,4,0,S
68,4,3,4,0,S
68,4,4,4,0,S
68,4,5,4,0,ES
68,5,1,5,1,S
68,5,3,5,1,SS
68,5,4,5,1,S
68,5,5,5,1,S
68,8,2,8,1,S
68,8,3,8,1,S
68,8,4,8,1,S
68,8,5,8,1,SS
68,9,1,9,0,S
68,9,2,9,0,S
68,9,3,9,0,EES
68,9,4,9,0,S
68,9,5,9,0,SS
68,10,1,10,0,S
68,10,2,10,0,S
68,10,3,10,0,S
68,10,4,10,0,ESSSS
68,10,5,10,0,ESS
69,1,1,1,0,E
69,1,2,1,0,S
69,1,3,1,0,ESS
69,1,4,1,0,ES
69,1,5,1,0,EEESSE
69,2,2,2,0,S
69,2,3,2,0,EE
69,2,4,2,0,ES
69,2,5,2,0,SEE
69,3,2,3,0,SS
69,3,3,3,0,S
69,3,4,3,0,SEEESESSSS
69,4,1,4,0,SSSSE
69,4,2,4,0,SSS
69,4,3,4,0,EEE
69,4,4,4,0,SSS
69,4,5,4,0,ES
69,5,2,5,0,EESS
69,5,3,5,0,SESES
69,5,4,5,0,S
69,5,5,5,0,SEES
69,6,1,6,0,E
69,6,2,6,0,SEESS
69,6,3,6,0,SSE
69,6,4,6,0,S
69,6,5,6,0,SEES
69,8,1,8,0,S
69,8,2,8,0,S
69,8,3,8,0,S
69,8,4,8,0,ESSS
69,8,5,8,0,E
69,9,1,9,0,ES
69,9,2,9,0,ESS
69,9,3,9,0,E
69,9,4,9,0,ESE
69,9,5,9,0,S
69,10,2,10,0,S
69,10,3,10,0,S
69,10,4,10,0,ESEEEES
69,10,5,10,0,EEEESSSE
70,1,1,1,0,SEES
70,1,2,1,0,SS
70,1,3,1,0,ES
70,1,4,1,0,SSSSEESSSS
70,1,5,1,0,S
70,2,1,2,0,SS
70,2,2,2,0,EEEES
70,2,3,2,0,EESS
70,2,4,2,0,EEEEEEEEEEESSSSSSS
70,3,1,3,0,EES
70,3,2,3,0,EEEEEES
70,3,3,3,0,SES
70,3,4,3,0,EEEES
70,3,5,3,0,SSS
70,4,1,4,0,ES
70,4,2,4,0,ES
70,4,3,4,0,EESSSSSES
70,4,4,4,0,S
70,4,5,4,0,EEE
70,5,1,5,0,SSS
70,5,2,5,0,EEEEE
70,5,3,5,0,EEESS
70,5,4,5,0,ESSSSESS
70,5,5,5,0,ESEESS
70,6,2,6,0,EEESSEEESSS
70,6,3,6,0,EEEESS
70,6,4,6,0,S
70,6,5,6,0,EES
70,7,1,7,0,EES
70,7,2,7,0,EEEEEESS
70,7,3,7,0,SS
70,7,4,7,0,S
70,7,5,7,0,EEEEEEEEEE
70,8,1,8,0,ESSEEEEESSSESSSS
70,8,2,8,0,SEEEEES
70,8,3,8,0,S
70,8,4,8,0,EESSSSSS
70,8,5,8,0,ES
70,11,1,11,0,ESSS
70,11,3,11,0,SSSSSS
70,11,4,11,0,EESEEEESEEEESSS
70,11,5,11,0,ES
70,12,1,12,0,SESES
70,12,2,12,0,EEES
70,12,3,12,0,ESSEEESESSESEEEEEEEEESS
70,12,4,12,0,SS
70,12,5,12,0,SEEESES
71,1,1,1,0,ESSSEESSS
71,1,2,1,0,SSESESSS
71,1,3,1,0,EEEES
71,1,4,1,0,SESESSSS
71,1,5,1,0,EEEEEEEEESS
71,2,1,2,0,SS
71,2,2,2,0,SSSS
71,2,3,2,0,EEESS
71,2,4,2,0,S
71,2,5,2,0,EEES
71,3,1,3,0,EEE
71,3,2,3,0,ESEESS
71,3,3,3,0,EEEESSSSES
71,3,4,3,0,EEEE
71,4,1,4,0,EESSS
71,4,2,4,0,EEE
71,4,3,4,0,EEEEEEESSSSSS
71,4,4,4,0,ESSEEEEE
71,4,5,4,0,EES
71,5,1,5,0,SESSEE
71,5,2,5,0,EEEE
71,5,3,5,0,SSEEESSEEESS
71,5,4,5,0,ES
71,5,5,5,0,EEEESS
71,6,1,6,0,EEESEEEEES
71,6,2,6,0,E
71,6,3,6,0,EEE
71,6,4,6,0,ESSEESSSS
71,6,5,6,0,E
71,7,1,7,0,EESEEEEEEEEEE
71,7,2,7,0,EEESEEEEEEESEES
71,7,3,7,0,EES
71,7,4,7,0,S
71,7,5,7,0,SSS
71,8,1,8,0,ESS
71,8,3,8,0,E
71,8,4,8,0,S
71,8,5,8,0,ES
71,9,1,9,0,S
71,9,2,9,0,EEEEE
71,9,3,9,0,SSSS
71,9,4,9,0,ESSSE
71,9,5,9,0,E
71,10,1,10,0,SSSS
71,10,2,10,0,EEES
71,10,3,10,0,S
71,10,4,10,0,ESSEEEESSESSS
71,10,5,10,0,SEEEE
72,2,1,2,0,E
72,2,2,2,0,SSSSES
72,2,3,2,0,EEE
72,2,4,2,0,EEE
72,2,5,2,0,SS
72,6,1,6,0,EE
72,6,2,6,0,SSSEE
72,6,3,6,0,E
72,6,4,6,0,EEEE
72,6,5,6,0,E
73,2,1,2,0,EEEEEESEESS
73,2,2,2,0,S
73,2,3,2,0,EEEEEEEEEEEEEEEEEEEEEESSSSEEEE
73,2,5,2,0,SEEEEESEESEEEEEEEEES
73,3,1,3,0,EESSSEESSES
73,3,2,3,0,EEEEEEEES
73,3,3,3,0,S
73,3,4,3,0,EEEEES
73,3,5,3,0,EEEEEEEEEEEEEEEEEES
73,4,1,4,0,EEESSEEEEEEESS
73,4,2,4,0,EEEEEEEEESSS
73,4,3,4,0,EE
73,4,4,4,0,ES
73,4,5,4,0,EEEEEEEEEEEEEEESEEESEES
73,5,1,5,0,EEEEEES
73,5,2,5,0,S
73,5,3,5,0,S
73,5,4,5,0,ESEEEEEEEEEEEESEE
73,5,5,5,0,EESEEEESSEEEEESEEEEEEEESSSS
73,6,1,6,0,EEEEEEE
73,6,4,6,0,EEESSESS
73,6,5,6,0,SSEEEEEEEEEES
73,7,1,7,0,SSSEEESEEEEESSSS
73,7,2,7,0,ESS
73,7,3,7,0,S
73,7,4,7,0,ESSSES
73,7,5,7,0,EEEEEEEEEEEEEEEEEEEEEESSESEEEE
73,8,1,8,0,EEEEESEEEEEEEESS
73,8,2,8,0,EEEES
73,8,3,8,0,EEEEEESS
73,8,4,8,0,EEEESEEEEEESSS
73,8,5,8,0,EEEEEEEEESES
73,11,2,11,0,EEEEEEEEEEEEEEEEEEES
73,11,3,11,0,EEEEESESSEEEEEEEEEEEEEESSS
73,11,4,11,0,SS
73,11,5,11,0,EESS
73,12,1,12,0,S
73,12,2,12,0,EE
73,12,3,12,0,S
73,12,4,12,0,ES
73,12,5,12,0,EEE
74,1,1,1,0,EEES
74,1,2,1,0,S
74,1,4,1,0,SS
74,1,5,1,0,S
74,2,1,2,0,EESSEE
74,2,2,2,0,S
74,2,3,2,0,S
74,2,4,2,0,ES
74,2,5,2,0,S
74,4,1,4,0,SS
74,4,2,4,0,SE
74,4,3,4,0,E
74,4,4,4,0,S
74,4,5,4,0,ES
74,5,1,5,0,SSS
74,5,3,5,0,S
74,5,4,5,0,SS
74,5,5,5,0,SES
74,8,1,8,0,SS
74,8,2,8,0,EE
74,8,3,8,0,ES
74,8,5,8,0,ESSS
74,9,1,9,0,SS
74,9,2,9,0,E
74,9,3,9,0,ESS
74,9,4,9,0,S
74,9,5,9,0,ESSS
74,10,1,10,0,E
74,10,2,10,0,SESS
74,10,3,10,0,ES
74,10,4,10,0,ESS
74,10,5,10,0,EEE
74,11,1,11,0,EE
74,11,2,11,0,E
74,11,3,11,0,SSSS
74,11,4,11,0,ES
74,11,5,11,0,S
75,1,1,1,0,EEEEEEEEESS
75,1,2,1,0,ESSSSSS
75,1,3,1,0,EEEEEEEES
75,1,4,1,0,EEEEESEEESS
75,1,5,1,0,EEEEEEEEEEEESEEEEESS
75,2,1,2,0,EEEEE
75,2,2,2,0,EEEEEEEEEEEEEEEEEESS
75,2,4,2,0,SS
75,2,5,2,0,EESEEES
75,3,1,3,0,EES
75,3,2,3,0,EEEEEEESEEESSS
75,3,3,3,0,ESSSEEEEEEEEESSSSEEEEEESSS
75,3,4,3,0,EEEEE
75,3,5,3,0,SSES
75,4,1,4,0,EEEEES
75,4,2,4,0,SEEEEEEEEEEEEEEESSSEESS
75,4,3,4,0,SSS
75,4,4,4,0,EEEEEEESEEEEES
75,4,5,4,0,SEEEEEEESS
75,5,1,5,0,ESESEEEEEEEEEEEESS
75,5,2,5,0,EEEES
75,5,3,5,0,S
75,5,4,5,0,SEESS
75,5,5,5,0,EEEEESEEEEEEEEEEEEEEEEEES
75,6,1,6,0,S
75,6,2,6,0,ES
75,6,3,6,0,EEESEEEEEES
75,6,4,6,0,EEEEEEE
75,6,5,6,0,ESSSSSEESSEE
75,8,1,8,0,E
75,8,3,8,0,ESSS
75,8,4,8,0,ESEEEES
75,8,5,8,0,EEESSSEEEEEEEEEES
75,11,1,11,0,SEEEES
75,11,2,11,0,EESESEEEEES
75,11,3,11,0,SEESSEEEEESSSEEESS
75,11,5,11,0,EESEEEEEEESSS
75,12,1,12,0,EEEEEEEEEESEEEEESSEEEEEEESSEEE
75,12,2,12,0,EEEEEEESEEEEEEEESES
75,12,3,12,0,SEEEE
75,12,4,12,0,SSS
75,12,5,12,0,EEEEEEEE
76,1,1,1,0,ESS
76,1,2,1,0,EEES
76,1,3,1,0,EEE
76,1,4,1,0,EEESSSEEE
76,1,5,1,0,SSE
76,2,1,2,0,ES
76,2,2,2,0,EEEEEEEEEEEE
76,2,3,2,0,EEES
76,2,4,2,0,ESS
76,2,5,2,0,ES
76,3,1,3,0,SSS
76,3,2,3,0,SS
76,3,3,3,0,EEEEESSSSSS
76,3,4,3,0,SSS
76,3,5,3,0,S
76,4,1,4,0,EESEESSS
76,4,2,4,0,ESSSEEEES
76,4,3,4,0,EESSSSSEEEES
76,4,4,4,0,EEEE
76,4,5,4,0,S
76,5,1,5,0,EESSS
76,5,2,5,0,ESSS
76,5,3,5,0,SEEEEESSSSESSEEEEESSS
76,5,4,5,0,SEEEEEEEEE
76,5,5,5,0,ES
76,6,1,6,0,ESS
76,6,4,6,0,EEEEEEEESESSEEEEEEESSS
76,6,5,6,0,EEEESEEEEEEES
76,8,1,8,0,EEESESS
76,8,2,8,0,SEEEEEESSSSES
76,8,3,8,0,EEEEESS
76,8,4,8,0,EEEEES
76,8,5,8,0,SES
76,9,2,9,0,EEEEESSEEEEEEEEEESSEESS
76,9,3,9,0,ESSS
76,9,4,9,0,SEEEESS
76,11,1,11,0,EEESS
76,11,2,11,0,EEEESS
76,11,3,11,0,ESS
76,11,4,11,0,EEEEEEES
76,11,5,11,0,SEES
76,12,3,12,0,EEEE
76,12,4,12,0,E
76,12,5,12,0,SE
77,1,1,1,0,SSESSS
77,1,2,1,0,ES
77,1,3,1,0,SS
77,1,4,1,0,SS
77,1,5,1,0,SS
77,5,1,5,1,ESS
77,5,2,5,1,EESES
77,5,4,5,1,S
77,5,5,5,1,S
78,1,1,1,1,EEEEEEEESSSEEES
78,1,2,1,1,EEEEEEEE
78,1,3,1,1,EEEESEEESE
78,1,4,1,1,S
78,1,5,1,1,E
78,2,1,2,0,EEE
78,2,2,2,0,EESEEESSEEEEEEEEEEE
78,2,3,2,0,EEEEEEE
78,2,4,2,0,EEEEESSSEEEEEEEEEEEEEEEE
78,2,5,2,0,SS
78,3,1,3,1,ESSS
78,3,2,3,1,SSSSEEEEES
78,3,4,3,1,E
78,3,5,3,1,EE
78,4,1,4,1,EEEEESSEE
78,4,2,4,1,SESSE
78,4,3,4,1,ESSSESEEEE
78,4,4,4,1,EEEEEEEEEEESSEESE
78,4,5,4,1,ESSSS
78,6,1,6,0,EEE
78,6,2,6,0,EEEEEEE
78,6,3,6,0,SE
78,6,4,6,0,S
78,8,1,8,1,ESSS
78,8,2,8,1,SSSSSS
78,8,3,8,1,EEEEESSS
78,8,5,8,1,EEEE
78,10,1,10,0,ES
78,10,2,10,0,EEEEEEESSESSEEESSEEEEEEEEEEEES
78,10,3,10,0,ES
78,10,4,10,0,ESEEE
78,10,5,10,0,SEEEEEE
78,11,1,11,1,EEE
78,11,2,11,1,S
78,11,3,11,1,ESS
78,11,4,11,1,SEEEEE
78,11,5,11,1,EEEEESEEEEEEESSESSEEE
79,1,1,1,0,EEESESS
79,1,2,1,0,ESES
79,1,3,1,0,ESSEEEES
79,1,4,1,0,EESEEESSS
79,2,1,2,0,S
79,2,2,2,0,E
79,2,3,2,0,SEESESEEES
79,2,4,2,0,SS
79,2,5,2,0,ES
79,3,2,3,0,SSEEESSEEEEES
79,3,3,3,0,S
79,3,4,3,0,ESSS
79,4,1,4,0,S
79,4,2,4,0,EEEEEEEESESSSSS
79,4,3,4,0,EE
79,4,4,4,0,SEEESEEEEES
79,5,1,5,0,ESSEESEESSEESSSSS
79,5,2,5,0,EESEESSEEEEEEES
79,5,4,5,0,EEES
79,5,5,5,0,EEEEEES
79,6,1,6,0,S
79,6,2,6,0,EESSSESS
79,6,3,6,0,ESSS
79,6,4,6,0,S
79,6,5,6,0,EEES
79,8,2,8,0,S
79,8,3,8,0,EEES
79,8,4,8,0,ES
79,8,5,8,0,S
79,9,1,9,0,SS
79,9,2,9,0,EEEES
79,9,3,9,0,S
79,9,4,9,0,S
79,9,5,9,0,S
79,10,2,10,0,SS
79,10,3,10,0,EEEES
79,10,4,10,0,EEES
79,10,5,10,0,E
79,11,1,11,0,EEEES
79,11,2,11,0,EEEEEESS
79,11,3,11,0,SS
79,11,5,11,0,EEESS
80,1,1,1,0,EEES
80,1,2,1,0,EEEESS
80,1,3,1,0,S
80,1,4,1,0,EESEEEEEEEEEEEEEEEEESSE
80,1,5,1,0,EESSEEESS
80,2,1,2,0,EE
80,2,2,2,0,ES
80,2,3,2,0,SEESSSSSES
80,2,4,2,0,ES
80,2,5,2,0,ES
80,3,1,3,0,EEEESSESSESEEEEEEE
80,3,3,3,0,EEEEEEESEES
80,3,4,3,0,ESS
80,3,5,3,0,EEE
80,4,1,4,0,S
80,4,2,4,0,EESESEESSSEEEES
80,4,3,4,0,SS
80,4,4,4,0,EEEEE
80,4,5,4,0,EE
80,5,1,5,0,SEEEEEEEEES
80,5,2,5,0,EES
80,5,3,5,0,EEEEEEE
80,5,5,5,0,S
80,8,1,8,0,ESEEESEESSSE
80,8,2,8,0,EES
80,8,3,8,0,ES
80,8,4,8,0,EEE
80,8,5,8,0,EEEES
80,9,1,9,0,EEEEEEEE
80,9,2,9,0,SEEE
80,9,3,9,0,S
80,9,4,9,0,ESSS
80,9,5,9,0,EEES
80,11,1,11,0,EEEEEEEEEE
80,11,2,11,0,S
80,11,3,11,0,SES
80,11,4,11,0,ESS
80,11,5,11,0,SESS
81,1,1,1,0,EES
81,1,2,1,0,ESSSEESSSSS
81,1,3,1,0,SSEEEEESEEEEEEEEESEE
81,1,4,1,0,ES
81,1,5,1,0,SS
81,2,1,2,0,SE
81,2,2,2,0,SEEES
81,2,3,2,0,EES
81,2,4,2,0,EEES
81,2,5,2,0,EEEEEE
81,3,1,3,0,S
81,3,2,3,0,S
81,3,3,3,0,EEEESEEEESS
81,3,4,3,0,SSS
81,3,5,3,0,EEEEEESS
81,4,1,4,0,EEEEEEEE
81,4,3,4,0,EEESEEEEEESE
81,4,4,4,0,EESEEEEEEESEEEES
81,4,5,4,0,S
81,6,1,6,0,ESEEEE
81,6,2,6,0,EE
81,6,3,6,0,EEESE
81,6,4,6,0,ES
81,6,5,6,0,EEEEEEEES
81,8,2,8,0,SS
81,8,3,8,0,SEEEESSSSEEE
81,8,4,8,0,S
81,8,5,8,0,E
81,10,1,10,0,SEESSSEEE
81,10,2,10,0,SEEEESS
81,10,3,10,0,S
81,10,4,10,0,SS
81,10,5,10,0,E
81,11,2,11,0,S
81,11,3,11,0,ESSS
81,11,4,11,0,SSESE
81,11,5,11,0,S
82,2,1,2,0,EEEESS
82,2,2,2,0,EEEEEEEES
82,2,3,2,0,SSSEEEE
82,2,4,2,0,EEEEE
82,2,5,2,0,EE
82,4,1,4,0,SS
82,4,2,4,0,SEEEESSEEEEEEEEE
82,4,3,4,0,EESEEE
82,4,4,4,0,ES
82,4,5,4,0,EEEESEEESS
82,5,2,5,0,SSSE
82,5,3,5,0,SEEEESEEEEEEEEEEEEESS
82,5,4,5,0,E
82,5,5,5,0,SEE
82,6,1,6,0,EES
82,6,2,6,0,EESEEE
82,6,3,6,0,E
82,6,4,6,0,EE
82,6,5,6,0,E
82,8,1,8,0,EEEEEE
82,8,2,8,0,EEESS
82,8,4,8,0,SSSS
82,8,5,8,0,E
83,1,1,1,0,E
83,1,2,1,0,EES
83,1,3,1,0,SES
83,1,4,1,0,ESS
83,1,5,1,0,EE
83,2,1,2,0,ES
83,2,2,2,0,S
83,2,3,2,0,SS
83,2,4,2,0,ES
83,2,5,2,0,S
83,3,1,3,0,ESS
83,3,2,3,0,ES
83,3,3,3,0,ESSSSSEES
83,3,4,3,0,EE
83,3,5,3,0,S
83,4,1,4,0,E
83,4,2,4,0,SS
83,4,3,4,0,S
83,4,4,4,0,EESEEEESEEEEEES
83,4,5,4,0,SES
83,6,1,6,0,EEEEEESS
83,6,2,6,0,EESEEEEES
83,6,3,6,0,EES
83,6,4,6,0,EEEEESESEEESS
83,6,5,6,0,EES
83,7,1,7,0,S
83,7,2,7,0,EESESSS
83,7,3,7,0,SEES
83,7,4,7,0,S
83,7,5,7,0,ESS
83,8,1,8,0,ES
83,8,2,8,0,EEEEES
83,8,3,8,0,ESS
83,8,4,8,0,S
83,8,5,8,0,SS
83,10,1,10,0,EEEEES
83,10,3,10,0,SS
83,10,4,10,0,EE
83,10,5,10,0,SSES
84,1,1,1,0,SEESS
84,1,2,1,0,E
84,1,3,1,0,E
84,1,4,1,0,SSEES
84,1,5,1,0,S
84,2,1,2,0,EEE
84,2,2,2,0,SSEES
84,2,3,2,0,SS
84,2,4,2,0,E
84,2,5,2,0,EEESS
84,3,1,3,0,EEEEEES
84,3,2,3,0,EESSS
84,3,3,3,0,SSSSSSES
84,3,4,3,0,EEESSSSSESEESS
84,3,5,3,0,ESEEEESSSSS
84,4,2,4,0,SS
84,4,3,4,0,S
84,4,4,4,0,E
84,4,5,4,0,SEE
84,5,1,5,0,EEEEESEEEEES
84,5,2,5,0,EEEE
84,5,3,5,0,EEES
84,5,4,5,0,SEEEESSS
84,5,5,5,0,S
84,6,1,6,0,EEE
84,6,2,6,0,EEES
84,6,3,6,0,E
84,6,4,6,0,S
84,6,5,6,0,EESEEE
84,9,1,9,0,EESSE
84,9,2,9,0,EEESS
84,9,3,9,0,ES
84,9,4,9,0,S
84,9,5,9,0,EEEEEESS
84,11,1,11,0,EE
84,11,2,11,0,EES
84,11,3,11,0,ES
84,11,4,11,0,SS
84,11,5,11,0,S
85,1,1,1,1,E
85,1,2,1,1,SSEEEEEE
85,1,3,1,1,E
85,1,4,1,1,EEESSS
85,1,5,1,1,SSSE
85,3,1,3,0,E
85,3,3,3,0,ES
85,3,4,3,0,SEEESS
85,3,5,3,0,EEEEEESEE
85,4,1,4,1,EEEEES
85,4,2,4,1,EEES
85,4,3,4,1,ESS
85,4,4,4,1,EE
85,4,5,4,1,EES
85,7,1,7,1,E
85,7,2,7,1,EEE
85,7,3,7,1,E
85,7,4,7,1,SSSE
85,7,5,7,1,SSE
85,8,1,8,1,EESSEEE
85,8,2,8,1,E
85,8,3,8,1,EE
85,8,5,8,1,EEEE
85,9,1,9,1,S
85,9,2,9,1,E
85,9,3,9,1,ES
85,9,4,9,1,E
85,9,5,9,1,ESSSSSS
85,10,1,10,1,E
85,10,2,10,1,EEES
85,10,3,10,1,E
85,10,4,10,1,EES
85,10,5,10,1,EE
86,1,1,1,1,EEEE
86,1,2,1,1,EE
86,1,3,1,1,E
86,1,4,1,1,EEE
86,1,5,1,1,S
86,2,1,2,1,E
86,2,2,2,1,ESSSSSESESEE
86,2,3,2,1,SSEEEEESEES
86,2,4,2,1,SEEESSSSESSEEESES
86,2,5,2,1,EEEESEEEEEEE
86,3,1,3,0,SEESEE
86,3,2,3,0,EES
86,3,3,3,0,ESSSES
86,3,5,3,0,EEE
86,4,1,4,1,ESSS
86,4,2,4,1,S
86,4,3,4,1,EESS
86,4,4,4,1,S
86,4,5,4,1,EEEEEEES
86,5,1,5,1,SEESS
86,5,2,5,1,EEE
86,5,3,5,1,SEESS
86,5,4,5,1,EEEEEE
86,6,1,6,1,E
86,6,2,6,1,ESE
86,6,3,6,1,EESSSSSSEEESEEEESEEEES
86,6,4,6,1,EEE
86,6,5,6,1,ESEESSSESSS
86,7,2,7,0,ESEEEEESS
86,7,3,7,0,EEEEESSSSSSS
86,7,4,7,0,S
86,7,5,7,0,SES
86,8,1,8,1,EEEEESS
86,8,3,8,1,EEE
86,8,4,8,1,EEEEE
86,8,5,8,1,EEEEEE
87,1,1,1,0,ESEEES
87,1,2,1,0,EEEESS
87,1,3,1,0,ESEESS
87,1,4,1,0,E
87,1,5,1,0,EE
87,2,1,2,0,EEEE
87,2,2,2,0,EEEEEE
87,2,3,2,0,EEEEEEEE
87,2,5,2,0,EE
87,4,1,4,0,SEE
87,4,2,4,0,EEEEEEES
87,4,3,4,0,E
87,4,4,4,0,EEEEEEEE
87,6,1,6,0,EE
87,6,2,6,0,E
87,6,3,6,0,EEE
87,6,4,6,0,EEEEEEEEESEEEEEE
87,6,5,6,0,S
87,7,2,7,0,EEEEEEE
87,7,3,7,0,EEEEEE
87,7,4,7,0,E
87,7,5,7,0,S
87,8,1,8,0,SEEEESSEESSSSSEEEEE
87,8,2,8,0,EEEEEEEEEE
87,8,3,8,0,EEEEEESEEEEEE
87,8,4,8,0,SSS
87,8,5,8,0,EEEEEEEEEEEEEEESSS
88,1,1,1,0,S
88,1,2,1,0,ES
88,1,3,1,0,EEES
88,1,4,1,0,S
88,1,5,1,0,S
88,2,1,2,0,EEEEEEEEESSSSSEEEEESSSS
88,2,2,2,0,SE
88,2,3,2,0,EEEESS
88,2,4,2,0,SS
88,2,5,2,0,EES
88,3,1,3,1,S
88,3,2,3,1,ESSEES
88,3,3,3,1,S
88,5,1,5,1,S
88,5,2,5,1,EEEE
88,5,3,5,1,ESEESSSSEE
88,5,4,5,1,SSSSEESSESESSS
88,5,5,5,1,SSEESEEES
88,6,1,6,1,EEEEE
88,6,2,6,1,EEES
88,6,3,6,1,EEEEESE
88,6,4,6,1,S
88,6,5,6,1,EEEES
88,8,1,8,1,ESSS
88,8,2,8,1,SEEESSSEEEEEEEEE
88,8,3,8,1,SSS
88,8,4,8,1,ESSS
88,8,5,8,1,SSSESEEEEESSEEEEESEES
88,9,1,9,0,EEEEE
88,9,2,9,0,E
88,9,4,9,0,EESSEE
88,9,5,9,0,SSSEES
88,10,1,10,0,EEES
88,10,2,10,0,EES
88,10,3,10,0,SSSS
88,10,4,10,0,SSESESSSEEEEEEEEEEEEEES
88,10,5,10,0,EESSES
88,12,1,12,1,SS
88,12,2,12,1,ES
88,12,3,12,1,EEEEESSESS
88,12,5,12,1,ESSEEESEEEEES
89,2,1,2,0,EES
89,2,2,2,0,ESES
89,2,3,2,0,ESESS
89,2,4,2,0,SSS
89,2,5,2,0,EEEE
89,4,1,4,0,S
89,4,2,4,0,S
89,4,3,4,0,EESSESES
89,4,4,4,0,EESS
89,4,5,4,0,SS
89,5,1,5,0,S
89,5,2,5,0,EEESESSSES
89,5,3,5,0,EESEESS
89,5,4,5,0,S
89,5,5,5,0,S
89,11,2,11,0,SS
89,11,3,11,0,ESS
89,11,4,11,0,ES
89,11,5,11,0,ESSE
90,1,1,1,0,EEEEE
90,1,2,1,0,EEEESS
90,1,3,1,0,S
90,1,4,1,0,EESS
90,1,5,1,0,SSSS
90,2,1,2,1,SSSSEESSE
90,2,2,2,1,SS
90,2,3,2,1,EES
90,2,4,2,1,S
90,2,5,2,1,EEES
90,3,1,3,1,SS
90,3,2,3,1,SS
90,3,3,3,1,S
90,3,5,3,1,EE
90,4,2,4,0,S
90,4,3,4,0,EESSS
90,4,4,4,0,EES
90,4,5,4,0,ESSS
90,5,1,5,1,SS
90,5,2,5,1,SSSE
90,5,3,5,1,S
90,5,4,5,1,E
90,5,5,5,1,S
91,2,1,2,1,EEEEEEEE
91,2,2,2,1,EEE
91,2,4,2,1,E
91,2,5,2,1,SSS
91,5,1,5,0,E
91,5,2,5,0,EEEE
91,5,3,5,0,EESSEEE
91,5,4,5,0,SSE
91,5,5,5,0,E
92,1,1,1,0,S
92,1,2,1,0,ESSEEEEE
92,1,3,1,0,EEESS
92,1,4,1,0,SS
92,1,5,1,0,SS
92,2,1,2,0,SSEES
92,2,2,2,0,EEEEES
92,2,3,2,0,SEE
92,2,4,2,0,EEE
92,2,5,2,0,SESEEE
92,3,1,3,0,S
92,3,2,3,0,EEEEEESES
92,3,3,3,0,EEEE
92,3,4,3,0,EES
92,3,5,3,0,SEEESEEEEEEE
92,4,1,4,0,SSEEEESS
92,4,2,4,0,EEESS
92,4,3,4,0,E
92,4,4,4,0,EEEEESEEEEEEEEEESSSSESSS
92,4,5,4,0,ESEEE
92,5,1,5,0,SSES
92,5,2,5,0,EE
92,5,4,5,0,EESEEE
92,5,5,5,0,SSSSEEEEEEESSSS
92,6,1,6,0,EEEEEEEEESSEEESS
92,6,2,6,0,EEEESSSEEEEES
92,6,3,6,0,EEEEEEESEEEEE
92,6,4,6,0,S
92,6,5,6,0,EEESS
92,11,2,11,0,EEES
92,11,3,11,0,EEE
92,11,4,11,0,EEEEESSSEE
92,11,5,11,0,EE
93,1,1,1,0,EEEEEESSEEEEEEEEEEEEEEEEEEEEEE
93,1,2,1,0,EEEE
93,1,3,1,0,ESEEEEEEE
93,1,4,1,0,EEEE
93,1,5,1,0,EEEEEE
93,2,1,2,0,SEE
93,2,2,2,0,EEEEEEEEEEE
93,2,3,2,0,EEEE
93,2,4,2,0,E
93,2,5,2,0,E
93,3,1,3,0,EEEEEEEEEEEEEEEEEE
93,3,2,3,0,ES
93,3,3,3,0,EEE
93,3,4,3,0,EEEESSEEEEEEEEEEEEEE
93,3,5,3,0,SSEEEEEE
93,4,1,4,0,EEEEEEEEEEEEEEEESEEEE
93,4,2,4,0,EEEEEEEE
93,4,3,4,0,EEEEESES
93,4,4,4,0,EEEEEEEEEESSS
93,4,5,4,0,EEEESEE
93,5,1,5,0,S
93,5,2,5,0,EEESEEEEEEEEEEE
93,5,3,5,0,E
93,5,4,5,0,EEEEEEEEEEEE
93,6,1,6,0,SSSEEEEEEE
93,6,2,6,0,SSSSEE
93,6,3,6,0,EEEE
93,6,4,6,0,EEEEEEEEEEEESS
93,6,5,6,0,SEEEES
93,12,1,12,0,EEEESEEEE
93,12,2,12,0,EESE
93,12,4,12,0,EEEEEEEEEEE
93,12,5,12,0,EEEEEEEEEEEEEEEEEEEEEEEEEEEEEE
94,1,1,1,1,EEESEEEEEES
94,1,2,1,1,S
94,1,3,1,1,EESSSSSESEEESS
94,1,4,1,1,EESS
94,1,5,1,1,EEEEESSSEEEEEESS
94,2,1,2,0,SEESSEEESESS
94,2,2,2,0,SS
94,2,3,2,0,ESS
94,2,4,2,0,SS
94,2,5,2,0,EEEEEESSSSSSSS
94,3,1,3,1,EESS
94,3,2,3,1,SS
94,3,3,3,1,EEEEES
94,3,4,3,1,EES
94,3,5,3,1,SSS
94,4,1,4,1,E
94,4,2,4,1,E
94,4,3,4,1,ESS
94,4,4,4,1,SSSESSS
94,4,5,4,1,EES
94,5,1,5,0,EEESEESEEEES
94,5,2,5,0,EEE
94,5,4,5,0,EEEES
94,5,5,5,0,EESESSS
94,6,1,6,1,S
94,6,2,6,1,EESS
94,6,3,6,1,S
94,6,4,6,1,EESSESEESEES
94,6,5,6,1,EEES
94,8,1,8,0,EES
94,8,2,8,0,EEE
94,8,3,8,0,EESSS
94,8,4,8,0,EEEEEEEEEEES
94,8,5,8,0,EESS
94,9,1,9,0,EEEEEES
94,9,2,9,0,ES
94,9,3,9,0,ESSSSEEEESSS
94,9,4,9,0,ESEE
94,9,5,9,0,SEESSSEEEEES
94,10,1,10,0,EEEEEEEEEEES
94,10,2,10,0,ESS
94,10,3,10,0,E
94,10,4,10,0,SSS
94,10,5,10,0,ESES
94,11,1,11,0,SES
94,11,2,11,0,EEEES
94,11,3,11,0,S
94,11,4,11,0,EESSSSS
94,11,5,11,0,ES
94,12,1,12,1,SEEESS
94,12,2,12,1,ESEEEEESSSEES
94,12,3,12,1,EEEEESS
94,12,4,12,1,S
94,12,5,12,1,EEEEEEESSS
95,1,1,1,0,E
95,1,2,1,0,EEEEEEESS
95,1,3,1,0,SESSESS
95,1,4,1,0,ES
95,1,5,1,0,SEEEESS
95,2,1,2,0,EEEE
95,2,2,2,0,ESSS
95,2,3,2,0,EESS
95,2,4,2,0,EEEEE
95,2,5,2,0,EEESS
95,3,1,3,0,EE
95,3,2,3,0,EEESE
95,3,3,3,0,EEE
95,3,4,3,0,S
95,3,5,3,0,ESESSEEEEESSEES
95,5,1,5,0,EEESS
95,5,2,5,0,S
95,5,3,5,0,SSSSSS
95,5,4,5,0,S
95,5,5,5,0,S
95,7,1,7,0,SESEESESS
95,7,4,7,0,EE
95,8,1,8,0,EEEESE
95,8,2,8,0,EEES
95,8,3,8,0,ES
95,8,4,8,0,EE
95,8,5,8,0,S
96,1,1,1,0,EEEEESEES
96,1,2,1,0,EEEEESSESES
96,1,3,1,0,SS
96,1,4,1,0,EEESESE
96,2,1,2,0,SSSES
96,2,3,2,0,S
96,2,4,2,0,EE
96,2,5,2,0,EEEESS
96,4,1,4,0,EEEE
96,4,3,4,0,E
96,4,5,4,0,S
96,5,1,5,0,SEEESSESSEESSS
96,5,2,5,0,S
96,5,3,5,0,ESSEEEEEES
96,5,4,5,0,SS
96,5,5,5,0,ESS
96,6,1,6,0,ESSEESEEESES
96,6,2,6,0,EES
96,6,3,6,0,S
96,6,4,6,0,SES
96,9,1,9,0,ESSEEEES
96,9,2,9,0,SSS
96,9,3,9,0,SS
96,9,5,9,0,EESSEEEE
96,10,2,10,0,EEESS
96,10,3,10,0,E
96,10,4,10,0,EEESEESEEEEES
97,1,1,1,0,EESES
97,1,2,1,0,EESS
97,1,3,1,0,EEES
97,1,4,1,0,S
97,1,5,1,0,SSS
97,2,1,2,0,EESS
97,2,2,2,0,EESSS
97,2,3,2,0,SS
97,2,4,2,0,SSSS
97,3,1,3,0,S
97,3,3,3,0,EEESSEEEEEEES
97,3,4,3,0,S
97,3,5,3,0,S
97,4,1,4,0,S
97,4,2,4,0,ESS
97,4,3,4,0,ES
97,4,4,4,0,S
97,4,5,4,0,SSES
97,5,1,5,0,EEEEES
97,5,3,5,0,ES
97,5,4,5,0,S
97,5,5,5,0,ES
97,6,1,6,0,S
97,6,2,6,0,SEEEES
97,6,3,6,0,EEESSES
97,6,5,6,0,SSEESS
97,7,1,7,0,SS
97,7,2,7,0,SS
97,7,3,7,0,ESS
97,7,5,7,0,EEEESEEEESSSS
97,10,1,10,0,S
97,10,2,10,0,S
97,10,3,10,0,ESS
97,10,4,10,0,SES
97,10,5,10,0,ES
97,11,1,11,0,ES
97,11,2,11,0,ES
97,11,3,11,0,S
97,11,4,11,0,S
97,11,5,11,0,EEEEEESS
97,12,1,12,0,SSSSSESESSS
97,12,2,12,0,EES
97,12,3,12,0,EESSESS
97,12,4,12,0,EES
97,12,5,12,0,S
98,2,1,2,0,EEEEEE
98,2,2,2,0,SEEESS
98,2,3,2,0,ESSE
98,2,4,2,0,SS
98,2,5,2,0,EES
98,6,1,6,0,SSSSS
98,6,3,6,0,EEE
98,6,4,6,0,EEEESSEEES
98,6,5,6,0,ES
98,9,1,9,0,SS
98,9,2,9,0,EE
98,9,3,9,0,SE
98,9,4,9,0,EEEEEEESEEEEEEEEESES
98,9,5,9,0,EESEEE
98,10,1,10,1,EEESEEEEEEE
98,10,3,10,1,E
98,10,4,10,1,E
98,10,5,10,1,EESEEESSE
99,1,1,1,0,SSSEES
99,1,2,1,0,SSSS
99,1,3,1,0,ESSSE
99,1,4,1,0,S
99,1,5,1,0,EE
99,3,1,3,0,ES
99,3,2,3,0,EESSEEEEEES
99,3,3,3,0,SESE
99,3,4,3,0,S
99,3,5,3,0,EES
99,5,1,5,0,S
99,5,2,5,0,SS
99,5,3,5,0,EES
99,5,4,5,0,ES
99,5,5,5,0,E
99,6,2,6,0,S
99,6,3,6,0,S
99,6,4,6,0,E
99,6,5,6,0,E
99,7,2,7,0,SSESS
99,7,3,7,0,EEE
99,7,4,7,0,EESESSS
99,7,5,7,0,SS
99,8,1,8,0,EESSSSS
99,8,2,8,0,SES
99,8,3,8,0,SE
99,8,4,8,0,EEE
99,8,5,8,0,EEESS
100,1,1,1,0,ESS
100,1,2,1,0,SSS
100,1,3,1,0,ES
100,1,4,1,0,S
100,1,5,1,0,S
100,2,1,2,0,EES
100,2,2,2,0,SSS
100,2,4,2,0,ES
100,2,5,2,0,ES
100,3,1,3,0,S
100,3,2,3,0,S
100,3,3,3,0,SE
100,3,4,3,0,S
100,4,1,4,0,S
100,4,2,4,0,S
100,4,3,4,0,ES
100,4,4,4,0,SSS
100,4,5,4,0,SS
100,5,1,5,0,S
100,5,2,5,0,EES
100,5,3,5,0,SSS
100,5,5,5,0,E
100,6,1,6,0,SS
100,6,2,6,0,S
100,6,3,6,0,S
100,6,4,6,0,S
100,6,5,6,0,S
100,7,1,7,0,ES
100,7,2,7,0,ES
100,7,3,7,0,SS
100,7,4,7,0,S
100,7,5,7,0,ES
100,9,1,9,0,SS
100,9,2,9,0,S
100,9,3,9,0,SES
100,9,4,9,0,SS
100,9,5,9,0,S
100,12,1,12,0,S
100,12,2,12,0,ESEES
100,12,4,12,0,EESS
100,12,5,12,0,S
101,2,1,2,0,S
101,2,2,2,0,ESESS
101,2,4,2,0,SS
101,2,5,2,0,S
101,4,1,4,0,SS
101,4,2,4,0,EESS
101,4,3,4,0,S
101,4,4,4,0,E
101,7,1,7,0,S
101,7,2,7,0,S
101,7,3,7,0,EE
101,7,4,7,0,ES
101,7,5,7,0,SSE
101,10,1,10,0,E
101,10,2,10,0,SS
101,10,3,10,0,SSSEEE
101,10,5,10,0,SS
101,12,1,12,0,SS
101,12,2,12,0,ES
101,12,3,12,0,ESS
101,12,4,12,0,SSEEE
101,12,5,12,0,SS
102,1,1,1,1,SES
102,1,2,1,1,EESE
102,1,3,1,1,ES
102,1,4,1,1,EES
102,1,5,1,1,E
102,2,1,2,0,EES
102,2,2,2,0,EEEESSSS
102,2,3,2,0,SS
102,2,4,2,0,ES
102,2,5,2,0,S
102,4,1,4,0,S
102,4,2,4,0,E
102,4,4,4,0,S
102,4,5,4,0,EEEEESE
102,5,1,5,1,EEEES
102,5,2,5,1,E
102,5,3,5,1,EES
102,5,4,5,1,SSS
102,5,5,5,1,SSS
102,7,1,7,1,S
102,7,2,7,1,EES
102,7,3,7,1,SS
102,7,4,7,1,SSES
102,7,5,7,1,S
102,9,1,9,1,ESSSSEEESSSSEE
102,9,2,9,1,EEEESS
102,9,4,9,1,ESS
102,9,5,9,1,ES
102,11,1,11,0,E
102,11,2,11,0,ES
102,11,3,11,0,SSS
102,11,5,11,0,E
103,1,1,1,0,EESSSE
103,1,2,1,0,EEEEEESSSES
103,1,3,1,0,SS
103,1,4,1,0,S
103,2,1,2,0,SS
103,2,2,2,0,EE
103,2,3,2,0,S
103,2,4,2,0,SEEES
103,2,5,2,0,EES
103,4,1,4,0,ES
103,4,2,4,0,S
103,4,3,4,0,S
103,4,4,4,0,EEEEEEESS
103,4,5,4,0,EEEES
103,5,1,5,0,EESS
103,5,2,5,0,SSSESEESEEES
103,5,3,5,0,EEES
103,5,4,5,0,SSS
103,5,5,5,0,S
103,6,1,6,0,SSSS
103,6,3,6,0,E
103,6,4,6,0,ES
103,6,5,6,0,ESESS
103,7,1,7,0,ES
103,7,2,7,0,EEEESS
103,7,3,7,0,ESES
103,7,4,7,0,EEEESS
103,7,5,7,0,SESS
103,8,1,8,0,ES
103,8,2,8,0,SESSES
103,8,3,8,0,ESS
103,8,4,8,0,S
103,8,5,8,0,EEESS
103,10,1,10,0,E
103,10,2,10,0,SSSSESE
103,10,4,10,0,SSSEEEEESSEEESESS
103,10,5,10,0,S
103,11,1,11,0,S
103,11,2,11,0,ESS
103,11,3,11,0,SS
103,11,4,11,0,SSS
103,11,5,11,0,S
105,2,1,2,0,E
105,2,2,2,0,EEES
105,2,3,2,0,EESES
105,2,4,2,0,EES
105,2,5,2,0,ES
105,3,1,3,0,S
105,3,2,3,0,SS
105,3,3,3,0,SSSS
105,3,5,3,0,ESSSS
105,4,1,4,0,SSS
105,4,2,4,0,EEEESSS
105,4,3,4,0,EESS
105,4,4,4,0,ESS
105,4,5,4,0,S
105,5,1,5,0,EEEEE
105,5,2,5,0,EEES
105,5,3,5,0,S
105,5,4,5,0,ES
105,5,5,5,0,S
105,7,1,7,0,S
105,7,2,7,0,E
105,7,3,7,0,EEEEES
105,7,4,7,0,S
105,7,5,7,0,S
105,9,1,9,0,S
105,9,2,9,0,S
105,9,4,9,0,EES
105,10,1,10,0,S
105,10,2,10,0,EES
105,10,3,10,0,EEEEEEEEEES
105,10,5,10,0,ES
105,11,2,11,0,S
105,11,3,11,0,EEESSSSE
105,11,4,11,0,EEES
105,11,5,11,0,EES
105,12,1,12,0,E
105,12,2,12,0,ES
105,12,3,12,0,SS
105,12,4,12,0,EEESSEES
106,1,1,1,0,ESSSEESESEEEEEEEEEEE
106,1,2,1,0,EEEEEEEEEEEES
106,1,3,1,0,EEEESSEEEEEES
106,1,4,1,0,ESSSEEEEESEEEESSSEES
106,1,5,1,0,EEEEESEEEEEEEEES
106,2,1,2,0,ESEEEESSEEEES
106,2,2,2,0,S
106,2,3,2,0,EE
106,2,4,2,0,EEEEEEEEEEESSS
106,2,5,2,0,ES
106,3,1,3,0,SS
106,3,2,3,0,EEEE
106,3,3,3,0,EE
106,3,4,3,0,SEESEESESS
106,3,5,3,0,EEE
106,4,1,4,1,S
106,4,2,4,1,SEEEEEEEESS
106,4,3,4,1,SSEEESSSSEEEEEEEESS
106,4,4,4,1,EEEEEEEEEEEES
106,4,5,4,1,S
106,5,2,5,0,EEEEEEEES
106,5,3,5,0,ESSEEESSEEES
106,5,4,5,0,ES
106,6,1,6,0,EEESEEEEEEEEESSS
106,6,2,6,0,EEESSESSEEEEEEES
106,6,4,6,0,SEES
106,6,5,6,0,EEEESSS
106,7,1,7,1,EEEEEEES
106,7,2,7,1,EEEES
106,7,3,7,1,EEE
106,7,4,7,1,S
106,7,5,7,1,EEEESSEEEEESS
106,8,1,8,0,S
106,8,2,8,0,EEESEEEESEEEEEESSSSSSESSSS
106,8,3,8,0,EEEEES
106,8,4,8,0,EEE
106,10,2,10,1,EEEESS
106,10,3,10,1,EESS
106,10,4,10,1,SSSEEEEEEEEESEEEEESSSSSEEEEEEE
106,10,5,10,1,EEESSSSS
106,12,1,12,0,S
106,12,2,12,0,EEEEEEEESEEEEEEESS
106,12,3,12,0,SSSEEESS
106,12,4,12,0,EEESESSSEEEEEESSEEES
106,12,5,12,0,SSESSESEEEEEEEEESESSSSSSS
107,1,1,1,0,ESSEEESSSS
107,1,2,1,0,EEEES
107,1,3,1,0,EESSS
107,1,4,1,0,SSSS
107,1,5,1,0,ES
107,3,3,3,0,EEESS
107,3,4,3,0,EEES
107,3,5,3,0,SSEEEESSSS
107,4,1,4,0,S
107,4,2,4,0,EEES
107,4,3,4,0,S
107,4,4,4,0,SS
107,4,5,4,0,EES
107,5,1,5,0,ESSESSS
107,5,2,5,0,ESEES
107,5,3,5,0,SS
107,5,4,5,0,EESESEEESEEE
107,5,5,5,0,EEES
107,6,2,6,0,EESSSS
107,6,4,6,0,SSESS
107,6,5,6,0,EEESS
107,7,1,7,0,SSS
107,7,2,7,0,EEES
107,7,3,7,0,S
107,7,4,7,0,SSEEEEES
107,7,5,7,0,S
107,8,1,8,0,EEEEEESSSSS
107,8,2,8,0,S
107,8,3,8,0,SSESSS
107,8,5,8,0,EESSEES
108,1,1,1,1,SS
108,1,2,1,1,ES
108,1,3,1,1,ES
108,1,4,1,1,EEES
108,1,5,1,1,SS
108,2,1,2,1,EESESSE
108,2,3,2,1,ESEEES
108,2,4,2,1,EEESSS
108,2,5,2,1,EES
108,4,1,4,1,ESSEEEEEESEEEES
108,4,3,4,1,SEESS
108,4,4,4,1,SS
108,4,5,4,1,ESS
108,5,1,5,0,S
108,5,2,5,0,SE
108,5,4,5,0,EEESS
108,5,5,5,0,EEES
108,6,1,6,0,SS
108,6,2,6,0,ESS
108,6,3,6,0,SSSS
108,6,4,6,0,SSS
108,6,5,6,0,SS
108,7,1,7,0,ESSS
108,7,2,7,0,EEEEEE
108,7,3,7,0,S
108,7,4,7,0,SEEES
108,7,5,7,0,EEEESSEES
108,9,1,9,0,S
108,9,2,9,0,SSSEEEEEESSEESEESEEESEEEEEEEEE
108,9,3,9,0,ES
108,9,4,9,0,SSS
108,9,5,9,0,SS
108,11,1,11,1,EE
108,11,2,11,1,SEESSESS
108,11,3,11,1,S
108,11,4,11,1,S
108,11,5,11,1,SSSSEEESS
108,12,2,12,1,SS
108,12,3,12,1,S
108,12,5,12,1,S
109,1,1,1,0,SS
109,1,2,1,0,ESSESS
109,1,4,1,0,S
109,1,5,1,0,S
109,2,1,2,0,EEE
109,2,2,2,0,ES
109,2,4,2,0,S
109,2,5,2,0,ES
109,4,2,4,0,EESSSS
109,4,3,4,0,S
109,4,4,4,0,S
109,4,5,4,0,S
109,5,1,5,0,S
109,5,2,5,0,ESEESSS
109,5,3,5,0,EEEES
109,5,4,5,0,EES
109,5,5,5,0,SESS
109,6,1,6,0,S
109,6,2,6,0,SSSS
109,6,4,6,0,EES
109,6,5,6,0,SESS
109,8,1,8,0,S
109,8,2,8,0,EES
109,8,3,8,0,SEEES
109,8,4,8,0,ESS
109,8,5,8,0,E
109,9,1,9,0,S
109,9,2,9,0,SS
109,9,3,9,0,EEE
109,9,4,9,0,S
109,11,1,11,0,ES
109,11,2,11,0,SSS
109,11,3,11,0,S
109,11,5,11,0,S
109,12,1,12,0,SEESSS
109,12,2,12,0,SEESSSSSEEES
109,12,3,12,0,S
109,12,4,12,0,ESS
109,12,5,12,0,S
110,1,1,1,0,ES
110,1,2,1,0,SSS
110,1,4,1,0,SESS
110,1,5,1,0,S
110,2,2,2,0,S
110,2,3,2,0,S
110,2,4,2,0,ES
110,2,5,2,0,S
110,3,2,3,0,S
110,3,3,3,0,S
110,3,4,3,0,S
110,3,5,3,0,SSS
110,4,1,4,0,SSSS
110,4,2,4,0,S
110,4,3,4,0,SS
110,4,4,4,0,S
110,4,5,4,0,SSS
110,5,1,5,0,S
110,5,2,5,0,S
110,5,3,5,0,ES
110,5,4,5,0,S
110,5,5,5,0,SES
110,6,1,6,0,ESES
110,6,2,6,0,S
110,6,3,6,0,EES
110,6,4,6,0,S
110,6,5,6,0,S
110,8,1,8,0,SESSS
110,8,2,8,0,S
110,8,3,8,0,SEES
110,8,5,8,0,SSS
110,9,1,9,0,S
110,9,2,9,0,S
110,9,3,9,0,ES
110,9,4,9,0,S
110,9,5,9,0,ES
110,10,1,10,0,S
110,10,2,10,0,SES
110,10,3,10,0,EES
110,10,4,10,0,S
110,10,5,10,0,S
110,11,2,11,0,SS
110,11,3,11,0,ESS
110,11,4,11,0,SSS
110,11,5,11,0,S
111,6,1,6,0,E
111,6,2,6,0,SS
111,6,3,6,0,SS
111,6,4,6,0,S
111,6,5,6,0,EE
112,1,1,1,0,S
112,1,2,1,0,S
112,1,3,1,0,S
112,1,4,1,0,SS
112,1,5,1,0,S
112,2,1,2,0,S
112,2,2,2,0,S
112,2,3,2,0,S
112,2,4,2,0,SS
112,2,5,2,0,SES
112,3,1,3,0,S
112,3,2,3,0,S
112,3,3,3,0,S
112,3,4,3,0,S
112,3,5,3,0,SS
112,5,1,5,0,S
112,5,2,5,0,S
112,5,3,5,0,S
112,5,4,5,0,S
112,5,5,5,0,S
112,6,2,6,0,ESSSSSS
112,6,3,6,0,S
112,6,4,6,0,SSS
112,7,1,7,0,S
112,7,3,7,0,EES
112,7,4,7,0,S
112,7,5,7,0,SS
112,8,1,8,0,SES
112,8,2,8,0,SS
112,8,3,8,0,ES
112,8,4,8,0,S
112,8,5,8,0,S
112,9,1,9,0,ES
112,9,2,9,0,SS
112,9,3,9,0,ES
112,9,4,9,0,S
112,9,5,9,0,S
112,11,1,11,0,S
112,11,2,11,0,ES
112,11,3,11,0,S
112,11,4,11,0,S
112,11,5,11,0,S
112,12,1,12,0,S
112,12,2,12,0,S
112,12,3,12,0,S
112,12,4,12,0,S
112,12,5,12,0,ES
113,1,1,1,0,SSS
113,1,2,1,0,EESSS
113,1,3,1,0,E
113,1,5,1,0,SEESSS
113,2,1,2,0,E
113,2,2,2,0,SS
113,2,3,2,0,EEESSE
113,2,4,2,0,S
113,2,5,2,0,E
113,4,1,4,0,S
113,4,2,4,0,S
113,4,3,4,0,SEESSS
113,4,4,4,0,ESEEESS
113,4,5,4,0,EESS
113,5,1,5,0,E
113,5,2,5,0,S
113,5,3,5,0,E
113,5,4,5,0,S
113,5,5,5,0,SS
113,6,1,6,0,SS
113,6,2,6,0,ES
113,6,3,6,0,S
113,6,4,6,0,ES
113,6,5,6,0,EESES
113,7,1,7,0,SEEESS
113,7,2,7,0,S
113,7,3,7,0,EESSSS
113,7,4,7,0,SESEESS
113,7,5,7,0,S
113,9,1,9,0,S
113,9,2,9,0,SS
113,9,3,9,0,EE
113,9,4,9,0,S
113,9,5,9,0,SEEEEEESS
113,10,1,10,0,ES
113,10,2,10,0,ES
113,10,3,10,0,S
113,10,5,10,0,EEES
113,11,1,11,0,ESES
113,11,2,11,0,EES
113,11,4,11,0,SS
113,11,5,11,0,ESEEES
113,12,1,12,0,S
113,12,2,12,0,SSEEE
113,12,3,12,0,SS
113,12,4,12,0,S
114,6,1,6,0,S
114,6,2,6,0,S
114,6,3,6,0,S
114,6,4,6,0,E
115,2,1,2,0,SS
115,2,3,2,0,S
115,2,4,2,0,SS
115,2,5,2,0,S
115,3,1,3,0,S
115,3,2,3,0,ESSS
115,3,3,3,0,SS
115,3,4,3,0,S
115,3,5,3,0,SSS
115,4,1,4,0,S
115,4,2,4,0,S
115,4,3,4,0,S
115,4,4,4,0,S
115,4,5,4,0,S
115,5,2,5,0,ES
115,5,3,5,0,S
115,5,4,5,0,S
115,5,5,5,0,S
115,6,2,6,0,SS
115,6,3,6,0,S
115,6,4,6,0,ES
115,6,5,6,0,S
115,9,1,9,0,S
115,9,2,9,0,S
115,9,3,9,0,S
115,9,4,9,0,S
115,9,5,9,0,S
115,10,1,10,0,S
115,10,2,10,0,S
115,10,3,10,0,S
115,10,4,10,0,ESS
116,1,1,1,0,ES
116,1,2,1,0,EEEESS
116,1,3,1,0,SES
116,1,4,1,0,S
116,1,5,1,0,ES
116,2,1,2,0,S
116,2,2,2,0,ESEEESSS
116,2,3,2,0,S
116,2,4,2,0,S
116,2,5,2,0,SSS
116,3,1,3,0,SS
116,3,2,3,0,EEEEEESS
116,3,3,3,0,S
116,3,4,3,0,ESS
116,3,5,3,0,S
116,4,2,4,0,S
116,4,3,4,0,ESS
116,4,4,4,0,SSES
116,4,5,4,0,SS
116,5,1,5,0,SSSSEE
116,5,2,5,0,S
116,5,3,5,0,EEES
116,5,4,5,0,ESSEEEEES
116,5,5,5,0,S
116,6,2,6,0,SES
116,6,3,6,0,ES
116,6,4,6,0,EESSESEESSS
116,6,5,6,0,S
116,7,1,7,0,EESS
116,7,2,7,0,EEESS
116,7,3,7,0,SEESS
116,7,4,7,0,S
116,7,5,7,0,SSS
116,9,1,9,0,SS
116,9,2,9,0,S
116,9,3,9,0,S
116,9,5,9,0,SEEEEEESSEESS
116,10,1,10,0,S
116,10,2,10,0,EES
116,10,3,10,0,EEESEE
116,10,4,10,0,S
116,10,5,10,0,S
116,12,1,12,0,ESES
116,12,2,12,0,E
116,12,3,12,0,EESESSE
116,12,4,12,0,SSS
116,12,5,12,0,ES
117,2,1,2,1,SSSE
117,2,2,2,1,ES
117,2,3,2,1,SSS
117,2,4,2,1,ES
117,2,5,2,1,EE
117,3,1,3,0,SSS
117,3,2,3,0,S
117,3,3,3,0,S
117,3,4,3,0,ES
117,3,5,3,0,ES
117,4,2,4,0,S
117,4,3,4,0,SS
117,4,4,4,0,S
117,4,5,4,0,SS
117,5,1,5,1,ESS
117,5,2,5,1,ESSE
117,5,3,5,1,S
117,5,4,5,1,S
117,5,5,5,1,S
117,6,1,6,1,S
117,6,2,6,1,S
117,6,3,6,1,S
117,6,4,6,1,ESS
118,2,1,2,0,SSSS
118,2,2,2,0,EES
118,2,3,2,0,S
118,2,4,2,0,ESESS
118,2,5,2,0,S
118,3,1,3,0,S
118,3,2,3,0,S
118,3,3,3,0,ES
118,3,4,3,0,SS
118,3,5,3,0,S
118,4,1,4,0,SSS
118,4,2,4,0,ES
118,4,3,4,0,S
118,4,4,4,0,EEES
118,4,5,4,0,S
118,5,1,5,0,SSSSEES
118,5,2,5,0,S
118,5,3,5,0,S
118,5,4,5,0,S
118,5,5,5,0,SESS
118,6,1,6,0,SSES
118,6,2,6,0,ESS
118,6,3,6,0,S
118,6,4,6,0,EES
118,7,1,7,0,ES
118,7,2,7,0,SSSSSSSSS
118,7,3,7,0,ES
118,7,4,7,0,EEES
118,8,1,8,0,EESS
118,8,2,8,0,S
118,8,3,8,0,ESES
118,8,4,8,0,SSSSES
118,8,5,8,0,ESSS
118,10,1,10,0,E
118,10,2,10,0,ESESSSSEEESS
118,10,3,10,0,SS
118,10,4,10,0,SSE
118,10,5,10,0,SEESS
118,11,1,11,0,ESS
118,11,2,11,0,EEEESS
118,11,4,11,0,S
118,11,5,11,0,EEESSS
118,12,2,12,0,SS
118,12,3,12,0,S
118,12,4,12,0,SS
118,12,5,12,0,ES
119,1,1,1,1,SSS
119,1,2,1,1,S
119,1,3,1,1,EES
119,1,4,1,1,S
119,1,5,1,1,EEEESSSEES
119,2,1,2,0,S
119,2,2,2,0,EES
119,2,3,2,0,ESSSS
119,2,5,2,0,S
119,3,1,3,1,SS
119,3,2,3,1,ESEEEEEEE
119,3,3,3,1,S
119,3,4,3,1,SESS
119,3,5,3,1,ES
119,5,1,5,1,SSS
119,5,2,5,1,SSEES
119,5,3,5,1,S
119,5,4,5,1,SS
119,5,5,5,1,S
119,6,1,6,1,ESESSS
119,6,2,6,1,SES
119,6,3,6,1,EES
119,6,4,6,1,ES
119,6,5,6,1,ES
119,7,1,7,0,SSES
119,7,2,7,0,SSSSS
119,7,3,7,0,SSS
119,7,4,7,0,S
119,7,5,7,0,ES
119,8,2,8,1,ESS
119,8,3,8,1,SSS
119,8,4,8,1,S
119,8,5,8,1,S
119,9,1,9,1,S
119,9,2,9,1,ESS
119,9,3,9,1,S
119,9,5,9,1,EES
119,10,2,10,0,EEEES
119,10,3,10,0,EESEE
119,10,4,10,0,ES
119,11,1,11,0,EES
119,11,2,11,0,SS
119,11,3,11,0,SSES
119,11,4,11,0,S
119,11,5,11,0,SS
119,12,1,12,1,EEEEES
119,12,2,12,1,ESSS
119,12,3,12,1,ES
119,12,4,12,1,ES
120,2,1,2,0,SSESEES
120,2,2,2,0,SES
120,2,4,2,0,S
120,2,5,2,0,S
120,7,1,7,0,ES
120,7,2,7,0,S
120,7,3,7,0,EEEEEEES
120,7,4,7,0,ESS
120,7,5,7,0,EEESESES
120,9,1,9,0,S
120,9,2,9,0,ES
120,9,3,9,0,SSSSS
120,9,4,9,0,ESSEEE
120,9,5,9,0,E
120,11,1,11,0,ESS
120,11,2,11,0,S
120,11,3,11,0,SEESSS
120,11,4,11,0,SSS
120,11,5,11,0,S
120,12,1,12,0,SSS
120,12,2,12,0,SE
120,12,3,12,0,EES
120,12,4,12,0,S
120,12,5,12,0,EESS
121,1,1,1,1,SESSESEEE
121,1,2,1,1,SEE
121,1,3,1,1,S
121,1,5,1,1,EEEEESEEEEESEES
121,2,2,2,0,SSEEES
121,2,3,2,0,SSSS
121,2,4,2,0,SEEE
121,2,5,2,0,E
121,3,1,3,0,EES
121,3,3,3,0,EEEEESSEEEEESEES
121,3,4,3,0,EESSES
121,3,5,3,0,EEEEEEEE
121,4,1,4,1,EESSEEEEE
121,4,2,4,1,EEE
121,4,3,4,1,EEE
121,4,4,4,1,S
121,4,5,4,1,EEE
121,5,1,5,0,SSS
121,5,2,5,0,EEE
121,5,3,5,0,SS
121,5,4,5,0,ESSS
121,6,1,6,0,EEESSS
121,6,2,6,0,ESEEEEEEEEES
121,6,3,6,0,ESSS
121,6,4,6,0,S
121,6,5,6,0,SSEEEE
121,11,1,11,0,EEES
121,11,2,11,0,ES
121,11,3,11,0,EEEEESSS
121,11,4,11,0,EES
121,11,5,11,0,ES
122,1,1,1,0,ES
122,1,2,1,0,S
122,1,3,1,0,EEEEEEEEEEESSSEEESEEE
122,1,5,1,0,ESESEEEE
122,2,1,2,0,SEEEEESESSEEESE
122,2,2,2,0,E
122,2,3,2,0,EES
122,2,4,2,0,EEEEESS
122,2,5,2,0,SSS
122,3,1,3,0,EEESS
122,3,2,3,0,S
122,3,3,3,0,EEEEEESES
122,3,4,3,0,SS
122,3,5,3,0,EEEESEEESS
122,4,3,4,0,EES
122,4,4,4,0,EEEEESE
122,5,1,5,0,EEEESEEESSS
122,5,2,5,0,SS
122,5,3,5,0,S
122,5,4,5,0,EEESS
122,5,5,5,0,EEE
122,7,1,7,0,EEEESEEEEEEESSSSESSSES
122,7,2,7,0,EEEEEEEEEEEEES
122,7,3,7,0,ESE
122,7,4,7,0,EEESSS
122,7,5,7,0,ESEEESSEEEEEEESSSEEEEEEEE
122,11,1,11,0,EESS
122,11,2,11,0,EEEESSSSEEEESSES
122,11,4,11,0,SEEEEESSSEEEEEESS
122,11,5,11,0,EEEESEEEEEEEESSSE
122,12,1,12,0,SSSEEEEEEE
122,12,2,12,0,EESEEESEEE
122,12,3,12,0,EES
122,12,4,12,0,SEE
122,12,5,12,0,EEES
123,3,1,3,0,EEEEEEEE
123,3,2,3,0,S
123,3,3,3,0,SSSEE
123,3,4,3,0,EE
123,3,5,3,0,E
123,4,1,4,0,EEEEESEESEE
123,4,2,4,0,EEE
123,4,3,4,0,EEEE
123,4,4,4,0,EES
123,4,5,4,0,SEEEEEESEE
123,5,1,5,0,EEEE
123,5,2,5,0,EEEEESSS
123,5,3,5,0,EEEEE
123,5,4,5,0,EEEEE
123,5,5,5,0,ESSE
123,6,1,6,0,EESSSEE
123,6,3,6,0,EE
123,6,4,6,0,ESEE
124,3,1,3,0,ES
124,3,2,3,0,E
124,3,3,3,0,ES
124,3,4,3,0,SS
124,3,5,3,0,ES
124,4,1,4,0,SS
124,4,2,4,0,ES
124,4,3,4,0,SS
124,4,5,4,0,ESSS
124,5,1,5,0,ESEEESS
124,5,2,5,0,S
124,5,3,5,0,S
124,5,4,5,0,EESS
124,6,1,6,0,S
124,6,2,6,0,S
124,6,3,6,0,S
124,6,4,6,0,S
124,6,5,6,0,EES
124,7,1,7,0,S
124,7,2,7,0,SS
124,7,3,7,0,SSSSSS
124,7,4,7,0,ESES
124,7,5,7,0,SS
124,8,1,8,0,SS
124,8,2,8,0,ES
124,8,3,8,0,EE
124,8,4,8,0,S
124,8,5,8,0,SE
124,10,1,10,0,S
124,10,2,10,0,S
124,10,3,10,0,SES
124,10,4,10,0,SS
124,10,5,10,0,SESSES
124,11,1,11,0,SSS
124,11,2,11,0,EES
124,11,3,11,0,S
124,11,4,11,0,ES
124,11,5,11,0,S
125,3,1,3,0,SE
125,3,2,3,0,ES
125,3,3,3,0,EES
125,3,5,3,0,ES
126,1,1,1,0,EEES
126,1,2,1,0,SES
126,1,3,1,0,SSESS
126,1,4,1,0,ESS
126,4,1,4,0,ESES
126,4,2,4,0,S
126,4,3,4,0,ESSS
126,4,4,4,0,SSSS
126,4,5,4,0,E
126,7,2,7,0,EEEEEEE
126,7,3,7,0,S
126,7,4,7,0,E
126,7,5,7,0,SSSSEEESS
126,10,1,10,0,ESSS
126,10,2,10,0,EE
126,10,3,10,0,S
126,10,4,10,0,S
126,10,5,10,0,S
126,12,2,12,0,EEESSS
126,12,3,12,0,ESEESES
126,12,4,12,0,SES
126,12,5,12,0,S
127,1,1,1,0,EE
127,1,2,1,0,ESS
127,1,3,1,0,ESS
127,1,4,1,0,ES
127,1,5,1,0,S
127,2,1,2,0,ESS
127,2,2,2,0,EES
127,2,3,2,0,S
127,2,4,2,0,EEESSESSSS
127,2,5,2,0,ES
127,3,1,3,0,S
127,3,2,3,0,SES
127,3,3,3,0,S
127,3,4,3,0,EE
127,3,5,3,0,SSESS
127,4,1,4,0,S
127,4,2,4,0,ESESS
127,4,3,4,0,ESESES
127,4,4,4,0,S
127,4,5,4,0,S
127,5,1,5,0,EESSEEESS
127,5,2,5,0,S
127,5,3,5,0,ESSES
127,5,4,5,0,S
127,5,5,5,0,ESESS
127,6,1,6,0,EES
127,6,2,6,0,E
127,6,3,6,0,S
127,6,4,6,0,ES
127,6,5,6,0,EESES
127,7,1,7,0,SSEEEEESS
127,7,2,7,0,EEESS
127,7,3,7,0,S
127,7,4,7,0,S
127,7,5,7,0,SS
127,8,1,8,0,S
127,8,2,8,0,SS
127,8,3,8,0,ESS
127,8,4,8,0,SS
127,9,1,9,0,ESES
127,9,2,9,0,SS
127,9,4,9,0,ES
127,9,5,9,0,SSS
127,11,1,11,0,E
127,11,2,11,0,S
127,11,3,11,0,ES
127,11,5,11,0,SS
127,12,1,12,0,S
127,12,2,12,0,SSES
127,12,4,12,0,S
127,12,5,12,0,S
128,1,1,1,0,ESESS
128,1,2,1,0,ES
128,1,3,1,0,SS
128,1,4,1,0,EESSS
128,1,5,1,0,S
128,2,1,2,0,SS
128,2,2,2,0,EESSSEEEEEESSS
128,2,3,2,0,ESS
128,2,4,2,0,ESSSEEESS
128,2,5,2,0,SSEEEEES
128,4,1,4,0,SSS
128,4,2,4,0,ESS
128,4,3,4,0,ESSS
128,4,4,4,0,SSSSEEEESSEES
128,5,1,5,0,EEES
128,5,2,5,0,S
128,5,3,5,0,SESSSSS
128,5,4,5,0,EES
128,5,5,5,0,S
128,6,1,6,0,EEE
128,6,2,6,0,SEEE
128,6,3,6,0,SS
128,6,4,6,0,SS
128,6,5,6,0,SSEES
128,8,1,8,0,ES
128,8,2,8,0,S
128,8,3,8,0,ESSEEEEEEESS
128,8,4,8,0,SESS
128,8,5,8,0,S
128,9,1,9,0,ESSS
128,9,2,9,0,EESSS
128,9,3,9,0,EEEES
128,9,4,9,0,SEESEEESEEESS
128,9,5,9,0,S
129,1,1,1,0,ES
129,1,2,1,0,SESESS
129,1,3,1,0,EESSEEEEESEEEEEEEEEEESEESSSSSE
129,1,4,1,0,ES
129,1,5,1,0,EEEE
129,2,1,2,1,SEEES
129,2,3,2,1,EESEESESS
129,2,4,2,1,EEEEEEEES
129,2,5,2,1,ESS
129,3,1,3,0,EEEESS
129,3,2,3,0,S
129,3,3,3,0,E
129,3,5,3,0,EESSSS
129,4,1,4,0,ESEESSESEES
129,4,2,4,0,S
129,4,3,4,0,S
129,4,4,4,0,ESS
129,4,5,4,0,ESSEEEEEEEESSEEESS
129,5,1,5,1,SSS
129,5,2,5,1,SESS
129,5,3,5,1,EESSSSEEEEEEESSS
129,5,4,5,1,EEEES
129,5,5,5,1,EEEEEEEEES
129,6,1,6,0,EESEEESSEEESEES
129,6,2,6,0,ES
129,6,3,6,0,SEEEESES
129,6,4,6,0,S
129,6,5,6,0,EEEEEEEEEEESSEES
129,7,1,7,1,EEEEEESSEEEES
129,7,2,7,1,EEEES
129,7,3,7,1,EEES
129,7,4,7,1,ESSES
129,8,1,8,0,EEEESESEEESSESSSSSSEEEEEEEEESS
129,8,2,8,0,EEESS
129,8,3,8,0,EESSS
129,8,4,8,0,EES
129,8,5,8,0,S
129,10,1,10,1,ESESS
129,10,2,10,1,EEEES
129,10,3,10,1,ES
129,10,4,10,1,SEESSESS
129,10,5,10,1,SS
129,11,1,11,0,EESEEESEEEEEEEEESEEESESEEEEEEE
129,11,2,11,0,ESEEESS
129,11,3,11,0,EEESSSSEESEEES
129,11,4,11,0,EESEESEE
129,11,5,11,0,EEEESS
129,12,1,12,1,ESS
129,12,2,12,1,SSEEEEEEEEEEEEEEE
129,12,3,12,1,EEEEEEEESEEEEEEES
129,12,4,12,1,EESEEEEEEEEESSES
129,12,5,12,1,EEEEESEEEES
130,1,1,1,0,S
130,1,3,1,0,EEES
130,1,4,1,0,SEESSSES
130,1,5,1,0,EEES
130,2,1,2,0,ES
130,2,2,2,0,EES
130,2,3,2,0,EES
130,2,4,2,0,S
130,2,5,2,0,EES
130,4,2,4,0,EES
130,4,3,4,0,E
130,4,4,4,0,E
130,4,5,4,0,SSES
130,6,1,6,0,S
130,6,2,6,0,S
130,6,4,6,0,EEEEES
130,6,5,6,0,E
130,7,1,7,0,EESS
130,7,2,7,0,ES
130,7,3,7,0,SSE
130,7,4,7,0,EEEEE
130,7,5,7,0,E
130,11,1,11,0,EEEE
130,11,2,11,0,SS
130,11,3,11,0,SSSSSSS
130,11,4,11,0,SSEE
130,11,5,11,0,EEEEE
130,12,1,12,0,EE
130,12,2,12,0,SSSSS
130,12,3,12,0,ESSES
130,12,4,12,0,EEE
130,12,5,12,0,EESS
131,1,1,1,0,EEESEE
131,1,2,1,0,SSEEEEEEESSEEEEEEEEESEEEEE
131,1,3,1,0,S
131,1,4,1,0,S
131,1,5,1,0,E
131,2,1,2,0,SES
131,2,2,2,0,EESSEEEEES
131,2,3,2,0,EEEEESSEE
131,2,4,2,0,SEEEEEEEEEEEES
131,2,5,2,0,ESEEEEEEEEEE
131,3,2,3,0,EEEEEESSES
131,3,3,3,0,S
131,3,4,3,0,ESSEEEESSSS
131,3,5,3,0,EEEEEESSSEEEEEES
131,4,1,4,0,SSE
131,4,2,4,0,EEEEESSS
131,4,3,4,0,EEEESEEEEESSSSEEEEEEEEEEEEE
131,4,4,4,0,EEEEEEEE
131,4,5,4,0,EEEEEEESSSEEEEEEEEEEEESSEEEEEE
131,5,1,5,0,EEEEEESEEEEEEEEEESEE
131,5,2,5,0,EEEEEEEEESEEEEEEEEEEEEEESSESEE
131,5,3,5,0,EEESEEEEE
131,5,4,5,0,EEESEEESSSEEEES
131,5,5,5,0,EEE
131,6,1,6,0,EEEEEESS
131,6,2,6,0,ESSSS
131,6,3,6,0,EEE
131,6,5,6,0,SSE
131,9,1,9,0,EEESSSS
131,9,2,9,0,EEEE
131,9,3,9,0,EEEEE
131,9,4,9,0,E
131,9,5,9,0,EE
131,10,1,10,0,SSSEEEESEEEEEEEEEEEEEEESS
131,10,2,10,0,EEEES
131,10,5,10,0,EEES
132,1,1,1,1,EEEEE
132,1,2,1,1,EEEEEE
132,1,3,1,1,EESEEESEEEEEEES
132,1,4,1,1,S
132,1,5,1,1,EEEEEEEEEEEEEE
132,2,1,2,0,S
132,2,2,2,0,ES
132,2,3,2,0,SSE
132,2,4,2,0,SSSSEEES
132,2,5,2,0,ESSS
132,3,1,3,1,ESSEEEESSSEE
132,3,2,3,1,S
132,3,3,3,1,SS
132,3,4,3,1,EEESSEE
132,3,5,3,1,E
132,4,1,4,0,EEEEESES
132,4,2,4,0,SEEE
132,4,3,4,0,EESS
132,4,5,4,0,ESS
132,5,1,5,1,EE
132,5,2,5,1,ES
132,5,3,5,1,E
132,5,4,5,1,EEEES
132,5,5,5,1,EESSEES
132,6,1,6,0,E
132,6,2,6,0,ESEEEE
132,6,3,6,0,E
132,6,4,6,0,EEESS
132,6,5,6,0,EESSEEEEEEE
132,7,1,7,1,EEEEEESSS
132,7,2,7,1,EEEEEE
132,7,3,7,1,EE
132,7,4,7,1,EE
132,7,5,7,1,SE
132,8,1,8,1,EEEES
132,8,2,8,1,ES
132,8,3,8,1,EEESSSSSEEESSSEESSESSS
132,8,4,8,1,EEEE
132,9,1,9,0,ES
132,9,2,9,0,S
132,9,3,9,0,EEEEES
132,9,4,9,0,SESS
132,9,5,9,0,EESSEEEEE
132,11,1,11,0,EEEEEEES
132,11,3,11,0,ESESE
132,11,4,11,0,EEES
132,11,5,11,0,EEEE
132,12,1,12,1,EES
132,12,2,12,1,S
132,12,3,12,1,EEEEE
132,12,4,12,1,EEEE
132,12,5,12,1,S
133,1,1,1,0,S
133,1,3,1,0,SS
133,1,4,1,0,SS
133,2,3,2,0,ESSES
133,2,4,2,0,SE
133,2,5,2,0,S
133,3,1,3,0,E
133,3,2,3,0,ES
133,3,3,3,0,E
133,3,4,3,0,S
133,3,5,3,0,S
133,6,1,6,0,EEEE
133,6,2,6,0,SESES
133,6,3,6,0,SSS
133,6,4,6,0,SESEEES
133,6,5,6,0,EE
133,7,1,7,0,E
133,7,2,7,0,SSSSSSSSSEEEESS
133,7,3,7,0,ES
133,7,4,7,0,ESSS
133,7,5,7,0,EEEESE
134,1,1,1,0,S
134,1,2,1,0,ES
134,1,3,1,0,ESSSSS
134,1,4,1,0,EEEEEE
134,1,5,1,0,S
134,2,1,2,0,EEEE
134,2,2,2,0,EESSSSSEEESS
134,2,3,2,0,EEEE
134,2,4,2,0,EEEEEEE
134,2,5,2,0,EEEEEEEEEEEEE
134,3,1,3,0,EEE
134,3,2,3,0,ESSESES
134,3,3,3,0,SEEESESS
134,3,4,3,0,SEEEEEEE
134,3,5,3,0,EESSESS
134,4,1,4,0,EEEEE
134,4,2,4,0,EEESEEEEEEEEEEESSEE
134,4,3,4,0,SEE
134,4,4,4,0,EEE
134,4,5,4,0,EEESSEEESSEEEEEEESSSS
134,5,1,5,0,S
134,5,2,5,0,EE
134,5,3,5,0,ESSSSEEE
134,5,4,5,0,EEEE
134,5,5,5,0,EEEES
134,6,1,6,0,SS
134,6,2,6,0,SS
134,6,3,6,0,EEESSSS
134,6,4,6,0,EEEEEEEES
134,6,5,6,0,EE
134,7,1,7,0,EEEEE
134,7,2,7,0,ESSEEEESEES
134,7,3,7,0,ES
134,7,5,7,0,SSESSEEESSEEEESSEEEEEES
134,9,1,9,0,EEES
134,9,2,9,0,SEESEEE
134,9,4,9,0,S
134,9,5,9,0,SESEEESS
134,10,1,10,0,SESSEEEEEEESEEEEEEEEEESEESEEEE
134,10,2,10,0,SS
134,10,3,10,0,ES
134,10,4,10,0,ESSSSSEEES
134,10,5,10,0,ESESE
134,12,1,12,0,EEEEEEEEEE
134,12,2,12,0,EEEES
134,12,3,12,0,EESESEEESSSSSS
134,12,4,12,0,EEESES
134,12,5,12,0,EESSSE
135,1,1,1,0,S
135,1,2,1,0,EES
135,1,3,1,0,S
135,1,4,1,0,EEEE
135,1,5,1,0,EESS
135,2,2,2,0,E
135,2,3,2,0,SS
135,2,4,2,0,S
135,2,5,2,0,SE
135,3,1,3,0,EE
135,3,2,3,0,SSSEESESEES
135,3,3,3,0,SSS
135,3,4,3,0,ES
135,3,5,3,0,ESEESE
135,4,1,4,0,EEES
135,4,3,4,0,EEE
135,4,4,4,0,S
135,4,5,4,0,SSSSS
135,5,1,5,0,S
135,5,2,5,0,E
135,5,3,5,0,EES
135,5,5,5,0,SE
135,6,1,6,0,ES
135,6,2,6,0,EEEES
135,6,3,6,0,E
135,6,4,6,0,E
135,6,5,6,0,EEEEES
135,9,1,9,0,SSS
135,9,3,9,0,EEES
135,9,4,9,0,EESSEEEEESS
135,9,5,9,0,S
135,11,1,11,0,S
135,11,2,11,0,ES
135,11,3,11,0,EEES
135,11,5,11,0,SS
136,2,2,2,0,S
136,2,3,2,0,EEE
136,2,4,2,0,E
136,2,5,2,0,ES
136,4,1,4,0,ESS
136,4,2,4,0,E
136,4,3,4,0,EEESE
136,4,4,4,0,E
136,4,5,4,0,EEEE
136,5,1,5,0,EEEEE
136,5,3,5,0,EEEE
136,5,4,5,0,ES
136,5,5,5,0,S
136,6,1,6,0,SE
136,6,3,6,0,SSSEEEE
136,6,4,6,0,E
137,1,1,1,0,EE
137,1,2,1,0,ES
137,1,3,1,0,EEESSES
137,1,4,1,0,ESSS
137,1,5,1,0,SS
137,2,2,2,0,SS
137,2,3,2,0,SS
137,2,4,2,0,EESEEEES
137,2,5,2,0,SES
137,3,1,3,0,SESS
137,3,2,3,0,ESEES
137,3,3,3,0,SS
137,3,4,3,0,S
137,3,5,3,0,ES
137,4,1,4,0,EES
137,4,2,4,0,EES
137,4,3,4,0,SSSS
137,4,4,4,0,EEESESSESEE
137,4,5,4,0,SES
137,5,2,5,0,EESSSS
137,5,3,5,0,S
137,5,4,5,0,SSSSSES
137,5,5,5,0,EESEESSES
137,6,1,6,0,EESS
137,6,2,6,0,S
137,6,3,6,0,EESSSS
137,6,4,6,0,S
137,6,5,6,0,EEES
137,8,1,8,0,SSS
137,8,3,8,0,S
137,8,4,8,0,ESES
137,10,1,10,0,EE
137,10,2,10,0,SS
137,10,3,10,0,ESSS
137,10,4,10,0,ESS
137,10,5,10,0,SS
137,11,1,11,0,SSS
137,11,2,11,0,SSSS
137,11,3,11,0,SSSS
137,11,4,11,0,E
137,11,5,11,0,ESS
137,12,1,12,0,S
137,12,3,12,0,S
137,12,4,12,0,S
138,1,1,1,0,EESSSESSSSS
138,1,2,1,0,SS
138,1,4,1,0,EE
138,1,5,1,0,EESS
138,2,1,2,0,EEESEEESSEES
138,2,2,2,0,EEEEESEES
138,2,3,2,0,S
138,2,4,2,0,ESES
138,2,5,2,0,EEEEEESEEES
138,3,1,3,0,EEEEEEEESESEEEEEESS
138,3,2,3,0,EESSES
138,3,3,3,0,SEEEES
138,3,4,3,0,ES
138,3,5,3,0,EE
138,4,1,4,0,EES
138,4,2,4,0,ES
138,4,3,4,0,S
138,4,4,4,0,EEEEEEEEESEEESS
138,4,5,4,0,EEEESS
138,5,1,5,0,EEESEEEEEESSS
138,5,2,5,0,SSEESEEEEEEES
138,5,3,5,0,S
138,5,4,5,0,EEEES
138,5,5,5,0,EEEEEESS
138,6,1,6,0,SSSS
138,6,2,6,0,S
138,6,3,6,0,ESSSEEEESSES
138,6,4,6,0,S
138,6,5,6,0,SS
138,7,1,7,0,EEEESEEEEEEEESSEEEEES
138,7,2,7,0,ESSSESEESS
138,7,3,7,0,SSES
138,7,4,7,0,EES
138,7,5,7,0,ESSEEESEEEEEEEEESSS
138,8,1,8,0,S
138,8,2,8,0,S
138,8,3,8,0,S
138,8,4,8,0,ESEEESS
138,8,5,8,0,SSEEES
138,10,1,10,0,ES
138,10,2,10,0,EESS
138,10,4,10,0,ESS
138,10,5,10,0,S
138,11,1,11,0,EEEEEEEESSEES
138,11,2,11,0,SSEEEEESSSS
138,11,4,11,0,EEEEEESEEEEEEEEEEEES
138,11,5,11,0,ES
139,4,1,4,0,EEE
139,4,3,4,0,SSEESS
139,4,4,4,0,EES
139,4,5,4,0,SSS
139,5,1,5,0,EE
139,5,3,5,0,SSSSS
139,5,4,5,0,SSS
139,5,5,5,0,ES
139,6,1,6,0,ESSSSSSS
139,6,2,6,0,S
139,6,3,6,0,S
139,6,4,6,0,S
139,6,5,6,0,ESS
139,7,1,7,0,S
139,7,2,7,0,SS
139,7,4,7,0,S
139,7,5,7,0,ES
139,8,1,8,0,S
139,8,3,8,0,S
139,8,5,8,0,ESS
139,9,1,9,0,S
139,9,2,9,0,SE
139,9,3,9,0,S
139,9,4,9,0,S
139,9,5,9,0,SS
139,10,1,10,0,S
139,10,2,10,0,S
139,10,4,10,0,ES
139,10,5,10,0,ES
139,11,2,11,0,SSS
139,11,3,11,0,S
139,11,4,11,0,S
139,11,5,11,0,S
139,12,1,12,0,S
139,12,2,12,0,ES
139,12,3,12,0,S
139,12,4,12,0,S
139,12,5,12,0,EEESSS
140,3,1,3,0,ES
140,3,3,3,0,S
140,4,1,4,0,S
140,4,2,4,0,S
140,4,3,4,0,S
140,4,4,4,0,SS
140,4,5,4,0,S
141,1,1,1,0,S
141,1,2,1,0,S
141,1,3,1,0,SS
141,1,4,1,0,SS
141,1,5,1,0,S
141,3,1,3,1,SS
141,3,2,3,1,S
141,3,3,3,1,S
141,3,4,3,1,S
141,3,5,3,1,S
141,4,2,4,1,S
141,4,3,4,1,S
141,4,4,4,1,S
141,4,5,4,1,S
141,5,1,5,0,S
141,5,2,5,0,SS
141,5,3,5,0,S
141,5,4,5,0,S
141,5,5,5,0,S
141,7,2,7,1,SS
141,7,3,7,1,S
141,7,4,7,1,S
141,8,1,8,0,S
141,8,2,8,0,SS
141,8,3,8,0,S
141,8,4,8,0,S
141,8,5,8,0,S
141,9,1,9,0,S
141,9,2,9,0,S
141,9,3,9,0,S
141,9,4,9,0,S
141,9,5,9,0,SS
141,10,1,10,1,S
141,10,2,10,1,ES
141,10,4,10,1,S
141,10,5,10,1,ES
141,11,1,11,1,SS
141,11,2,11,1,S
141,11,3,11,1,ES
141,11,4,11,1,S
141,11,5,11,1,S
141,12,1,12,1,S
141,12,2,12,1,S
141,12,4,12,1,S
141,12,5,12,1,S
142,3,1,3,0,SS
142,3,2,3,0,E
142,3,3,3,0,E
142,3,4,3,0,SSSEEESSE
142,3,5,3,0,E
142,5,1,5,0,SSE
142,5,2,5,0,S
142,5,3,5,0,ES
142,5,4,5,0,SE
142,5,5,5,0,ESE
143,1,1,1,0,ES
143,1,2,1,0,SSSS
143,1,3,1,0,S
143,1,5,1,0,S
143,2,1,2,0,S
143,2,2,2,0,ES
143,2,3,2,0,SS
143,2,4,2,0,SSS
143,2,5,2,0,SEES
143,3,1,3,0,S
143,3,2,3,0,ES
143,3,3,3,0,S
143,3,4,3,0,S
143,3,5,3,0,SSSS
143,4,1,4,0,S
143,4,2,4,0,ESSS
143,4,3,4,0,SSSS
143,4,4,4,0,SSSEES
143,4,5,4,0,S
143,5,1,5,0,SS
143,5,2,5,0,ES
143,5,3,5,0,SES
143,5,4,5,0,S
143,5,5,5,0,S
143,6,1,6,0,ES
143,6,2,6,0,S
143,6,3,6,0,S
143,6,4,6,0,S
143,6,5,6,0,SSSS
143,8,1,8,0,S
143,8,2,8,0,S
143,8,3,8,0,S
143,8,4,8,0,S
143,8,5,8,0,S
143,9,1,9,0,S
143,9,2,9,0,S
143,9,3,9,0,S
143,9,4,9,0,SES
143,9,5,9,0,SS
143,10,1,10,0,S
143,10,3,10,0,S
143,10,4,10,0,S
143,10,5,10,0,ES
143,11,1,11,0,ES
143,11,2,11,0,ESS
143,11,3,11,0,S
143,11,4,11,0,ES
143,11,5,11,0,ESS
143,12,1,12,0,SSEES
143,12,3,12,0,ES
143,12,4,12,0,SSS
143,12,5,12,0,ES
144,6,1,6,0,EEE
144,6,2,6,0,EEE
144,6,4,6,0,EE
144,6,5,6,0,S
144,9,1,9,0,E
144,9,2,9,0,SS
144,9,3,9,0,ESEEEESSSS
144,9,4,9,0,EEES
144,9,5,9,0,EEE
145,1,1,1,0,EES
145,1,2,1,0,ES
145,1,3,1,0,S
145,1,4,1,0,S
145,1,5,1,0,S
145,2,1,2,0,S
145,2,2,2,0,SS
145,2,3,2,0,S
145,2,4,2,0,S
145,2,5,2,0,SS
145,4,1,4,0,SS
145,4,2,4,0,S
145,4,3,4,0,ESS
145,4,4,4,0,S
145,6,1,6,0,ES
145,6,2,6,0,S
145,6,3,6,0,S
145,6,4,6,0,S
145,6,5,6,0,S
145,8,1,8,0,S
145,8,2,8,0,S
145,8,3,8,0,S
145,8,4,8,0,S
145,8,5,8,0,E
145,9,1,9,0,S
145,9,2,9,0,EES
145,9,3,9,0,SEES
145,9,4,9,0,E
145,9,5,9,0,S
145,10,1,10,0,S
145,10,2,10,0,S
145,10,4,10,0,SS
145,10,5,10,0,S
145,12,1,12,0,EEESSSS
145,12,2,12,0,SSS
145,12,3,12,0,ES
145,12,4,12,0,S
145,12,5,12,0,SS
146,1,1,1,0,ESEES
146,1,2,1,0,SS
146,1,3,1,0,SEESS
146,1,4,1,0,ESS
146,1,5,1,0,SSEESS
146,2,1,2,0,EEEEESES
146,2,2,2,0,S
146,2,3,2,0,S
146,2,4,2,0,ESS
146,2,5,2,0,SS
146,3,1,3,0,S
146,3,2,3,0,S
146,3,3,3,0,ES
146,3,4,3,0,ESSE
146,3,5,3,0,ESEESESS
146,4,1,4,0,EEEEES
146,4,2,4,0,S
146,4,3,4,0,S
146,4,4,4,0,EES
146,4,5,4,0,ESSS
146,5,1,5,0,S
146,5,2,5,0,EEEEESS
146,5,3,5,0,S
146,5,4,5,0,S
146,5,5,5,0,SS
146,6,1,6,0,SS
146,6,2,6,0,EES
146,6,4,6,0,EEES
146,6,5,6,0,E
146,7,1,7,0,EES
146,7,2,7,0,SSS
146,7,3,7,0,S
146,7,4,7,0,E
146,7,5,7,0,ESS
146,10,1,10,0,EES
146,10,2,10,0,EES
146,10,4,10,0,ESEES
146,10,5,10,0,S
146,12,1,12,0,EEEE
146,12,2,12,0,S
146,12,3,12,0,ESEES
146,12,4,12,0,S
147,2,1,2,1,EESSS
147,2,2,2,1,SS
147,2,3,2,1,SSSS
147,2,4,2,1,SSSE
147,2,5,2,1,E
147,4,2,4,1,EEEEE
147,4,3,4,1,ESEE
147,4,4,4,1,EEES
147,4,5,4,1,ESSS
147,6,1,6,1,EESESSSSSS
147,6,2,6,1,S
147,6,3,6,1,SS
147,6,4,6,1,S
147,6,5,6,1,EES
147,7,1,7,0,ESS
147,7,2,7,0,EE
147,7,3,7,0,S
147,7,4,7,0,E
147,7,5,7,0,EE
148,1,1,1,0,EES
148,1,2,1,0,SS
148,1,3,1,0,SSSS
148,1,4,1,0,SS
148,1,5,1,0,EEES
148,2,1,2,0,EEES
148,2,2,2,0,SSE
148,2,3,2,0,ES
148,2,4,2,0,S
148,2,5,2,0,ES
148,3,1,3,0,EES
148,3,2,3,0,ES
148,3,3,3,0,S
148,3,4,3,0,S
148,3,5,3,0,EEEEES
148,4,1,4,0,ES
148,4,2,4,0,EE
148,4,3,4,0,S
148,4,4,4,0,S
148,4,5,4,0,ESSE
148,5,1,5,0,SS
148,5,2,5,0,EES
148,5,3,5,0,EES
148,5,4,5,0,EEEEEE
148,6,1,6,0,S
148,6,2,6,0,ESES
148,6,3,6,0,ESE
148,6,4,6,0,SE
148,6,5,6,0,SEES
148,7,1,7,0,SS
148,7,2,7,0,ESSES
148,7,4,7,0,ES
148,7,5,7,0,SS
148,8,2,8,0,ES
148,8,3,8,0,EES
148,8,4,8,0,SSSS
148,8,5,8,0,ESSS
148,10,1,10,0,SSS
148,10,3,10,0,ES
148,10,5,10,0,SS
148,12,1,12,0,ESS
148,12,2,12,0,S
148,12,3,12,0,S
148,12,4,12,0,ESES
148,12,5,12,0,S
149,1,1,1,0,SSSSSS
149,1,2,1,0,ES
149,1,3,1,0,SEEE
149,1,5,1,0,SS
149,2,2,2,0,EESS
149,2,3,2,0,ESS
149,2,4,2,0,S
149,8,1,8,0,EEEEEEES
149,8,2,8,0,S
149,8,3,8,0,E
149,8,4,8,0,S
149,8,5,8,0,EESSS
149,10,1,10,0,EEES
149,10,2,10,0,S
149,10,3,10,0,EES
149,10,4,10,0,ES
149,10,5,10,0,SSES
149,11,1,11,0,ES
149,11,2,11,0,SEES
149,11,3,11,0,S
149,11,4,11,0,S
149,12,2,12,0,SS
149,12,3,12,0,SSS
149,12,4,12,0,EES
149,12,5,12,0,S
150,1,1,1,0,ESEEEEEESSS
150,1,2,1,0,EEEEE
150,1,3,1,0,S
150,1,4,1,0,EEEEEEEEEE
150,1,5,1,0,EEEES
150,2,1,2,0,ES
150,2,2,2,0,EEEEES
150,2,3,2,0,SSESSEESS
150,2,4,2,0,ES
150,2,5,2,0,EEEEE
150,3,1,3,0,EES
150,3,2,3,0,S
150,3,3,3,0,EEEESSEEEEEEEEESESE
150,3,4,3,0,SEES
150,4,1,4,0,SS
150,4,2,4,0,EEEESEEEEEESEE
150,4,3,4,0,EES
150,4,4,4,0,SEEEEEEESEEEESSES
150,4,5,4,0,EES
150,5,1,5,0,EEE
150,5,2,5,0,S
150,5,3,5,0,SS
150,5,4,5,0,E
150,6,1,6,0,EEEEESS
150,6,2,6,0,EEEESEEEEEEEESS
150,6,3,6,0,EEEEEESSES
150,6,4,6,0,ES
150,6,5,6,0,EES
150,7,1,7,0,ESSS
150,7,2,7,0,ES
150,7,4,7,0,EEESSEESEEEEEEES
150,7,5,7,0,SSS
150,8,1,8,0,SSS
150,8,2,8,0,SS
150,8,3,8,0,EES
150,8,4,8,0,EEEEESSSS
150,8,5,8,0,S
150,9,1,9,0,S
150,9,2,9,0,EEEEEEESSSSSSEE
150,9,3,9,0,EESESSEESEEES
150,9,4,9,0,S
150,9,5,9,0,SEEEESES
150,11,1,11,0,S
150,11,2,11,0,EES
150,11,3,11,0,E
150,11,4,11,0,EESS
150,11,5,11,0,EEEEEEEEEEEEE
150,12,1,12,0,ES
150,12,2,12,0,ESSSSESS
150,12,3,12,0,EEESEEEES
150,12,4,12,0,EEES
151,1,1,1,0,S
151,1,2,1,0,S
151,1,3,1,0,S
151,1,4,1,0,EESSESS
151,3,1,3,0,E
151,3,2,3,0,ESSS
151,3,3,3,0,S
151,3,4,3,0,EESSEESSS
151,3,5,3,0,ES
151,6,1,6,0,EESS
151,6,2,6,0,EEEESEES
151,6,3,6,0,SS
151,6,4,6,0,S
151,6,5,6,0,EEEE
152,1,1,1,0,S
152,1,2,1,0,S
152,1,3,1,0,S
152,1,4,1,0,ES
152,1,5,1,0,S
152,2,2,2,0,EES
152,2,3,2,0,S
152,2,4,2,0,ESSS
152,2,5,2,0,ES
152,5,1,5,0,SS
152,5,2,5,0,ES
152,5,3,5,0,S
152,5,4,5,0,S
152,5,5,5,0,ES
152,6,1,6,0,S
152,6,2,6,0,S
152,6,3,6,0,ES
152,6,4,6,0,ES
152,6,5,6,0,S
152,7,1,7,0,S
152,7,2,7,0,S
152,7,3,7,0,S
152,7,4,7,0,S
152,7,5,7,0,ESS
152,9,2,9,0,SS
152,9,3,9,0,SEEESSSSSS
152,9,4,9,0,EESS
152,9,5,9,0,SS
153,1,1,1,0,S
153,1,2,1,0,S
153,1,3,1,0,S
153,1,4,1,0,ESS
153,1,5,1,0,S
153,2,2,2,0,SSS
153,2,3,2,0,S
153,2,4,2,0,S
153,2,5,2,0,S
153,3,1,3,0,SSS
153,3,2,3,0,S
153,3,3,3,0,S
153,3,4,3,0,ES
153,3,5,3,0,ES
153,4,1,4,0,S
153,4,2,4,0,ES
153,4,3,4,0,S
153,4,4,4,0,ES
153,4,5,4,0,S
153,5,1,5,0,ES
153,5,2,5,0,S
153,5,3,5,0,ESSS
153,5,4,5,0,SS
153,5,5,5,0,SS
153,7,2,7,0,SS
153,7,3,7,0,SS
153,7,4,7,0,E
153,7,5,7,0,SS
153,8,1,8,0,SSES
153,8,2,8,0,SS
153,8,3,8,0,SS
153,8,5,8,0,ESS
153,9,2,9,0,S
153,9,3,9,0,S
153,9,4,9,0,ES
153,9,5,9,0,SS
153,10,1,10,0,S
153,10,2,10,0,EEEES
153,10,3,10,0,S
153,10,4,10,0,S
153,10,5,10,0,S
153,12,1,12,0,S
153,12,2,12,0,SS
153,12,3,12,0,SES
153,12,4,12,0,S
153,12,5,12,0,SS
154,2,1,2,0,S
154,2,2,2,0,SS
154,2,3,2,0,ES
154,2,4,2,0,SS
154,2,5,2,0,S
154,3,1,3,0,ES
154,3,2,3,0,ES
154,3,3,3,0,S
154,3,4,3,0,E
154,3,5,3,0,S
154,4,1,4,0,SS
154,4,2,4,0,SSES
154,4,3,4,0,SS
154,4,4,4,0,S
154,4,5,4,0,S
154,5,2,5,0,SES
154,5,3,5,0,S
154,5,4,5,0,SES
154,5,5,5,0,S
154,6,1,6,0,S
154,6,2,6,0,E
154,6,3,6,0,ES
154,6,4,6,0,S
154,6,5,6,0,S
155,1,1,1,0,E
155,1,2,1,0,SS
155,1,3,1,0,EE
155,1,4,1,0,EE
155,1,5,1,0,E
155,6,2,6,0,SE
155,6,3,6,0,E
155,6,4,6,0,EEEE
156,1,1,1,0,S
156,1,2,1,0,SS
156,1,3,1,0,SS
156,1,4,1,0,EEEESSSSEEES
156,1,5,1,0,S
156,2,1,2,0,EE
156,2,2,2,0,S
156,2,3,2,0,EEEEES
156,2,4,2,0,ES
156,2,5,2,0,EE
156,3,1,3,0,ES
156,3,3,3,0,ESSSSSESS
156,3,4,3,0,EES
156,3,5,3,0,S
156,4,1,4,0,EEEES
156,4,2,4,0,ESS
156,4,3,4,0,S
156,4,4,4,0,S
156,4,5,4,0,EEESEEESSSESS
156,5,1,5,0,S
156,5,2,5,0,ESSS
156,5,4,5,0,EESS
156,5,5,5,0,ESSS
156,7,1,7,0,EEEESEEEEEESS
156,7,2,7,0,EESSSS
156,7,3,7,0,SSEEEEEEESSS
156,7,5,7,0,SS
156,8,1,8,0,SSEEESSSSEEEES
156,8,2,8,0,SS
156,8,3,8,0,SS
156,8,4,8,0,EE
156,8,5,8,0,SS
156,9,1,9,0,SS
156,9,2,9,0,EESSSS
156,9,3,9,0,EEES
156,9,4,9,0,ES
156,9,5,9,0,EEEEEEES
157,4,1,4,0,S
157,4,2,4,0,S
157,4,3,4,0,S
157,4,4,4,0,S
157,4,5,4,0,SE
157,5,1,5,0,E
157,5,2,5,0,SS
157,5,3,5,0,S
157,5,4,5,0,S
157,5,5,5,0,SS
157,6,1,6,0,S
157,6,2,6,0,SES
157,6,4,6,0,S
157,6,5,6,0,SSSS
157,7,1,7,0,E
157,7,2,7,0,S
157,7,3,7,0,S
157,7,4,7,0,S
157,11,1,11,0,SSS
157,11,2,11,0,SS
157,11,4,11,0,ESS
157,11,5,11,0,E
158,1,1,1,0,EES
158,1,2,1,0,EEEESS
158,1,3,1,0,EES
158,1,4,1,0,SESSS
158,1,5,1,0,ESS
158,2,1,2,0,S
158,2,2,2,0,E
158,2,3,2,0,S
158,2,4,2,0,S
158,2,5,2,0,ES
158,3,1,3,0,ES
158,3,2,3,0,S
158,3,4,3,0,S
158,3,5,3,0,EEESS
158,4,1,4,0,EES
158,4,2,4,0,ES
158,4,3,4,0,S
158,4,4,4,0,S
158,4,5,4,0,SSS
158,5,2,5,0,ESS
158,5,4,5,0,S
158,5,5,5,0,SS
158,9,1,9,0,ES
158,9,2,9,0,S
158,9,3,9,0,E
158,9,4,9,0,SEEES
158,9,5,9,0,EESES
158,10,1,10,0,S
158,10,2,10,0,S
158,10,3,10,0,ES
158,10,4,10,0,S
158,10,5,10,0,ESS
159,1,1,1,0,E
159,1,2,1,0,E
159,1,3,1,0,SS
159,1,4,1,0,S
159,1,5,1,0,EE
159,5,1,5,0,SS
159,5,2,5,0,S
159,5,3,5,0,EEEEEEES
159,5,4,5,0,EEE
159,5,5,5,0,ESEESEEEEEEEESEES
159,6,1,6,0,SSSSEEE
159,6,2,6,0,SS
159,6,3,6,0,S
159,6,4,6,0,EEE
159,6,5,6,0,S
160,3,1,3,1,ES
160,3,2,3,1,EE
160,3,3,3,1,S
160,3,4,3,1,SE
160,3,5,3,1,E
160,4,1,4,0,S
160,4,2,4,0,SSS
160,4,3,4,0,EES
160,4,4,4,0,E
160,4,5,4,0,SSE
160,5,1,5,0,EE
160,5,2,5,0,SS
160,5,3,5,0,E
160,5,4,5,0,SSSEESSSS
160,5,5,5,0,S
160,7,1,7,1,SS
160,7,2,7,1,S
160,7,3,7,1,S
160,7,5,7,1,E
160,9,1,9,0,S
160,9,2,9,0,EE
160,9,3,9,0,SES
160,9,4,9,0,S
160,9,5,9,0,S
160,12,1,12,1,SEE
160,12,3,12,1,S
160,12,5,12,1,E
161,3,1,3,0,ES
161,3,2,3,0,SS
161,3,3,3,0,SS
161,3,4,3,0,S
161,3,5,3,0,EEES
161,5,1,5,0,S
161,5,3,5,0,S
161,5,4,5,0,S
161,5,5,5,0,S
161,7,1,7,0,SS
161,7,2,7,0,S
161,7,3,7,0,E
161,7,4,7,0,S
161,7,5,7,0,E
161,8,1,8,0,ESS
161,8,2,8,0,SSS
161,8,3,8,0,S
161,8,4,8,0,SSS
161,8,5,8,0,EE
161,9,1,9,0,EE
161,9,2,9,0,S
161,9,3,9,0,S
161,9,5,9,0,EEE
161,11,1,11,0,S
161,11,2,11,0,S
161,11,3,11,0,SS
161,11,4,11,0,S
161,11,5,11,0,SS
163,1,1,1,0,EEESSEES
163,1,2,1,0,S
163,1,3,1,0,E
163,1,4,1,0,S
163,1,5,1,0,S
163,2,1,2,0,EEESS
163,2,2,2,0,S
163,2,3,2,0,SES
163,2,4,2,0,EE
163,2,5,2,0,SEE
163,4,1,4,0,ESSSEE
163,4,2,4,0,SES
163,4,3,4,0,EESESS
163,4,4,4,0,ES
163,4,5,4,0,E
163,5,1,5,0,S
163,5,2,5,0,SEEESES
163,5,3,5,0,SS
163,5,4,5,0,SESE
163,5,5,5,0,S
163,6,1,6,0,SS
163,6,2,6,0,EEES
163,6,3,6,0,S
163,6,5,6,0,SS
163,7,1,7,0,EESSSS
163,7,2,7,0,SS
163,7,3,7,0,SSES
163,7,4,7,0,S
163,7,5,7,0,ESS
163,8,1,8,0,EE
163,8,2,8,0,ES
163,8,3,8,0,SEES
163,8,4,8,0,SS
163,8,5,8,0,SS
163,9,1,9,0,EES
163,9,2,9,0,S
163,9,3,9,0,S
163,9,4,9,0,EES
163,9,5,9,0,SSSSSSSESE
163,10,2,10,0,S
163,10,3,10,0,EEEE
163,10,4,10,0,SESSSSEESS
163,10,5,10,0,SS
163,12,1,12,0,S
163,12,2,12,0,S
163,12,3,12,0,SSSESS
163,12,5,12,0,SSESSEESS
164,1,1,1,1,S
164,1,2,1,1,ESS
164,1,3,1,1,SS
164,1,4,1,1,S
164,1,5,1,1,SS
164,4,1,4,1,SSESEEESS
164,4,2,4,1,S
164,4,3,4,1,S
164,4,4,4,1,S
164,4,5,4,1,S
164,5,1,5,0,ES
164,5,2,5,0,EESS
164,5,3,5,0,EE
164,5,4,5,0,S
164,5,5,5,0,SS
164,6,1,6,0,S
164,6,2,6,0,SSSS
164,6,3,6,0,S
164,6,4,6,0,ES
164,6,5,6,0,ES
164,7,1,7,1,S
164,7,2,7,1,EES
164,7,3,7,1,S
164,7,4,7,1,EES
164,7,5,7,1,S
164,8,1,8,1,S
164,8,2,8,1,SS
164,8,3,8,1,S
164,8,4,8,1,ES
164,8,5,8,1,S
164,10,1,10,1,S
164,10,2,10,1,SS
164,10,3,10,1,ES
164,10,4,10,1,ES
164,10,5,10,1,E
164,12,1,12,0,S
164,12,2,12,0,S
164,12,3,12,0,E
164,12,4,12,0,EES
165,1,1,1,1,SS
165,1,2,1,1,S
165,1,3,1,1,SEEEEE
165,1,4,1,1,ESSS
165,1,5,1,1,SSS
165,4,1,4,1,S
165,4,2,4,1,SE
165,4,3,4,1,S
165,4,4,4,1,EE
165,4,5,4,1,S
165,6,1,6,0,SS
165,6,2,6,0,E
165,6,3,6,0,EE
165,6,4,6,0,EEES
165,6,5,6,0,EESSSSEE
165,10,1,10,0,SSS
165,10,2,10,0,SEEES
165,10,3,10,0,E
165,10,4,10,0,SS
165,10,5,10,0,EEESS
166,1,1,1,1,S
166,1,2,1,1,EE
166,1,3,1,1,S
166,1,4,1,1,S
166,1,5,1,1,SS
166,2,1,2,1,SS
166,2,2,2,1,SSS
166,2,3,2,1,S
166,2,4,2,1,S
166,2,5,2,1,ESS
166,5,1,5,1,ES
166,5,2,5,1,ES
166,5,3,5,1,ES
166,5,4,5,1,S
166,5,5,5,1,S
166,6,1,6,0,SEESS
166,6,2,6,0,EEESSS
166,6,4,6,0,SSS
166,6,5,6,0,ES
166,7,1,7,1,ESS
166,7,2,7,1,S
166,7,4,7,1,S
166,7,5,7,1,ES
166,8,3,8,0,S
166,8,4,8,0,SS
166,8,5,8,0,ES
166,9,2,9,0,EES
166,9,3,9,0,S
166,9,4,9,0,S
166,9,5,9,0,ES
166,10,1,10,0,SEESS
166,10,2,10,0,ES
166,10,3,10,0,SES
166,10,4,10,0,EEES
166,10,5,10,0,SSS
166,11,1,11,1,SS
166,11,2,11,1,ES
166,11,3,11,1,S
166,11,4,11,1,ESS
166,11,5,11,1,EESS
166,12,2,12,1,SSSES
166,12,3,12,1,S
166,12,4,12,1,EES
166,12,5,12,1,ES
167,6,1,6,0,S
167,6,2,6,0,EES
167,6,3,6,0,EEES
167,6,4,6,0,EESSESSSEES
167,6,5,6,0,S
168,1,1,1,0,S
168,1,2,1,0,S
168,1,3,1,0,ESESSEE
168,1,4,1,0,SS
168,1,5,1,0,ESS
168,2,1,2,0,E
168,2,2,2,0,SS
168,2,3,2,0,SEEE
168,2,4,2,0,SS
168,2,5,2,0,ES
168,3,1,3,0,EE
168,3,2,3,0,SE
168,3,3,3,0,EEEEEEEEEEESS
168,3,4,3,0,ESS
168,3,5,3,0,ESESS
168,4,1,4,0,EE
168,4,2,4,0,SES
168,4,3,4,0,EES
168,4,4,4,0,ES
168,4,5,4,0,SESSSSESEEE
168,5,1,5,0,S
168,5,2,5,0,EEEEEEEESSSESSSSS
168,5,3,5,0,EEEEEEEES
168,5,4,5,0,E
168,5,5,5,0,SS
168,6,1,6,0,SSES
168,6,2,6,0,S
168,6,3,6,0,EES
168,6,4,6,0,EEEEE
168,6,5,6,0,SEEESS
168,10,1,10,0,S
168,10,2,10,0,EE
168,10,3,10,0,SS
168,10,4,10,0,SSSEEEEE
168,10,5,10,0,ES
168,11,1,11,0,EE
168,11,2,11,0,SEEEEESESEESSS
168,11,3,11,0,EESSS
168,11,4,11,0,EEEEES
168,11,5,11,0,SEEEEEEEES
168,12,1,12,0,SESS
168,12,2,12,0,SES
168,12,3,12,0,S
168,12,4,12,0,SSSEEE
168,12,5,12,0,EEESSSESSEEES
169,4,1,4,0,ES
169,4,2,4,0,EEEEE
169,4,3,4,0,ES
169,4,4,4,0,S
169,4,5,4,0,EE
169,5,1,5,0,S
169,5,2,5,0,E
169,5,4,5,0,S
169,5,5,5,0,EESEESSE
169,6,1,6,0,ES
169,6,2,6,0,EESSSSEE
169,6,3,6,0,ES
169,6,4,6,0,S
169,6,5,6,0,SSS
169,7,1,7,0,S
169,7,2,7,0,SSE
169,7,4,7,0,ES
169,9,1,9,0,EE
169,9,2,9,0,E
169,9,3,9,0,ES
169,9,4,9,0,E
169,9,5,9,0,ES
170,1,1,1,1,EE
170,1,2,1,1,S
170,1,3,1,1,ES
170,1,4,1,1,ESEES
170,2,1,2,0,S
170,2,2,2,0,S
170,2,3,2,0,EES
170,2,4,2,0,SSE
170,2,5,2,0,SEEES
170,3,1,3,1,S
170,3,3,3,1,EEEE
170,3,4,3,1,EESS
170,3,5,3,1,S
170,4,1,4,1,EEES
170,4,2,4,1,EES
170,4,3,4,1,ES
170,4,4,4,1,ESSSSS
170,4,5,4,1,ESS
170,5,1,5,0,SE
170,5,2,5,0,SE
170,5,3,5,0,EESEEEESE
170,5,4,5,0,ESS
170,5,5,5,0,ES
170,6,1,6,1,EES
170,6,2,6,1,EEES
170,6,3,6,1,S
170,6,4,6,1,EESESEEEEES
170,8,1,8,0,EESSEES
170,8,2,8,0,EE
170,8,3,8,0,S
170,8,4,8,0,EE
170,8,5,8,0,SEEEEEEESSS
170,9,1,9,0,EEEE
170,9,2,9,0,EESEESS
170,9,3,9,0,EEEES
170,9,4,9,0,SESSS
170,9,5,9,0,EEEE
170,10,1,10,0,S
170,10,2,10,0,ES
170,10,3,10,0,S
170,10,4,10,0,S
170,10,5,10,0,SS
171,1,1,1,0,ESSS
171,1,2,1,0,SS
171,1,3,1,0,S
171,1,4,1,0,S
171,2,1,2,0,S
171,2,2,2,0,EESS
171,2,3,2,0,ES
171,2,5,2,0,SEEEEESS
171,3,1,3,0,ESSSS
171,3,2,3,0,EEEES
171,3,3,3,0,ES
171,3,4,3,0,S
171,3,5,3,0,ESSE
171,4,1,4,0,S
171,4,2,4,0,S
171,4,3,4,0,ESSSS
171,4,4,4,0,EEEEEEEESEEESSS
171,4,5,4,0,S
171,6,1,6,0,EE
171,6,2,6,0,SSS
171,6,3,6,0,ESSS
171,6,4,6,0,EEES
171,6,5,6,0,ES
171,7,1,7,0,S
171,7,2,7,0,SS
171,7,3,7,0,S
171,7,4,7,0,S
171,7,5,7,0,S
171,8,1,8,0,ESS
171,8,2,8,0,S
171,8,3,8,0,EESSEEEEEEEESSS
171,8,4,8,0,SES
171,8,5,8,0,EEEES
171,9,1,9,0,EES
171,9,2,9,0,S
171,9,3,9,0,ES
171,9,5,9,0,SSES
171,10,1,10,0,EEEESS
171,10,2,10,0,S
171,10,3,10,0,S
171,10,4,10,0,EEESSS
171,10,5,10,0,S
171,12,1,12,0,SES
171,12,2,12,0,SS
171,12,4,12,0,SS
171,12,5,12,0,ES
172,3,1,3,0,SE
172,3,2,3,0,E
172,3,3,3,0,SEEE
172,3,4,3,0,S
172,3,5,3,0,E
172,4,1,4,0,E
172,4,2,4,0,EEE
172,4,3,4,0,EEE
172,4,4,4,0,E
172,4,5,4,0,SSEESES
173,1,1,1,0,EEEEESEEEEEEEEEEE
173,1,2,1,0,EEE
173,1,3,1,0,EEESEEESEEEEEEEEEEEEEEEEEEEEEE
173,1,4,1,0,EEEEEEEEEEEEESEEEEESSEEEEE
173,1,5,1,0,EESEEEEESSS
173,2,1,2,0,EEEEEEEEEEEE
173,2,2,2,0,EEEEEEEEEEEEEEESE
173,2,3,2,0,SE
173,2,4,2,0,EEEESSEEEEEEEEEEEEEEES
173,2,5,2,0,EEEEEE
173,3,1,3,0,ES
173,3,2,3,0,EE
173,3,3,3,0,E
173,3,4,3,0,EEEEEEEEESEEEESEEEEEEESE
173,3,5,3,0,EEEEEEEE
173,4,1,4,0,E
173,4,2,4,0,ESEEEESEESSE
173,4,3,4,0,E
173,4,4,4,0,EEEEE
173,4,5,4,0,EEEESEEEESSEEE
173,5,1,5,0,EESSEEE
173,5,2,5,0,EEEEEE
173,5,3,5,0,EEEEEEEEEEEEEEEEEEEEEEEEEEEEEE
173,5,5,5,0,SEEEEEEEEEEEEEEEESS
174,1,1,1,0,ES
174,1,2,1,0,S
174,1,3,1,0,ES
174,1,4,1,0,SSS
174,1,5,1,0,SS
174,2,1,2,0,ES
174,2,2,2,0,E
174,2,3,2,0,S
174,2,4,2,0,E
174,2,5,2,0,SS
174,4,1,4,0,EEE
174,4,2,4,0,SS
174,4,3,4,0,ES
174,4,4,4,0,ES
174,4,5,4,0,SS
174,5,1,5,0,S
174,5,2,5,0,ESS
174,5,4,5,0,S
174,5,5,5,0,SSS
174,9,1,9,0,SS
174,9,2,9,0,SS
174,9,3,9,0,E
174,9,4,9,0,SESEE
174,9,5,9,0,S
175,2,1,2,0,S
175,2,2,2,0,SEE
175,2,4,2,0,SSS
175,2,5,2,0,S
175,4,1,4,0,SE
175,4,3,4,0,SESS
175,4,4,4,0,E
175,5,1,5,0,ES
175,5,2,5,0,EES
175,5,3,5,0,SS
175,5,4,5,0,E
175,5,5,5,0,S
175,6,1,6,0,ESS
175,6,2,6,0,ES
175,6,3,6,0,ESSESSSSE
175,6,4,6,0,S
175,11,1,11,0,EEE
175,11,2,11,0,S
175,11,3,11,0,EEE
175,11,4,11,0,S
175,11,5,11,0,S
176,1,1,1,0,ESS
176,1,2,1,0,E
176,1,3,1,0,E
176,1,4,1,0,EES
176,1,5,1,0,E
176,5,1,5,0,EE
176,5,2,5,0,SSS
176,5,3,5,0,E
176,6,1,6,1,SEEE
176,6,2,6,1,ES
176,6,3,6,1,E
176,6,4,6,1,SSS
176,6,5,6,1,SS
176,7,1,7,0,SSE
176,7,2,7,0,S
176,7,4,7,0,EE
176,7,5,7,0,E
178,1,1,1,0,ESEEEEES
178,1,2,1,0,E
178,1,3,1,0,E
178,1,4,1,0,E
178,1,5,1,0,EESE
178,4,1,4,0,E
178,4,2,4,0,E
178,4,3,4,0,E
178,4,4,4,0,ES
178,4,5,4,0,EESEEEE
178,6,1,6,0,E
178,6,2,6,0,S
178,6,3,6,0,EEESSS
178,6,4,6,0,EE
178,6,5,6,0,ES
178,7,2,7,0,SSEEEEESS
178,7,3,7,0,EEEE
178,7,4,7,0,EE
178,7,5,7,0,EEESS
178,9,1,9,0,EEEE
178,9,2,9,0,EEEESSSEEEE
178,9,3,9,0,ESSSS
178,9,4,9,0,S
178,9,5,9,0,S
178,12,1,12,0,EEEES
178,12,2,12,0,ES
178,12,4,12,0,E
178,12,5,12,0,EEE
179,4,1,4,0,SS
179,4,2,4,0,S
179,4,3,4,0,S
179,4,4,4,0,E
179,4,5,4,0,S
179,5,1,5,0,EEEE
179,5,2,5,0,S
179,5,3,5,0,EEE
179,5,4,5,0,E
179,5,5,5,0,EE
179,7,1,7,0,EEE
179,7,2,7,0,EEES
179,7,3,7,0,SS
179,7,5,7,0,EEEES
179,8,1,8,0,ESES
179,8,3,8,0,EEES
179,8,4,8,0,S
179,8,5,8,0,EEESE
179,12,1,12,0,S
179,12,2,12,0,EES
179,12,3,12,0,EES
179,12,4,12,0,EESEEES
179,12,5,12,0,SSSE
180,1,1,1,0,S
180,1,2,1,0,S
180,1,3,1,0,S
180,1,4,1,0,S
180,1,5,1,0,S
180,2,2,2,0,ESS
180,2,3,2,0,ES
180,2,4,2,0,S
180,2,5,2,0,S
180,3,1,3,0,S
180,3,2,3,0,ES
180,3,3,3,0,S
180,3,5,3,0,S
180,4,1,4,0,S
180,4,2,4,0,S
180,4,3,4,0,S
180,4,4,4,0,S
180,4,5,4,0,S
180,6,1,6,0,ES
180,6,2,6,0,S
180,6,3,6,0,S
180,6,4,6,0,S
180,6,5,6,0,S
180,7,1,7,0,SS
180,7,3,7,0,SS
180,7,4,7,0,S
180,7,5,7,0,S
180,8,1,8,0,S
180,8,2,8,0,S
180,8,3,8,0,S
180,8,4,8,0,S
180,8,5,8,0,S
180,10,1,10,0,SS
180,10,2,10,0,S
180,10,3,10,0,SS
180,10,4,10,0,SS
180,10,5,10,0,S
180,11,1,11,0,S
180,11,2,11,0,SS
180,11,3,11,0,S
180,11,4,11,0,S
180,11,5,11,0,S
180,12,1,12,0,S
180,12,2,12,0,S
180,12,3,12,0,ES
180,12,4,12,0,S
180,12,5,12,0,S
181,1,1,1,0,EEEEESSS
181,1,2,1,0,ESS
181,1,3,1,0,SS
181,1,4,1,0,ESESSS
181,1,5,1,0,S
181,2,1,2,0,ESESSS
181,2,2,2,0,ESS
181,2,4,2,0,S
181,2,5,2,0,S
181,3,1,3,0,SS
181,3,3,3,0,EESE
181,3,4,3,0,SS
181,3,5,3,0,SS
181,4,1,4,0,SS
181,4,2,4,0,EESS
181,4,3,4,0,SSSSSSSES
181,4,4,4,0,SS
181,4,5,4,0,SS
181,6,1,6,0,S
181,6,2,6,0,SSSEES
181,6,4,6,0,S
181,6,5,6,0,ES
181,8,1,8,0,EEES
181,8,3,8,0,EE
181,8,5,8,0,EESS
181,9,1,9,0,EEEEEES
181,9,2,9,0,S
181,9,3,9,0,ES
181,9,4,9,0,S
181,9,5,9,0,S
181,12,1,12,0,ES
181,12,2,12,0,ES
181,12,3,12,0,EESSS
181,12,5,12,0,S
182,1,1,1,0,ESE
182,1,2,1,0,EEEEEESEESEEEEES
182,1,3,1,0,ES
182,1,4,1,0,ES
182,1,5,1,0,EES
182,2,1,2,0,SS
182,2,2,2,0,S
182,2,3,2,0,SEEES
182,2,4,2,0,SES
182,2,5,2,0,EEEESS
182,3,1,3,0,EES
182,3,2,3,0,EEEES
182,3,3,3,0,S
182,3,5,3,0,SSSSEEEEEEEEEESES
182,4,1,4,0,ES
182,4,2,4,0,SSSEEEEEES
182,4,3,4,0,EEESSEESS
182,4,4,4,0,ES
182,4,5,4,0,EEEEEEEEEEEESSSSEESS
182,5,1,5,0,ES
182,5,2,5,0,EEEESSSSSSESSS
182,5,3,5,0,SSEEESEEEEEEEES
182,5,4,5,0,SES
182,5,5,5,0,ESES
182,6,1,6,0,SSSEES
182,6,2,6,0,S
182,6,3,6,0,SSSES
182,6,4,6,0,ES
182,6,5,6,0,ESEEEEEES
182,7,1,7,0,EES
182,7,2,7,0,EEEESSS
182,7,4,7,0,EESS
182,7,5,7,0,EESS
182,9,1,9,0,EEEEEEEESESS
182,9,2,9,0,ESES
182,9,3,9,0,EEEEESSSS
182,9,4,9,0,ESSS
182,9,5,9,0,EESEEEEES
182,10,1,10,0,ESSSESSSSS
182,10,2,10,0,SS
182,10,3,10,0,ES
182,10,4,10,0,EEES
182,10,5,10,0,S
182,11,1,11,0,S
182,11,2,11,0,S
182,11,3,11,0,ESEEES
182,11,4,11,0,SES
182,11,5,11,0,SS
182,12,1,12,0,EES
182,12,2,12,0,S
182,12,3,12,0,SEEEE
182,12,4,12,0,S
182,12,5,12,0,ESEESESS
183,1,2,1,0,SSSSS
183,1,3,1,0,S
183,1,4,1,0,SS
183,1,5,1,0,EEEEEESSES
183,2,1,2,0,EE
183,2,2,2,0,SSSSE
183,2,3,2,0,EESEES
183,2,4,2,0,ESSSS
183,4,1,4,0,S
183,4,3,4,0,SSSSEEEES
183,4,4,4,0,E
183,5,1,5,0,ES
183,5,2,5,0,EEEEEEEESS
183,5,3,5,0,EESS
183,5,4,5,0,EEEEE
183,6,1,6,0,ES
183,6,2,6,0,SS
183,6,3,6,0,S
183,6,4,6,0,S
183,6,5,6,0,SSESSESS
183,7,2,7,0,ESS
183,7,3,7,0,SSS
183,7,4,7,0,ESSS
183,7,5,7,0,S
183,8,1,8,0,EES
183,8,2,8,0,ESE
183,8,3,8,0,EEEE
183,8,4,8,0,ES
183,8,5,8,0,S
183,10,1,10,0,EEEEEEEEESSS
183,10,2,10,0,E
183,10,3,10,0,EESSSS
183,10,4,10,0,SEES
183,11,1,11,0,S
183,11,2,11,0,EEEEEEESS
183,11,3,11,0,SS
183,11,4,11,0,EES
183,11,5,11,0,EEEEE
183,12,2,12,0,ESEES
183,12,3,12,0,EEESSS
183,12,4,12,0,SS
183,12,5,12,0,SS
184,2,1,2,0,S
184,2,2,2,0,E
184,2,3,2,0,S
184,2,4,2,0,S
184,2,5,2,0,S
184,3,1,3,0,S
184,3,2,3,0,S
184,3,3,3,0,SS
184,3,4,3,0,S
184,3,5,3,0,S
184,4,1,4,0,S
184,4,2,4,0,S
184,4,3,4,0,S
184,4,4,4,0,S
184,4,5,4,0,S
184,5,1,5,0,S
184,5,2,5,0,S
184,5,3,5,0,S
184,5,5,5,0,S
184,6,1,6,0,S
184,6,2,6,0,S
184,6,3,6,0,S
184,6,4,6,0,S
184,6,5,6,0,S
184,7,1,7,0,S
184,7,2,7,0,ES
184,7,3,7,0,S
184,7,4,7,0,S
184,7,5,7,0,ES
184,8,1,8,0,SS
184,8,2,8,0,S
184,8,3,8,0,S
184,8,4,8,0,S
184,8,5,8,0,S
184,10,1,10,0,ES
184,10,2,10,0,E
184,10,3,10,0,S
184,10,4,10,0,SS
184,10,5,10,0,S
184,11,1,11,0,ES
184,11,2,11,0,S
184,11,3,11,0,S
184,11,4,11,0,S
184,11,5,11,0,S
185,1,1,1,0,S
185,1,2,1,0,S
185,1,3,1,0,SS
185,1,4,1,0,S
185,1,5,1,0,SS
185,2,1,2,0,ES
185,2,2,2,0,E
185,2,3,2,0,S
185,2,4,2,0,S
185,2,5,2,0,ESS
185,5,1,5,0,S
185,5,2,5,0,E
185,5,3,5,0,SS
185,5,4,5,0,S
185,5,5,5,0,EES
185,7,1,7,0,SS
185,7,2,7,0,ES
185,7,3,7,0,SSS
185,7,4,7,0,ES
185,7,5,7,0,SSSS
185,9,1,9,0,SS
185,9,2,9,0,S
185,9,3,9,0,SS
185,9,4,9,0,S
185,9,5,9,0,S
185,10,1,10,0,S
185,10,2,10,0,S
185,10,3,10,0,SS
185,10,4,10,0,S
185,10,5,10,0,SS
185,11,1,11,0,SS
185,11,2,11,0,SSS
185,11,3,11,0,EES
185,11,4,11,0,S
185,11,5,11,0,EES
185,12,1,12,0,SSS
185,12,2,12,0,E
185,12,3,12,0,ESSSS
185,12,4,12,0,S
185,12,5,12,0,S
186,1,1,1,0,SS
186,1,2,1,0,S
186,1,3,1,0,S
186,1,4,1,0,SES
186,1,5,1,0,S
186,2,1,2,0,S
186,2,2,2,0,S
186,2,3,2,0,S
186,2,4,2,0,ESS
186,2,5,2,0,S
186,3,1,3,0,EEEES
186,3,2,3,0,SS
186,3,3,3,0,SEEEEEESEES
186,3,4,3,0,EEESES
186,3,5,3,0,SSS
186,4,1,4,0,SSSEES
186,4,2,4,0,EEEEESSSEEE
186,4,3,4,0,SSS
186,4,4,4,0,SS
186,4,5,4,0,ES
186,5,1,5,0,ES
186,5,4,5,0,ES
186,5,5,5,0,SEEES
186,6,1,6,0,EES
186,6,3,6,0,ESS
186,6,5,6,0,SSS
186,7,1,7,0,EEEEEES
186,7,2,7,0,S
186,7,3,7,0,EEES
186,7,4,7,0,S
186,7,5,7,0,S
186,9,1,9,0,EES
186,9,2,9,0,S
186,9,3,9,0,SSS
186,9,4,9,0,SSSSSSS
186,9,5,9,0,SS
186,11,1,11,0,SSS
186,11,2,11,0,SEEEESS
186,11,3,11,0,EES
186,11,4,11,0,SES
186,11,5,11,0,EESSSESS
186,12,1,12,0,EES
186,12,2,12,0,ESS
186,12,4,12,0,ES
186,12,5,12,0,ESSSS
187,1,2,1,0,S
187,1,3,1,0,S
187,1,4,1,0,S
187,1,5,1,0,ESS
187,2,1,2,0,SES
187,2,2,2,0,S
187,2,3,2,0,S
187,2,4,2,0,S
187,2,5,2,0,ES
187,3,1,3,0,SS
187,3,2,3,0,S
187,3,3,3,0,S
187,3,4,3,0,EES
187,3,5,3,0,SS
187,4,1,4,0,S
187,4,3,4,0,S
187,4,4,4,0,S
187,4,5,4,0,SSS
187,5,1,5,0,S
187,5,2,5,0,ES
187,5,3,5,0,ESES
187,5,4,5,0,S
187,6,1,6,0,ES
187,6,2,6,0,S
187,6,3,6,0,S
187,6,4,6,0,S
187,6,5,6,0,SS
187,7,2,7,0,S
187,7,3,7,0,SSS
187,7,4,7,0,S
187,7,5,7,0,ES
187,9,3,9,0,S
187,9,4,9,0,S
187,9,5,9,0,ES
187,11,1,11,0,S
187,11,2,11,0,S
187,11,3,11,0,S
187,11,4,11,0,SSS
187,11,5,11,0,SSS
187,12,1,12,0,SSSSS
187,12,2,12,0,S
187,12,3,12,0,S
187,12,4,12,0,E
187,12,5,12,0,S
188,1,1,1,0,EE
188,1,2,1,0,EEES
188,1,3,1,0,S
188,1,4,1,0,SSSEE
188,1,5,1,0,EEEESSEEEES
188,2,1,2,0,SSEEES
188,2,2,2,0,SE
188,2,3,2,0,EES
188,2,4,2,0,S
188,2,5,2,0,S
188,3,1,3,0,EEES
188,3,2,3,0,EEEESSS
188,3,3,3,0,SSSSSESEESESS
188,3,4,3,0,EEE
188,3,5,3,0,S
188,4,2,4,0,EESS
188,4,3,4,0,EESS
188,4,4,4,0,S
188,4,5,4,0,S
188,5,1,5,0,ESSSS
188,5,2,5,0,E
188,5,3,5,0,EEE
188,5,4,5,0,EEESEEES
188,5,5,5,0,EE
188,6,1,6,0,EES
188,6,2,6,0,SS
188,6,3,6,0,ESS
188,6,4,6,0,ES
188,6,5,6,0,ES
188,8,1,8,0,S
188,8,2,8,0,ESES
188,8,3,8,0,EES
188,8,4,8,0,SS
188,8,5,8,0,SS
188,10,2,10,0,EEEESEES
188,10,4,10,0,SSE
188,10,5,10,0,EEEEEESSSS
188,12,1,12,0,ESSEEEESES
188,12,2,12,0,EEEESSSS
188,12,3,12,0,SSSSS
188,12,4,12,0,ES
188,12,5,12,0,EES
189,1,1,1,0,ESS
189,1,2,1,0,S
189,1,3,1,0,ESSESS
189,1,4,1,0,SS
189,1,5,1,0,S
189,3,1,3,0,SSS
189,3,2,3,0,ESSEESSS
189,3,3,3,0,ES
189,3,4,3,0,S
189,3,5,3,0,SS
189,4,1,4,0,SS
189,4,2,4,0,SSS
189,4,3,4,0,EEES
189,4,4,4,0,S
189,4,5,4,0,EEEES
189,5,1,5,0,EEEESSS
189,5,2,5,0,EES
189,5,3,5,0,SES
189,5,4,5,0,EES
189,5,5,5,0,S
189,6,1,6,0,ES
189,6,2,6,0,ESESS
189,6,3,6,0,S
189,6,4,6,0,ESS
189,6,5,6,0,ES
189,7,1,7,0,SS
189,7,2,7,0,EEE
189,7,3,7,0,S
189,7,4,7,0,EEES
189,7,5,7,0,SSSSS
189,8,1,8,0,SS
189,8,3,8,0,S
189,8,4,8,0,ES
189,8,5,8,0,EE
189,9,1,9,0,ES
189,9,2,9,0,SES
189,9,3,9,0,S
189,9,4,9,0,S
189,9,5,9,0,S
189,11,1,11,0,ES
189,11,2,11,0,ESS
189,11,3,11,0,ESEES
189,11,4,11,0,S
189,11,5,11,0,SS
189,12,1,12,0,S
189,12,2,12,0,EES
189,12,3,12,0,ES
189,12,4,12,0,ES
189,12,5,12,0,ES
190,2,1,2,0,SEES
190,2,2,2,0,S
190,2,3,2,0,ESSS
190,2,4,2,0,SSS
190,2,5,2,0,EE
190,4,1,4,0,E
190,4,2,4,0,EE
190,4,3,4,0,EEE
190,4,4,4,0,ESSEE
190,4,5,4,0,S
190,5,1,5,0,S
190,5,2,5,0,EES
190,5,3,5,0,EES
190,5,4,5,0,S
190,5,5,5,0,E
191,1,1,1,0,SS
191,1,4,1,0,S
191,1,5,1,0,EEE
191,2,1,2,0,SSEEEEEESEEEEEEEEEEEEEEEEESEEE
191,2,2,2,0,SEEESEES
191,2,3,2,0,EEEES
191,2,4,2,0,EEEEEE
191,2,5,2,0,S
191,3,1,3,0,SSEEEEEEEEEEEEEEEEESSEEEEEEES
191,3,2,3,0,EEEEEEEE
191,3,3,3,0,SSSEEE
191,3,4,3,0,EESSS
191,3,5,3,0,EEEESSSEEEEESESEEEEEEEEESEEEEE
191,4,1,4,0,E
191,4,2,4,0,EEEEEEE
191,4,3,4,0,EESEEESEEEEEEEEEESESEESEE
191,4,4,4,0,EEEEEEEEEESSS
191,4,5,4,0,EEE
191,5,1,5,0,EEEEESS
191,5,2,5,0,EEEEEEEE
191,5,3,5,0,EEEEEEEEEE
191,5,4,5,0,EEESEEESS
191,5,5,5,0,EES
191,6,2,6,0,EEEEEEEEEESSEEEEEEEESEEEEEEEEE
191,6,3,6,0,EEEEESEESE
191,6,4,6,0,SS
191,6,5,6,0,EESSEEESS
191,10,1,10,0,SSSEEEEE
191,10,2,10,0,EEES
191,10,3,10,0,EEEES
191,10,4,10,0,S
191,10,5,10,0,EEEEEEEEEEEEEEESSEESEEEEEESE
191,11,1,11,0,EEEEEEEEEEEEEES
191,11,2,11,0,EEEE
191,11,3,11,0,EEEEEEEEEE
191,11,4,11,0,EEESSSESSSEEEEEEEEEEE
191,11,5,11,0,EEEEEEES
192,1,1,1,0,EE
192,1,2,1,0,S
192,1,3,1,0,EES
192,1,5,1,0,SESSS
192,2,1,2,0,S
192,2,2,2,0,S
192,2,3,2,0,ES
192,2,4,2,0,ES
192,2,5,2,0,SSS
192,3,1,3,0,SSSES
192,3,3,3,0,EE
192,3,4,3,0,E
192,3,5,3,0,EES
192,4,1,4,0,SS
192,4,2,4,0,SEEE
192,4,3,4,0,SSSS
192,4,4,4,0,EESESS
192,4,5,4,0,S
192,5,1,5,0,SESESS
192,5,2,5,0,ESSS
192,5,4,5,0,S
192,5,5,5,0,EEES
192,6,1,6,0,EES
192,6,2,6,0,S
192,6,3,6,0,S
192,6,4,6,0,EEESESS
192,6,5,6,0,EEE
192,8,1,8,0,SSES
192,8,2,8,0,S
192,8,3,8,0,ESS
192,8,4,8,0,SS
192,8,5,8,0,EES
192,9,1,9,0,S
192,9,2,9,0,SSS
192,9,3,9,0,S
192,9,4,9,0,ESS
192,9,5,9,0,EES
192,10,1,10,0,SSSSS
192,10,3,10,0,SSEES
192,10,4,10,0,ESES
192,10,5,10,0,SSS
192,11,1,11,0,ES
192,11,3,11,0,S
192,11,5,11,0,S
192,12,1,12,0,EESES
192,12,2,12,0,ES
192,12,3,12,0,S
192,12,5,12,0,SS
193,1,1,1,0,EE
193,1,3,1,0,E
193,1,4,1,0,EESS
193,1,5,1,0,EEES
193,2,1,2,0,EEESEEE
193,2,2,2,0,S
193,2,3,2,0,EE
193,2,4,2,0,EESSSSSS
193,2,5,2,0,E
193,6,1,6,0,EE
193,6,2,6,0,ESEESSEEEEEEE
193,6,3,6,0,EE
193,6,4,6,0,EEEEES
193,6,5,6,0,SEEESEEEEEE
193,7,1,7,0,EES
193,7,2,7,0,EEEEEEESSSE
193,7,3,7,0,E
193,7,4,7,0,ESESEEEEEEEEEEESE
193,7,5,7,0,EE
193,10,2,10,0,EEEEE
193,10,3,10,0,EE
193,10,4,10,0,EEE
193,10,5,10,0,EEEEEE
194,1,1,1,0,E
194,1,2,1,0,SESEES
194,1,3,1,0,S
194,1,4,1,0,S
194,1,5,1,0,S
194,2,2,2,0,EESSS
194,2,3,2,0,ES
194,2,4,2,0,S
194,2,5,2,0,SS
194,3,1,3,0,S
194,3,2,3,0,SS
194,3,3,3,0,ESSE
194,3,4,3,0,SS
194,3,5,3,0,EES
194,4,1,4,0,S
194,4,2,4,0,SS
194,4,3,4,0,ES
194,4,4,4,0,S
194,4,5,4,0,S
194,5,1,5,0,S
194,5,2,5,0,EESS
194,5,3,5,0,S
194,5,4,5,0,S
194,5,5,5,0,S
194,6,1,6,0,ES
194,6,2,6,0,EESSS
194,6,3,6,0,S
194,6,4,6,0,SS
194,6,5,6,0,S
194,7,1,7,0,S
194,7,2,7,0,S
194,7,3,7,0,SSES
194,7,4,7,0,ES
194,7,5,7,0,SS
194,8,1,8,0,ES
194,8,2,8,0,S
194,8,3,8,0,S
194,8,4,8,0,E
194,8,5,8,0,S
194,9,1,9,0,SES
194,9,3,9,0,S
194,9,4,9,0,S
194,9,5,9,0,S
194,11,1,11,0,SSSSS
194,11,3,11,0,S
194,11,4,11,0,SSS
195,1,1,1,0,SS
195,1,2,1,0,SSEEE
195,1,3,1,0,EEEESES
195,1,4,1,0,EESS
195,1,5,1,0,SS
195,2,1,2,0,EES
195,2,3,2,0,ES
195,2,4,2,0,SS
195,3,1,3,0,ES
195,3,2,3,0,S
195,3,3,3,0,S
195,3,4,3,0,EESSS
195,3,5,3,0,EES
195,4,1,4,0,EEESSESSSSE
195,4,3,4,0,EEEES
195,4,4,4,0,EEEES
195,4,5,4,0,S
195,5,1,5,0,S
195,5,2,5,0,EEEEEESSS
195,5,3,5,0,EEEE
195,5,4,5,0,EEESSSSSEESSS
195,5,5,5,0,S
195,6,1,6,0,ESSEEESE
195,6,2,6,0,S
195,6,3,6,0,ES
195,6,4,6,0,EEEEES
195,6,5,6,0,S
195,8,1,8,0,ESSSSESEESSS
195,8,2,8,0,ESS
195,8,3,8,0,S
195,8,5,8,0,ES
195,9,1,9,0,SS
195,9,2,9,0,ESEES
195,9,3,9,0,EESS
195,9,4,9,0,ESSEEES
195,9,5,9,0,EESEE
196,1,1,1,0,S
196,1,2,1,0,ESS
196,1,3,1,0,SSSS
196,1,4,1,0,SSS
196,1,5,1,0,S
196,2,1,2,0,SS
196,2,2,2,0,EESS
196,2,3,2,0,ES
196,2,4,2,0,EEES
196,2,5,2,0,S
196,3,1,3,0,S
196,3,3,3,0,SESS
196,3,5,3,0,S
196,4,2,4,0,EEES
196,4,3,4,0,EEE
196,4,4,4,0,ES
196,5,1,5,0,ESSES
196,5,2,5,0,ESSS
196,5,3,5,0,EEEESSEE
196,5,4,5,0,S
196,5,5,5,0,S
196,6,1,6,0,S
196,6,2,6,0,ES
196,6,3,6,0,ESS
196,6,4,6,0,EES
196,6,5,6,0,EESESS
196,8,1,8,0,ESSS
196,8,3,8,0,S
196,8,4,8,0,S
196,8,5,8,0,SS
196,9,1,9,0,SSSSS
196,9,2,9,0,SS
196,9,3,9,0,EEESSS
196,9,4,9,0,ES
196,9,5,9,0,ES
196,10,1,10,0,SSS
196,10,2,10,0,ES
196,10,3,10,0,ESS
196,10,4,10,0,S
196,10,5,10,0,SSS
196,12,1,12,0,S
196,12,2,12,0,S
196,12,4,12,0,ES
196,12,5,12,0,ESSSS
197,1,1,1,0,S
197,1,2,1,0,S
197,1,3,1,0,SSSSSS
197,1,4,1,0,SEE
197,1,5,1,0,EES
197,2,1,2,0,EEEES
197,2,2,2,0,S
197,2,3,2,0,E
197,2,4,2,0,EE
197,2,5,2,0,ESS
197,3,1,3,0,EEES
197,3,2,3,0,ESSE
197,3,3,3,0,EESESSS
197,3,4,3,0,EEE
197,3,5,3,0,EESE
197,4,1,4,1,SSEEEES
197,4,2,4,1,ES
197,4,3,4,1,E
197,4,4,4,1,ESEEEEEEES
197,4,5,4,1,EEESSS
197,5,1,5,0,EESES
197,5,3,5,0,SESS
197,5,4,5,0,E
197,5,5,5,0,SSSSSSS
197,8,1,8,1,SS
197,8,2,8,1,EESEEEEES
197,8,3,8,1,S
197,8,4,8,1,EEEEEES
197,8,5,8,1,EEESSSSSSSSESEE
197,10,1,10,0,SESEEEESEEEESSSSS
197,10,2,10,0,S
197,10,3,10,0,S
197,10,4,10,0,S
197,10,5,10,0,ESS
197,11,1,11,1,ESEEEEEEEEES
197,11,2,11,1,SS
197,11,3,11,1,EEEES
197,11,4,11,1,EEEESSS
197,11,5,11,1,SS
197,12,1,12,0,SEEEESS
197,12,2,12,0,EEES
197,12,3,12,0,EEEEEES
197,12,4,12,0,SS
197,12,5,12,0,EEEESS
198,1,1,1,0,EEES
198,1,2,1,0,S
198,1,3,1,0,EES
198,1,5,1,0,S
198,2,2,2,0,ES
198,2,3,2,0,S
198,2,5,2,0,ES
198,3,1,3,0,EES
198,3,2,3,0,S
198,3,3,3,0,ESS
198,3,4,3,0,SSES
198,3,5,3,0,EEESSSS
198,4,1,4,0,S
198,4,2,4,0,SESS
198,4,3,4,0,SS
198,4,4,4,0,ES
198,4,5,4,0,S
198,5,1,5,0,S
198,5,2,5,0,ES
198,5,3,5,0,EEESS
198,5,4,5,0,ES
198,5,5,5,0,S
198,6,1,6,0,EES
198,6,2,6,0,SS
198,6,3,6,0,SSS
198,6,4,6,0,S
198,6,5,6,0,S
198,7,1,7,0,S
198,7,2,7,0,S
198,7,4,7,0,SS
198,7,5,7,0,S
198,8,1,8,0,ES
198,8,2,8,0,S
198,8,3,8,0,S
198,8,4,8,0,S
198,8,5,8,0,S
198,9,1,9,0,S
198,9,2,9,0,S
198,9,3,9,0,S
198,9,4,9,0,SEESEES
198,9,5,9,0,S
198,10,1,10,0,ES
198,10,2,10,0,SES
198,10,4,10,0,S
198,10,5,10,0,ES
198,11,1,11,0,EES
198,11,2,11,0,S
198,11,3,11,0,S
198,11,4,11,0,SS
198,11,5,11,0,ES
198,12,1,12,0,S
198,12,2,12,0,S
198,12,3,12,0,SSS
198,12,4,12,0,ES
198,12,5,12,0,S
199,1,1,1,0,ES
199,1,2,1,0,S
199,1,3,1,0,SS
199,1,4,1,0,SS
199,1,5,1,0,S
199,3,1,3,0,S
199,3,2,3,0,S
199,3,3,3,0,S
199,3,4,3,0,ES
199,3,5,3,0,S
199,4,1,4,0,SS
199,4,2,4,0,S
199,4,3,4,0,SS
199,4,4,4,0,SS
199,4,5,4,0,ES
199,6,1,6,0,S
199,6,2,6,0,S
199,6,3,6,0,S
199,6,4,6,0,S
199,6,5,6,0,S
199,10,1,10,0,ESS
199,10,2,10,0,SSES
199,10,3,10,0,ES
199,10,4,10,0,SS
199,10,5,10,0,S
199,11,1,11,0,S
199,11,2,11,0,S
199,11,3,11,0,S
199,11,4,11,0,SS
199,11,5,11,0,S
199,12,2,12,0,S
199,12,3,12,0,S
199,12,4,12,0,S
199,12,5,12,0,S
200,1,1,1,0,SEES
200,1,2,1,0,SSS
200,1,3,1,0,S
200,1,4,1,0,EESS
200,1,5,1,0,ES
200,3,1,3,0,EES
200,3,2,3,0,SSSS
200,3,3,3,0,SS
200,3,4,3,0,EEE
200,3,5,3,0,SS
200,4,1,4,0,SS
200,4,3,4,0,S
200,4,4,4,0,EEESSSS
200,4,5,4,0,ESS
200,5,1,5,0,EEES
200,5,2,5,0,ES
200,5,3,5,0,S
200,5,4,5,0,S
200,5,5,5,0,SS
200,8,1,8,0,SSEEE
200,8,2,8,0,ES
200,8,3,8,0,S
200,8,4,8,0,ES
200,8,5,8,0,ES
200,11,2,11,0,EES
200,11,3,11,0,EES
200,11,4,11,0,S
200,11,5,11,0,EEEES
200,12,1,12,0,SS
200,12,2,12,0,S
200,12,3,12,0,S
200,12,4,12,0,SS
200,12,5,12,0,E
201,1,1,1,0,EEE
201,1,2,1,0,ESESSSS
201,1,3,1,0,E
201,1,4,1,0,EEESSS
201,4,1,4,1,ESS
201,4,2,4,1,SESSSSSSSEE
201,4,3,4,1,SEEES
201,4,4,4,1,S
201,4,5,4,1,ES
201,5,1,5,1,SEEEE
201,5,2,5,1,SE
201,5,3,5,1,EEE
201,5,4,5,1,ESSES
201,5,5,5,1,EEEES
201,6,1,6,0,S
201,6,2,6,0,EESSS
201,6,3,6,0,ESEEESSSSS
201,6,4,6,0,E
201,6,5,6,0,SSS
201,10,1,10,1,EEEEE
201,10,3,10,1,EEE
201,10,4,10,1,EEEESESE
201,10,5,10,1,E
201,11,1,11,0,ESS
201,11,3,11,0,EES
201,11,4,11,0,SEEEEESS
201,11,5,11,0,ES
202,1,1,1,0,ES
202,1,3,1,0,EEE
202,1,4,1,0,SSEESSSSEES
202,2,1,2,1,EEE
202,2,2,2,1,E
202,2,5,2,1,E
202,4,1,4,1,ES
202,4,2,4,1,EEES
202,4,3,4,1,SSSSSSEEEEEEEE
202,4,4,4,1,SSS
202,4,5,4,1,EE
202,5,1,5,1,SESEES
202,5,2,5,1,EEESS
202,5,3,5,1,SS
202,5,4,5,1,EEE
202,5,5,5,1,EE
202,6,1,6,0,EEE
202,6,2,6,0,SS
202,6,3,6,0,ES
202,6,5,6,0,ES
202,8,2,8,1,EEEE
202,8,4,8,1,EES
202,8,5,8,1,E
203,1,1,1,1,EEES
203,1,2,1,1,EESS
203,1,3,1,1,ESSSS
203,1,4,1,1,EES
203,1,5,1,1,S
203,2,1,2,0,ESSS
203,2,2,2,0,S
203,2,3,2,0,ESSEEESEEE
203,2,4,2,0,S
203,2,5,2,0,SSS
203,3,1,3,1,S
203,3,2,3,1,E
203,3,4,3,1,ES
203,3,5,3,1,ESS
203,4,1,4,0,EES
203,4,2,4,0,SS
203,4,3,4,0,S
203,4,4,4,0,SSS
203,4,5,4,0,ESSESEESS
203,5,1,5,1,SESSSS
203,5,2,5,1,E
203,5,3,5,1,ESSEESS
203,5,4,5,1,EEESSS
203,5,5,5,1,SEESESSS
203,6,1,6,0,EEEES
203,6,2,6,0,S
203,6,3,6,0,EEEEES
203,6,4,6,0,SES
203,6,5,6,0,EESSESS
203,10,1,10,1,E
203,10,2,10,1,SS
203,10,3,10,1,S
203,10,4,10,1,SS
203,10,5,10,1,ES
203,11,1,11,1,SSE
203,11,3,11,1,E
203,11,4,11,1,S
203,11,5,11,1,S
203,12,1,12,1,ESESEEEESESS
203,12,2,12,1,S
203,12,3,12,1,S
203,12,4,12,1,SEE
203,12,5,12,1,S
204,1,1,1,0,EEEE
204,1,2,1,0,SEEEEEEESSSSS
204,1,3,1,0,SSSESESEEE
204,1,4,1,0,EESSEEEEEES
204,1,5,1,0,EEEEESEESES
204,2,1,2,0,EEEES
204,2,2,2,0,ES
204,2,3,2,0,EEES
204,2,4,2,0,ESSSEEEEEES
204,3,1,3,0,ESS
204,3,3,3,0,EEEES
204,3,4,3,0,ESSEEEES
204,3,5,3,0,SSEESSEEEEESS
204,4,3,4,0,ES
204,4,4,4,0,EE
204,4,5,4,0,S
204,5,1,5,0,EEEEEESSS
204,5,2,5,0,SSEEEEEEEE
204,5,3,5,0,SS
204,5,4,5,0,EESSS
204,5,5,5,0,EES
204,6,1,6,0,EEESSESSSSSS
204,6,2,6,0,EEEEEE
204,6,3,6,0,SEESS
204,6,4,6,0,EEEEEEESES
204,6,5,6,0,S
204,9,1,9,0,SSSESS
204,9,3,9,0,EES
204,9,4,9,0,EESSEEEEEEESSEEEEEEEEES
204,9,5,9,0,ESEEEES
204,11,1,11,0,S
204,11,2,11,0,EESESSS
204,11,3,11,0,EES
204,11,5,11,0,SSSS
205,2,1,2,0,SS
205,2,2,2,0,ESSS
205,2,3,2,0,S
205,2,4,2,0,S
205,2,5,2,0,S
205,3,1,3,0,S
205,3,2,3,0,SEES
205,3,3,3,0,S
205,3,4,3,0,SSS
205,3,5,3,0,S
205,4,1,4,0,S
205,4,2,4,0,ESSS
205,4,3,4,0,ESS
205,5,1,5,0,EE
205,5,3,5,0,SES
205,5,4,5,0,S
205,5,5,5,0,S
205,6,1,6,0,ES
205,6,3,6,0,S
205,6,4,6,0,S
205,6,5,6,0,S
205,7,1,7,0,EESSSS
205,7,3,7,0,ES
205,7,4,7,0,SS
205,7,5,7,0,EESSSSSS
206,1,1,1,0,SEEEES
206,1,2,1,0,S
206,1,4,1,0,SSEES
206,1,5,1,0,S
206,2,2,2,0,S
206,2,3,2,0,SSEEES
206,2,4,2,0,SSS
206,4,1,4,0,EES
206,4,2,4,0,ES
206,4,3,4,0,SS
206,4,4,4,0,ESSS
206,4,5,4,0,S
206,5,1,5,0,ESSS
206,5,2,5,0,EEEESS
206,5,3,5,0,S
206,5,4,5,0,ESSS
206,5,5,5,0,EES
207,2,1,2,0,EESSS
207,2,2,2,0,S
207,2,3,2,0,S
207,2,4,2,0,EESSS
207,2,5,2,0,E
207,3,1,3,1,S
207,3,2,3,1,SS
207,3,3,3,1,SEEEEE
207,3,4,3,1,SSSSESSSEE
207,3,5,3,1,SEES
207,4,1,4,0,SSEES
207,4,2,4,0,SEEE
207,4,3,4,0,SSS
207,4,4,4,0,ESEESE
207,4,5,4,0,EEESSE
208,1,1,1,0,ESS
208,1,2,1,0,ESE
208,1,4,1,0,S
208,2,1,2,0,SS
208,2,3,2,0,EESSS
208,2,4,2,0,ESSS
208,2,5,2,0,EES
208,3,1,3,0,SSSEEEEES
208,3,2,3,0,S
208,3,3,3,0,EEEEEEEEEEES
208,3,5,3,0,ES
208,4,1,4,0,S
208,4,2,4,0,S
208,4,3,4,0,S
208,4,4,4,0,SEEEEES
208,4,5,4,0,EEEES
208,5,1,5,0,SSESS
208,5,2,5,0,EE
208,5,3,5,0,S
208,5,4,5,0,ESS
208,5,5,5,0,EESEEEEEES
208,8,2,8,0,SSSSSESE
208,8,3,8,0,ESS
208,8,4,8,0,EESS
208,8,5,8,0,EEEEEEEEES
208,9,1,9,0,SSESSES
208,9,2,9,0,EEEESS
208,9,3,9,0,SEEEEESS
208,9,4,9,0,SESESSS
208,9,5,9,0,EEEES
208,11,1,11,0,SSS
208,11,2,11,0,SSSS
208,11,3,11,0,S
208,11,4,11,0,EE
208,11,5,11,0,EESEESSS
208,12,1,12,0,SSE
208,12,2,12,0,ESSSSSS
208,12,3,12,0,ESEES
208,12,4,12,0,EEESS
209,1,1,1,0,S
209,1,2,1,0,S
209,1,3,1,0,SS
209,1,5,1,0,S
209,2,1,2,0,SSS
209,2,2,2,0,E
209,2,4,2,0,SSS
209,2,5,2,0,SS
209,3,1,3,0,S
209,3,2,3,0,EEE
209,3,3,3,0,S
209,3,4,3,0,SS
209,3,5,3,0,ES
209,4,1,4,0,S
209,4,2,4,0,ES
209,4,3,4,0,S
209,4,4,4,0,EES
209,4,5,4,0,S
209,5,1,5,0,ES
209,5,2,5,0,EES
209,5,3,5,0,S
209,5,4,5,0,S
209,5,5,5,0,SS
209,6,1,6,0,S
209,6,2,6,0,EEE
209,6,4,6,0,S
209,6,5,6,0,E
209,7,1,7,0,EEES
209,7,2,7,0,S
209,7,3,7,0,S
209,7,4,7,0,ESESSS
209,7,5,7,0,S
209,8,1,8,0,S
209,8,2,8,0,S
209,8,3,8,0,SSEE
209,8,5,8,0,ES
209,9,1,9,0,SS
209,9,2,9,0,ES
209,9,3,9,0,S
209,9,4,9,0,SE
209,9,5,9,0,E
209,10,1,10,0,ESEEEE
209,10,2,10,0,SSEEEES
209,10,4,10,0,S
209,10,5,10,0,EES
209,12,1,12,0,ES
209,12,2,12,0,E
209,12,3,12,0,ES
209,12,5,12,0,S
211,1,1,1,0,ESSEE
211,1,2,1,0,S
211,1,3,1,0,E
211,1,4,1,0,SSS
211,1,5,1,0,EEEESEESEESSESE
211,2,1,2,0,EESSSESSSSSS
211,2,2,2,0,SESEEEEEEEEEEESSEE
211,2,3,2,0,EEESSSEEEEEEEEEEES
211,2,4,2,0,ESSS
211,2,5,2,0,ESEESES
211,3,1,3,0,E
211,3,2,3,0,SE
211,3,4,3,0,E
211,3,5,3,0,EEES
211,4,1,4,0,SS
211,4,2,4,0,EEESEEEEEE
211,4,3,4,0,EEEEEEEE
211,4,4,4,0,SS
211,4,5,4,0,SS
211,5,1,5,0,SSS
211,5,2,5,0,SS
211,5,3,5,0,SEES
211,5,4,5,0,ESS
211,5,5,5,0,EESS
211,6,1,6,0,ES
211,6,2,6,0,EEEEES
211,6,3,6,0,S
211,6,4,6,0,ES
211,6,5,6,0,EES
211,7,1,7,0,ESSS
211,7,3,7,0,ESE
211,7,4,7,0,SS
211,7,5,7,0,S
211,10,1,10,0,EESE
211,10,2,10,0,S
211,10,3,10,0,SS
211,10,5,10,0,SSS
211,11,1,11,0,ES
211,11,2,11,0,EEEEEEESEEE
211,11,3,11,0,E
211,11,4,11,0,EEEEEE
211,11,5,11,0,ESSSS
211,12,2,12,0,S
211,12,3,12,0,S
211,12,4,12,0,EE
211,12,5,12,0,EEE
213,1,1,1,0,EE
213,1,2,1,0,SE
213,1,3,1,0,SSEES
213,1,4,1,0,SSS
213,1,5,1,0,SES
213,2,1,2,0,S
213,2,2,2,0,SESEEES
213,2,3,2,0,E
213,2,4,2,0,SSSEEEEEEE
213,2,5,2,0,EEE
213,3,1,3,0,EEEEEEE
213,3,2,3,0,S
213,3,4,3,0,S
213,3,5,3,0,EE
213,5,2,5,0,EESE
213,5,3,5,0,ES
213,5,4,5,0,SS
213,5,5,5,0,EE
213,6,1,6,0,SSES
213,6,3,6,0,S
213,6,4,6,0,E
213,6,5,6,0,SEEEE
214,1,1,1,0,S
214,1,2,1,0,SEESES
214,1,3,1,0,S
214,1,4,1,0,S
214,1,5,1,0,S
214,2,1,2,0,SS
214,2,2,2,0,S
214,2,3,2,0,S
214,2,4,2,0,ES
214,2,5,2,0,SEEES
214,3,1,3,0,ES
214,3,2,3,0,SS
214,3,3,3,0,ESESS
214,3,4,3,0,S
214,3,5,3,0,S
214,4,1,4,0,S
214,4,2,4,0,S
214,4,3,4,0,S
214,4,4,4,0,S
214,4,5,4,0,SS
214,5,1,5,0,S
214,5,2,5,0,EESSESSES
214,5,3,5,0,ES
214,5,4,5,0,ESES
214,5,5,5,0,ES
214,6,1,6,0,ES
214,6,2,6,0,S
214,6,4,6,0,EES
214,6,5,6,0,S
214,7,1,7,0,SSS
214,7,2,7,0,S
214,7,3,7,0,SS
214,7,4,7,0,S
214,7,5,7,0,E
214,8,1,8,0,S
214,8,2,8,0,S
214,8,3,8,0,ES
214,8,4,8,0,ES
214,8,5,8,0,SS
214,10,1,10,0,ESS
214,10,2,10,0,SES
214,10,3,10,0,S
214,10,4,10,0,ES
214,10,5,10,0,S
214,11,1,11,0,EESS
214,11,2,11,0,S
214,11,3,11,0,S
214,11,4,11,0,ES
214,11,5,11,0,S
214,12,1,12,0,S
214,12,2,12,0,EEESS
214,12,3,12,0,S
215,1,1,1,0,EESES
215,1,2,1,0,SSS
215,1,3,1,0,S
215,1,4,1,0,S
215,1,5,1,0,SEEEEEEEEEEES
215,2,1,2,0,E
215,2,2,2,0,EEEEEE
215,2,3,2,0,E
215,2,4,2,0,E
215,2,5,2,0,SEEEEES
215,5,1,5,0,ES
215,5,2,5,0,EEEEEEEE
215,5,3,5,0,ES
215,5,4,5,0,SSSEE
215,5,5,5,0,E
215,6,1,6,0,SSSS
215,6,2,6,0,EEE
215,6,3,6,0,SS
215,6,4,6,0,SE
215,6,5,6,0,ESSEEESEEEEEES
215,9,1,9,0,EEEESSS
215,9,2,9,0,SSEEESEEEEEEEEEES
215,9,3,9,0,EEEES
215,9,4,9,0,E
215,9,5,9,0,EEEESSSSESSSSSS
215,12,1,12,0,SSSEES
215,12,2,12,0,EEESS
215,12,3,12,0,SEEEEESSSEE
215,12,4,12,0,E
215,12,5,12,0,SSES
216,1,1,1,0,S
216,1,2,1,0,S
216,1,3,1,0,SSS
216,1,4,1,0,S
216,1,5,1,0,SS
216,4,1,4,0,S
216,4,2,4,0,S
216,4,3,4,0,S
216,4,4,4,0,S
216,4,5,4,0,S
216,8,1,8,0,S
216,8,2,8,0,S
216,8,3,8,0,S
216,8,4,8,0,SS
216,8,5,8,0,S
217,1,2,1,1,ESSS
217,1,3,1,1,EESES
217,1,4,1,1,EESSEEES
217,1,5,1,1,EEEEESS
217,2,1,2,1,EESEESS
217,2,2,2,1,EEEEEEEE
217,2,3,2,1,EEEES
217,2,4,2,1,EEE
217,2,5,2,1,S
217,3,1,3,1,SEESEEES
217,3,2,3,1,SE
217,3,3,3,1,EES
217,3,4,3,1,SSES
217,3,5,3,1,EEEEESSSESSEEEESS
217,4,1,4,1,SSEEEESEES
217,4,2,4,1,S
217,4,3,4,1,SS
217,4,4,4,1,EEESEEESSSS
217,4,5,4,1,SS
217,5,1,5,0,EEE
217,5,2,5,0,EESSS
217,5,3,5,0,EEEEEEESSEEESSS
217,5,4,5,0,ES
217,5,5,5,0,SSE
217,7,1,7,1,EEEEEEE
217,7,2,7,1,S
217,7,3,7,1,S
217,7,4,7,1,SEEEEES
217,7,5,7,1,S
217,9,1,9,0,ESSEEES
217,9,3,9,0,SESEEE
217,9,4,9,0,EEEEEEESSS
217,9,5,9,0,S
217,10,1,10,0,SES
217,10,2,10,0,EES
217,10,3,10,0,SS
217,10,4,10,0,ESS
217,10,5,10,0,SS
217,12,1,12,1,SSSSE
217,12,2,12,1,S
217,12,3,12,1,SSEEES
217,12,4,12,1,EESSEEEESSESSS
217,12,5,12,1,SEEEEEESS
218,1,1,1,1,S
218,1,2,1,1,ES
218,1,3,1,1,S
218,1,4,1,1,S
218,1,5,1,1,S
218,2,1,2,0,EES
218,2,2,2,0,SS
218,2,3,2,0,EESS
218,2,4,2,0,SSS
218,2,5,2,0,ES
218,3,1,3,0,S
218,3,2,3,0,S
218,3,3,3,0,S
218,3,4,3,0,EEESS
218,3,5,3,0,SS
218,4,1,4,0,EEEEEEES
218,4,2,4,0,S
218,4,3,4,0,ESSS
218,4,4,4,0,S
218,4,5,4,0,S
218,5,1,5,1,EES
218,5,2,5,1,SEES
218,5,3,5,1,S
218,5,4,5,1,ES
218,5,5,5,1,S
218,6,1,6,0,EES
218,6,2,6,0,SESSSSES
218,6,5,6,0,S
218,7,1,7,1,EESS
218,7,2,7,1,ESS
218,7,3,7,1,SS
218,7,4,7,1,ES
218,7,5,7,1,S
218,8,2,8,0,ES
218,8,4,8,0,ES
218,8,5,8,0,EESS
218,9,1,9,0,ES
218,9,2,9,0,S
218,9,4,9,0,S
218,9,5,9,0,SSEES
218,10,1,10,1,S
218,10,2,10,1,ESSS
218,10,3,10,1,EESS
218,10,4,10,1,S
218,10,5,10,1,SSSS
218,11,1,11,0,S
218,11,2,11,0,S
218,11,3,11,0,ES
218,11,4,11,0,SS
218,11,5,11,0,S
218,12,1,12,1,EES
218,12,2,12,1,EEES
218,12,4,12,1,SS
218,12,5,12,1,ES
219,1,1,1,0,EEEE
219,1,2,1,0,EEES
219,1,3,1,0,EEEESSS
219,1,4,1,0,EEEEEESS
219,1,5,1,0,EEEES
219,2,1,2,0,E
219,2,2,2,0,SS
219,2,3,2,0,EEESEESESSSEEEEEEESEEEEEEEEEEE
219,2,4,2,0,EE
219,2,5,2,0,EEEEEEEEEESEEES
219,3,1,3,0,S
219,3,2,3,0,EEEEEEEEEEEESS
219,3,3,3,0,S
219,3,4,3,0,EES
219,3,5,3,0,EEESS
219,4,1,4,0,EEEEEEEEESSS
219,4,2,4,0,SEESSESEEESS
219,4,3,4,0,EESSEEEEEEESS
219,4,4,4,0,EEEEEEEESEEEEEEEEEEEEEEE
219,4,5,4,0,SEEEEEEEEEEEEEEEEEEEEEESSEEEEE
219,5,1,5,0,ES
219,5,2,5,0,EEESEEEEESEEES
219,5,3,5,0,EE
219,5,4,5,0,EEEEEEE
219,5,5,5,0,EE
219,6,1,6,0,SESESSSSEEEEEES
219,6,2,6,0,EEEEEEEESEESESEEEEEE
219,6,3,6,0,S
219,6,4,6,0,EESSEEES
219,7,1,7,0,SSSS
219,7,2,7,0,SS
219,7,3,7,0,EEEEEEEEEEEE
219,7,4,7,0,SESS
219,7,5,7,0,EEES
219,10,1,10,0,EEEESSEEESSS
219,10,2,10,0,EE
219,10,3,10,0,ESEEEE
219,10,4,10,0,EESSS
219,12,2,12,0,ES
219,12,3,12,0,ES
219,12,4,12,0,EEESSS
219,12,5,12,0,EEEEE
220,1,1,1,0,EESEEEEESSSS
220,1,3,1,0,S
220,1,4,1,0,S
220,1,5,1,0,ES
220,3,1,3,0,E
220,3,2,3,0,S
220,3,3,3,0,ESEESS
220,3,4,3,0,SSSSS
220,3,5,3,0,SE
220,4,2,4,0,EES
220,4,3,4,0,SS
220,4,4,4,0,E
220,4,5,4,0,SESS
220,5,1,5,0,ESEEESS
220,5,2,5,0,SS
220,5,4,5,0,SEE
220,5,5,5,0,EES
220,6,1,6,0,SSS
220,6,2,6,0,SEEES
220,6,3,6,0,SE
220,6,4,6,0,EEEEE
220,6,5,6,0,EEESSSS
220,7,1,7,0,EEES
220,7,2,7,0,EEEEE
220,7,3,7,0,E
220,7,4,7,0,ES
220,7,5,7,0,EEEESSEES
220,8,1,8,0,SSSS
220,8,3,8,0,EEEE
220,8,5,8,0,ES
220,10,1,10,0,S
220,10,2,10,0,EEE
220,10,3,10,0,S
220,10,4,10,0,ESS
220,10,5,10,0,S
221,5,1,5,0,EEESEEEE
221,5,2,5,0,EE
221,5,3,5,0,S
221,5,4,5,0,ES
221,5,5,5,0,SSSSEES
221,6,1,6,0,S
221,6,2,6,0,E
221,6,3,6,0,S
221,6,4,6,0,E
221,7,1,7,0,S
221,7,2,7,0,EEESSS
221,7,3,7,0,E
221,7,4,7,0,SESS
221,7,5,7,0,EESSE
221,8,1,8,0,EE
221,8,2,8,0,S
221,8,3,8,0,E
221,8,4,8,0,EE
221,8,5,8,0,S
222,3,1,3,1,ESS
222,3,2,3,1,EEEEESEEEEESEEESSSS
222,3,3,3,1,SEEES
222,3,4,3,1,ESSSEEEEEEESSEEEEEEEE
222,3,5,3,1,ES
222,4,2,4,1,ESEEEEEEEESEEEEEEEESEESEEEE
222,4,4,4,1,EESESEEEE
222,4,5,4,1,EEEEEEEEEEEEE
222,7,1,7,1,EEEES
222,7,2,7,1,EEEEE
222,7,3,7,1,SEEESEES
222,7,4,7,1,EEEEEEEEEEEEESSEEEE
222,7,5,7,1,SE
222,11,1,11,1,SESSSS
222,11,2,11,1,ESEEEESS
222,11,3,11,1,EEESSES
222,11,5,11,1,EEEEES
223,1,1,1,0,SS
223,1,2,1,0,S
223,1,3,1,0,S
223,1,4,1,0,S
223,1,5,1,0,S
223,2,1,2,0,S
223,2,2,2,0,SES
223,2,3,2,0,S
223,2,4,2,0,SS
223,2,5,2,0,SS
223,3,1,3,0,S
223,3,2,3,0,S
223,3,3,3,0,S
223,3,4,3,0,S
223,4,1,4,0,S
223,4,2,4,0,S
223,4,3,4,0,S
223,4,4,4,0,S
223,4,5,4,0,S
223,5,1,5,0,S
223,5,2,5,0,S
223,5,3,5,0,S
223,5,4,5,0,EES
223,5,5,5,0,S
223,6,1,6,0,S
223,6,2,6,0,S
223,6,3,6,0,S
223,6,4,6,0,S
223,6,5,6,0,S
223,7,1,7,0,S
223,7,3,7,0,S
223,7,4,7,0,S
223,7,5,7,0,S
223,9,1,9,0,ES
223,9,2,9,0,S
223,9,3,9,0,S
223,9,4,9,0,S
223,9,5,9,0,S
223,10,1,10,0,S
223,10,2,10,0,S
223,10,3,10,0,SS
223,10,5,10,0,S
223,11,1,11,0,S
223,11,2,11,0,S
223,11,3,11,0,S
223,11,4,11,0,S
223,12,1,12,0,ES
223,12,3,12,0,SS
223,12,4,12,0,SS
223,12,5,12,0,S
224,1,1,1,1,ESS
224,1,2,1,1,EEE
224,1,3,1,1,SS
224,1,4,1,1,ES
224,1,5,1,1,S
224,8,1,8,1,S
224,8,2,8,1,ESESS
224,8,3,8,1,E
224,8,4,8,1,SS
224,8,5,8,1,ESS
224,11,2,11,0,E
224,11,3,11,0,E
224,11,4,11,0,S
224,11,5,11,0,SS
225,2,1,2,0,SE
225,2,2,2,0,E
225,2,3,2,0,E
225,2,4,2,0,S
225,2,5,2,0,EEESSS
225,4,1,4,0,ES
225,4,2,4,0,EES
225,4,3,4,0,EEE
225,4,4,4,0,EEES
225,4,5,4,0,SES
225,5,1,5,0,SSS
225,5,2,5,0,EESE
225,5,3,5,0,E
225,5,4,5,0,ESSS
225,5,5,5,0,ESS
226,1,3,1,0,E
226,1,4,1,0,EE
226,1,5,1,0,SSEE
226,3,1,3,0,EE
226,3,2,3,0,SSSS
226,3,3,3,0,SS
226,3,5,3,0,EE
226,4,1,4,0,SSS
226,4,2,4,0,SS
226,4,3,4,0,SE
226,4,4,4,0,ES
226,4,5,4,0,S
226,5,1,5,0,SE
226,5,2,5,0,EE
226,5,3,5,0,SSS
226,5,4,5,0,S
226,5,5,5,0,ESS
227,1,1,1,0,S
227,1,2,1,0,S
227,1,3,1,0,S
227,1,4,1,0,S
227,1,5,1,0,S
227,2,1,2,0,S
227,2,2,2,0,ESS
227,2,3,2,0,S
227,2,4,2,0,SS
227,4,1,4,0,ES
227,4,2,4,0,S
227,4,4,4,0,S
227,4,5,4,0,SSES
227,6,1,6,0,S
227,6,2,6,0,S
227,6,3,6,0,S
227,6,4,6,0,S
227,6,5,6,0,S
227,7,1,7,0,S
227,7,2,7,0,S
227,7,3,7,0,ES
227,7,4,7,0,S
227,7,5,7,0,S
227,8,1,8,0,SES
227,8,2,8,0,SS
227,8,3,8,0,S
227,8,4,8,0,S
227,8,5,8,0,SS
227,9,1,9,0,SS
227,9,2,9,0,S
227,9,3,9,0,S
227,9,4,9,0,S
227,9,5,9,0,S
227,10,1,10,0,S
227,10,3,10,0,S
227,10,4,10,0,S
227,10,5,10,0,S
227,11,1,11,0,S
227,11,2,11,0,S
227,11,3,11,0,ES
227,11,4,11,0,S
227,11,5,11,0,S
227,12,1,12,0,S
227,12,2,12,0,ES
227,12,3,12,0,SS
227,12,4,12,0,S
227,12,5,12,0,ESS
228,1,1,1,1,SSS
228,1,2,1,1,ESEEEEEEEEEEES
228,1,3,1,1,EESEEEEESEESEEE
228,1,4,1,1,EEEESSSSSSSESEEEESEEESSSSEES
228,1,5,1,1,EEEEEEESESEEEEEES
228,2,1,2,0,EESSEESSESSSSEES
228,2,2,2,0,E
228,2,3,2,0,EEEE
228,2,4,2,0,EESSSSSS
228,2,5,2,0,SS
228,3,1,3,1,EEEEEEEESSSSESSEESEEEEES
228,3,3,3,1,ESSSSSSE
228,3,4,3,1,ESS
228,3,5,3,1,EEEEEEEEESSSEEEESEEEE
228,4,1,4,1,SEEEEEE
228,4,2,4,1,ESEESEE
228,4,3,4,1,ESEEEEEEEEEEESS
228,4,4,4,1,EEEEEEEES
228,4,5,4,1,E
228,5,1,5,0,SS
228,5,2,5,0,SEEEESSSEEE
228,5,3,5,0,EEEEESE
228,5,4,5,0,ESESS
228,5,5,5,0,SSEESEEEES
228,8,1,8,0,EEEESS
228,8,2,8,0,EEEEEE
228,8,3,8,0,EEEEEE
228,8,4,8,0,EEESSSSEEEEESE
228,8,5,8,0,EEESSSSESSS
228,9,2,9,1,SEEEEEEEEEEEEEEEEEEEESEEEESEEE
228,9,3,9,1,EE
228,9,4,9,1,SSE
228,9,5,9,1,ESEEEESEEEESEEEES
229,2,1,2,0,S
229,2,2,2,0,EES
229,2,3,2,0,E
229,2,4,2,0,SS
229,2,5,2,0,SEEES
229,3,1,3,0,EEEESSESSS
229,3,2,3,0,SS
229,3,3,3,0,SS
229,3,4,3,0,E
229,3,5,3,0,S
229,4,1,4,0,S
229,4,2,4,0,S
229,4,3,4,0,S
229,4,4,4,0,EE
229,4,5,4,0,S
229,5,1,5,0,SES
229,5,2,5,0,EEEE
229,5,3,5,0,SES
229,5,5,5,0,S
229,6,1,6,0,ES
229,6,2,6,0,S
229,6,3,6,0,S
229,6,4,6,0,ES
229,6,5,6,0,S
229,7,1,7,0,SS
229,7,2,7,0,ESS
229,7,3,7,0,S
229,7,4,7,0,S
229,7,5,7,0,SSS
229,8,1,8,0,S
229,8,2,8,0,SS
229,8,3,8,0,SSS
229,8,4,8,0,SSS
229,8,5,8,0,ES
229,9,1,9,0,S
229,9,2,9,0,SS
229,9,3,9,0,ESS
229,9,4,9,0,S
229,10,1,10,0,SSS
229,10,2,10,0,S
229,10,3,10,0,S
229,10,4,10,0,S
229,10,5,10,0,S
229,11,1,11,0,S
229,11,3,11,0,SS
229,11,5,11,0,S
229,12,1,12,0,S
229,12,2,12,0,SS
229,12,3,12,0,S
229,12,4,12,0,S
229,12,5,12,0,S
230,1,1,1,0,EE
230,1,2,1,0,E
230,1,3,1,0,EE
230,1,4,1,0,EEEE
230,1,5,1,0,EEEE
230,3,1,3,0,E
230,3,2,3,0,S
230,3,3,3,0,EEEEEEEEEESSEEESSEEESSSSSSEES
230,3,4,3,0,S
230,4,1,4,0,SEEEESEEEEEE
230,4,2,4,0,EE
230,4,3,4,0,E
230,4,4,4,0,EES
230,4,5,4,0,EEEEEEEEESSSEEESSEEEE
230,5,1,5,0,E
230,5,2,5,0,EEEEEESE
230,5,3,5,0,SESS
230,5,5,5,0,EEEEEEEEE
230,6,1,6,0,SEESE
230,6,2,6,0,SS
230,6,3,6,0,EEEEEEEEE
230,6,4,6,0,SSS
230,6,5,6,0,EEES
230,8,1,8,0,S
230,8,2,8,0,SE
230,8,3,8,0,ES
230,8,4,8,0,EE
230,8,5,8,0,EEESSEESS
230,9,1,9,0,EEE
230,9,2,9,0,SSEEE
230,9,3,9,0,ESEE
230,9,4,9,0,SSESESE
230,9,5,9,0,EEEEEESEEEEEEESEEEEEEEEEESEEEE
231,1,1,1,0,S
231,1,2,1,0,S
231,1,4,1,0,S
231,1,5,1,0,SS
231,2,1,2,0,S
231,2,2,2,0,E
231,2,3,2,0,SS
231,2,5,2,0,SS
231,3,1,3,0,SS
231,3,2,3,0,S
231,3,3,3,0,S
231,3,4,3,0,EES
231,3,5,3,0,E
231,4,2,4,0,S
231,4,3,4,0,S
231,4,4,4,0,S
231,4,5,4,0,S
231,6,2,6,0,ES
231,6,3,6,0,SES
231,6,4,6,0,ESS
231,6,5,6,0,EEESS
232,2,1,2,0,EESSESESSSS
232,2,2,2,0,SSS
232,2,3,2,0,EEE
232,2,4,2,0,S
232,2,5,2,0,EESSS
232,3,1,3,0,ESS
232,3,2,3,0,EEE
232,3,3,3,0,S
232,3,4,3,0,EE
232,3,5,3,0,ES
232,6,1,6,0,ESSEEEEE
232,6,2,6,0,S
232,6,3,6,0,EE
232,6,4,6,0,EESESEEESEES
232,6,5,6,0,ES
232,8,2,8,0,EEEEEEEES
232,8,3,8,0,ES
232,8,4,8,0,EES
232,8,5,8,0,ES
232,11,1,11,0,SS
232,11,2,11,0,EEESS
232,11,3,11,0,EEEEEES
232,11,4,11,0,EE
232,11,5,11,0,E
232,12,1,12,0,ESS
232,12,3,12,0,S
232,12,4,12,0,S
232,12,5,12,0,ESS
233,1,1,1,0,SSEEEEEEE
233,1,2,1,0,EEEEEEESSS
233,1,3,1,0,E
233,1,4,1,0,EEEEEES
233,1,5,1,0,EEE
233,2,1,2,0,EEEEEEEEEE
233,2,2,2,0,E
233,2,3,2,0,EE
233,2,4,2,0,EESEEE
233,2,5,2,0,ESEEEEEEEEESEEEEEEEEEE
233,5,1,5,0,SEEEEE
233,5,2,5,0,S
233,5,3,5,0,SSS
233,5,4,5,0,EEEESSEEEE
233,5,5,5,0,EEEE
233,6,1,6,0,EEEEEEESEEEEEEEEEEEEE
233,6,2,6,0,SEEEE
233,6,3,6,0,SSSSSEEEEE
233,6,5,6,0,EEEEEEEEEE
233,11,1,11,0,EEEEEESEEEEEEEEEEEEEESEEEEEEES
233,11,2,11,0,EEEEEEESSEEEEEEEEEEEEEEEEEEEEE
233,11,3,11,0,EEEEES
233,11,4,11,0,S
233,11,5,11,0,EEEE
234,1,1,1,0,SS
234,1,3,1,0,SS
234,1,4,1,0,ES
234,1,5,1,0,SS
234,2,1,2,0,S
234,2,2,2,0,S
234,2,3,2,0,SS
234,2,4,2,0,S
234,2,5,2,0,S
234,3,1,3,0,ESE
234,3,2,3,0,S
234,3,3,3,0,S
234,3,4,3,0,S
234,4,1,4,0,S
234,4,2,4,0,EES
234,4,4,4,0,S
234,4,5,4,0,SS
234,5,1,5,0,SS
234,5,2,5,0,S
234,5,4,5,0,ESE
234,5,5,5,0,SS
234,6,1,6,0,S
234,6,2,6,0,ES
234,6,3,6,0,SS
234,6,4,6,0,S
234,6,5,6,0,S
234,7,1,7,0,S
234,7,2,7,0,SES
234,7,3,7,0,SSSS
234,7,4,7,0,SS
234,7,5,7,0,ESS
234,8,1,8,0,S
234,8,2,8,0,S
234,8,3,8,0,SES
234,8,4,8,0,S
234,8,5,8,0,SES
234,9,1,9,0,S
234,9,2,9,0,S
234,9,3,9,0,S
234,9,4,9,0,ESS
234,9,5,9,0,S
234,10,1,10,0,S
234,10,2,10,0,S
234,10,3,10,0,SS
234,10,4,10,0,S
234,10,5,10,0,SS
234,11,1,11,0,S
234,11,2,11,0,ES
234,11,3,11,0,S
234,11,4,11,0,S
234,11,5,11,0,S
234,12,1,12,0,SESSS
234,12,2,12,0,ES
234,12,3,12,0,S
234,12,5,12,0,S
235,1,1,1,0,S
235,1,2,1,0,EEEEEESESEEEEES
235,1,3,1,0,EEEESS
235,1,4,1,0,EEEEEEEEEES
235,1,5,1,0,EE
235,2,1,2,0,S
235,2,2,2,0,EEEEEESEEESSSSSSEEEEEEEEEESEEE
235,2,3,2,0,SSSEEEEEESS
235,2,4,2,0,EES
235,2,5,2,0,EEEESEEEEESS
235,3,1,3,0,ESSESSE
235,3,3,3,0,SS
235,3,5,3,0,S
235,4,1,4,0,ESEESEEEEES
235,4,2,4,0,SS
235,4,3,4,0,S
235,4,4,4,0,EESESSSSEEEEEEEEEEEES
235,4,5,4,0,EEES
235,5,1,5,0,ESEEEEEESESSES
235,5,2,5,0,SSSS
235,5,3,5,0,EEEESSSSEEESSSEEEEEEEESSEEEEES
235,5,4,5,0,EEEEESEEEEESEE
235,6,1,6,0,EEEEESSEEESEEEESS
235,6,3,6,0,ESS
235,6,4,6,0,EESESSS
235,6,5,6,0,ES
235,8,1,8,0,SS
235,8,2,8,0,EEESEEEEES
235,8,3,8,0,E
235,8,4,8,0,ES
235,8,5,8,0,EEEEEEES
235,11,1,11,0,SSES
235,11,2,11,0,SESEESESS
235,11,3,11,0,SSESEEES
235,11,4,11,0,SS
235,11,5,11,0,EESSS
235,12,2,12,0,SEE
235,12,3,12,0,EESS
235,12,4,12,0,SEEEES
235,12,5,12,0,EES
236,1,1,1,0,ES
236,1,2,1,0,EES
236,1,3,1,0,SSEEEESSSEES
236,1,4,1,0,ES
236,1,5,1,0,EEEESEEESES
236,2,1,2,0,S
236,2,2,2,0,SSEEEEESES
236,2,3,2,0,EESSS
236,2,4,2,0,SE
236,2,5,2,0,ES
236,3,2,3,0,S
236,3,4,3,0,ES
236,4,1,4,0,ESSS
236,4,2,4,0,ESS
236,4,3,4,0,S
236,4,4,4,0,S
236,4,5,4,0,SSS
236,5,1,5,0,SSSS
236,5,2,5,0,SE
236,5,3,5,0,S
236,5,4,5,0,SSES
236,5,5,5,0,EEEESS
236,6,1,6,0,EES
236,6,2,6,0,S
236,6,3,6,0,EEESSEEESS
236,6,4,6,0,SE
236,6,5,6,0,EEEESS
237,3,1,3,0,S
237,3,2,3,0,E
237,3,3,3,0,SEEESSS
237,3,4,3,0,EESS
237,3,5,3,0,S
237,4,1,4,0,ESS
237,4,2,4,0,S
237,4,3,4,0,ES
237,4,4,4,0,EES
237,4,5,4,0,SS
237,5,1,5,0,S
237,5,3,5,0,S
237,5,4,5,0,SS
237,5,5,5,0,EES
237,8,1,8,0,SS
237,8,2,8,0,SSE
237,8,3,8,0,SSS
237,8,4,8,0,ESSESS
237,8,5,8,0,ES
237,10,1,10,0,E
237,10,2,10,0,ESS
237,10,3,10,0,S
237,10,5,10,0,S
237,11,2,11,0,ES
237,11,3,11,0,SSS
237,11,4,11,0,SE
237,11,5,11,0,E
238,1,1,1,0,SEESS
238,1,2,1,0,SSEESESSEEEESSSEEEEESSS
238,1,3,1,0,ES
238,1,4,1,0,EEESEEEES
238,1,5,1,0,EEEEEEESEEEESSEEEEESSSS
238,2,1,2,0,EES
238,2,2,2,0,EESE
238,2,3,2,0,EESSESSS
238,2,4,2,0,ES
238,2,5,2,0,EESSSEEEESEEEESEEESSSEESSESS
238,3,1,3,0,EESS
238,3,2,3,0,EEES
238,3,3,3,0,S
238,3,4,3,0,EESS
238,4,1,4,0,EEEEESSS
238,4,2,4,0,EEEES
238,4,3,4,0,EEEEEESSS
238,4,4,4,0,SSSS
238,4,5,4,0,EEEEESEES
238,5,1,5,0,S
238,5,2,5,0,SS
238,5,4,5,0,EEEES
238,5,5,5,0,SSESSS
238,6,1,6,0,SSSSS
238,6,3,6,0,EEEEEESS
238,6,4,6,0,E
238,6,5,6,0,ESEEEEEEEE
238,7,1,7,0,EEEESSES
238,7,2,7,0,SEEES
238,7,3,7,0,EEEEES
238,7,4,7,0,SS
238,7,5,7,0,ES
238,10,1,10,0,EEEEESEES
238,10,2,10,0,S
238,10,3,10,0,EEES
238,10,4,10,0,SS
238,10,5,10,0,S
238,11,1,11,0,S
238,11,2,11,0,E
238,11,3,11,0,EEEEE
238,11,4,11,0,ES
238,11,5,11,0,SEEESS
239,1,1,1,0,ES
239,1,2,1,0,ESSSSS
239,1,3,1,0,S
239,1,4,1,0,S
239,1,5,1,0,SS
239,2,1,2,0,EESS
239,2,2,2,0,S
239,2,3,2,0,EEES
239,2,4,2,0,S
239,3,1,3,0,ES
239,3,2,3,0,SS
239,3,3,3,0,EEES
239,3,4,3,0,SEEES
239,3,5,3,0,ESS
239,4,1,4,0,ESS
239,4,2,4,0,ES
239,4,4,4,0,EES
239,4,5,4,0,SSS
239,5,1,5,0,ES
239,5,2,5,0,S
239,5,3,5,0,ES
239,5,4,5,0,ES
239,5,5,5,0,ESSS
239,6,1,6,0,EEES
239,6,2,6,0,EESS
239,6,3,6,0,ESS
239,6,4,6,0,S
239,6,5,6,0,S
239,7,1,7,0,ES
239,7,2,7,0,ESSESS
239,7,4,7,0,SS
239,8,1,8,0,SES
239,8,4,8,0,SS
239,9,1,9,0,EES
239,9,2,9,0,ESS
239,9,3,9,0,ES
239,9,4,9,0,ESS
239,9,5,9,0,EEESS
239,10,1,10,0,S
239,10,2,10,0,ES
239,10,3,10,0,ESSSS
239,10,4,10,0,ES
239,11,1,11,0,S
239,11,2,11,0,ES
239,11,3,11,0,S
239,11,4,11,0,ESS
239,11,5,11,0,EEESSS
239,12,1,12,0,S
239,12,2,12,0,ESS
239,12,4,12,0,S
239,12,5,12,0,SS
240,1,2,1,0,EEE
240,1,3,1,0,SSSSSSEESEEESS
240,1,5,1,0,EEEEEESSSS
240,2,1,2,0,S
240,2,2,2,0,SS
240,2,3,2,0,SEESSSEESSSS
240,2,4,2,0,S
240,2,5,2,0,EEEEEEEEEEEES
240,3,1,3,0,EEE
240,3,2,3,0,S
240,3,3,3,0,ESS
240,5,1,5,0,SEEEEEEEEEEEES
240,5,3,5,0,EESS
240,5,4,5,0,EEEEEEESSSEEEEEESSS
240,5,5,5,0,EEEEEEEEEEE
240,6,1,6,0,EES
240,6,2,6,0,EEEESS
240,6,3,6,0,S
240,6,4,6,0,ESS
240,6,5,6,0,S
240,8,1,8,0,EEEEES
240,8,2,8,0,E
240,8,4,8,0,E
240,8,5,8,0,EEEEESEEEE
240,10,1,10,0,SEEES
240,10,2,10,0,EEEE
240,10,3,10,0,S
240,10,4,10,0,SSSSEE
241,1,3,1,0,SS
241,1,4,1,0,S
241,1,5,1,0,SS
241,2,1,2,0,ES
241,2,2,2,0,ESS
241,2,3,2,0,SS
241,2,4,2,0,S
241,2,5,2,0,S
241,3,1,3,0,S
241,3,2,3,0,SES
241,3,3,3,0,ES
241,3,4,3,0,ESSESEES
241,3,5,3,0,S
241,4,1,4,0,S
241,4,2,4,0,ES
241,4,3,4,0,S
241,4,4,4,0,SS
241,4,5,4,0,SS
241,5,1,5,0,S
241,5,2,5,0,S
241,5,3,5,0,SSSSSSS
241,5,4,5,0,ES
241,5,5,5,0,ES
241,6,1,6,0,S
241,6,2,6,0,ES
241,6,3,6,0,S
241,6,4,6,0,S
241,6,5,6,0,ESS
241,7,1,7,0,S
241,7,3,7,0,S
241,7,4,7,0,SS
241,7,5,7,0,S
241,9,1,9,0,S
241,9,2,9,0,S
241,9,3,9,0,S
241,9,4,9,0,ESSS
241,9,5,9,0,S
241,10,2,10,0,S
241,10,3,10,0,ES
241,10,4,10,0,S
241,10,5,10,0,EEES
241,12,1,12,0,S
241,12,2,12,0,S
241,12,3,12,0,S
241,12,4,12,0,SS
242,1,1,1,0,SSSS
242,1,2,1,0,EESEEESSS
242,1,3,1,0,EEESS
242,1,4,1,0,S
242,1,5,1,0,EESESS
242,2,1,2,0,SSSSSESSSSS
242,2,2,2,0,EESS
242,2,3,2,0,SS
242,2,4,2,0,EEEEEES
242,2,5,2,0,SSS
242,3,1,3,0,S
242,3,2,3,0,ES
242,3,3,3,0,EES
242,3,4,3,0,EEEEES
242,3,5,3,0,SSEEES
242,4,3,4,0,ESSSEES
242,4,4,4,0,SS
242,4,5,4,0,S
242,5,1,5,0,S
242,5,2,5,0,SSS
242,5,3,5,0,ESS
242,5,4,5,0,ESS
242,5,5,5,0,EEEEEESSSS
242,6,1,6,0,EEES
242,6,2,6,0,SS
242,6,3,6,0,S
242,6,4,6,0,ESEEES
242,6,5,6,0,EEEEESS
242,7,1,7,0,ESSSSEESEEESS
242,7,2,7,0,EESS
242,7,3,7,0,ES
242,7,4,7,0,S
242,7,5,7,0,EE
242,9,1,9,0,EEEEEE
242,9,2,9,0,SSSSSEESSSESSSSS
242,9,3,9,0,S
242,9,4,9,0,EEEESS
242,9,5,9,0,SSES
242,10,1,10,0,ESSS
242,10,2,10,0,SS
242,10,3,10,0,SS
242,10,4,10,0,S
242,11,1,11,0,EESEES
242,11,2,11,0,SEES
242,11,3,11,0,EES
242,11,4,11,0,EESS
242,12,1,12,0,SS
242,12,2,12,0,E
242,12,3,12,0,S
242,12,4,12,0,SS
242,12,5,12,0,S
243,1,1,1,0,EEE
243,1,2,1,0,S
243,1,3,1,0,SSS
243,1,4,1,0,S
243,1,5,1,0,SS
243,2,1,2,0,ESSEESSSS
243,2,2,2,0,SS
243,2,3,2,0,S
243,2,4,2,0,S
243,2,5,2,0,ESS
243,3,1,3,1,SES
243,3,2,3,1,EES
243,3,3,3,1,S
243,3,4,3,1,SS
243,3,5,3,1,S
243,4,1,4,0,S
243,4,2,4,0,ES
243,4,3,4,0,S
243,4,4,4,0,ESS
243,4,5,4,0,S
243,5,1,5,1,ES
243,5,2,5,1,S
243,5,3,5,1,EESSSS
243,5,4,5,1,EEES
243,5,5,5,1,S
243,6,1,6,1,EEESSSS
243,6,2,6,1,EES
243,6,3,6,1,S
243,6,4,6,1,S
243,6,5,6,1,S
243,7,1,7,1,S
243,7,2,7,1,S
243,7,3,7,1,SEEESSESS
243,7,4,7,1,EEE
243,7,5,7,1,S
243,9,1,9,1,ES
243,9,2,9,1,S
243,9,3,9,1,ESS
243,9,4,9,1,SS
243,9,5,9,1,S
243,10,2,10,1,S
243,10,3,10,1,S
243,10,4,10,1,S
243,10,5,10,1,SSS
243,11,1,11,1,ES
243,11,2,11,1,EES
243,11,3,11,1,E
243,11,5,11,1,ESSS
243,12,1,12,1,EES
243,12,2,12,1,S
243,12,3,12,1,S
243,12,4,12,1,EEES
243,12,5,12,1,SSE
244,1,1,1,0,SS
244,1,3,1,0,S
244,1,4,1,0,ES
244,2,2,2,0,EEESSS
244,2,4,2,0,SSESSEEES
244,2,5,2,0,S
244,3,1,3,0,EEESEEEES
244,3,2,3,0,E
244,3,3,3,0,EEESS
244,3,4,3,0,SSS
244,3,5,3,0,E
244,4,1,4,0,EEESSSSEEEESES
244,4,2,4,0,SS
244,4,3,4,0,SSES
244,4,4,4,0,SSEEES
244,4,5,4,0,ES
244,5,1,5,0,ES
244,5,2,5,0,ESS
244,5,4,5,0,EEEES
244,5,5,5,0,SSSSEESSES
244,6,1,6,0,EESEEEEEESS
244,6,2,6,0,ESS
244,6,3,6,0,EESES
244,6,4,6,0,SESS
244,6,5,6,0,ES
244,7,1,7,0,SSESS
244,7,2,7,0,EES
244,7,3,7,0,EEEEES
244,7,4,7,0,SS
244,7,5,7,0,SS
244,8,1,8,0,E
244,8,2,8,0,E
244,8,3,8,0,SEES
244,8,4,8,0,SSEESSSS
244,11,1,11,0,S
244,11,2,11,0,ES
244,11,4,11,0,ES
244,11,5,11,0,SS
244,12,1,12,0,S
244,12,2,12,0,ESEESSSES
244,12,3,12,0,SEESSS
244,12,4,12,0,EEEEEESSEEES
244,12,5,12,0,EES
245,1,1,1,0,SSE
245,1,2,1,0,EEEEESESEES
245,1,3,1,0,EEEESE
245,1,4,1,0,SS
245,1,5,1,0,S
245,2,1,2,0,EEEES
245,2,2,2,0,SSSSE
245,2,3,2,0,S
245,2,4,2,0,EEEEESEE
245,2,5,2,0,ES
245,4,1,4,0,EEES
245,4,2,4,0,E
245,4,3,4,0,S
245,4,4,4,0,E
245,4,5,4,0,EESSS
245,6,1,6,0,E
245,6,2,6,0,EEE
245,6,3,6,0,SEESSSE
245,6,4,6,0,EEE
245,6,5,6,0,EEEEEEEE
246,2,2,2,0,SES
246,2,3,2,0,EEEE
246,2,4,2,0,SEEE
246,2,5,2,0,SSSEEE
246,3,1,3,0,SS
246,3,2,3,0,EESSSSESSSEES
246,3,3,3,0,SESSSEESSEEEEEE
246,3,5,3,0,EESS
246,4,1,4,0,EEE
246,4,3,4,0,SSS
246,4,4,4,0,E
246,4,5,4,0,SEEEEEE
246,5,1,5,0,EEEEEEEEEEEES
246,5,2,5,0,E
246,5,3,5,0,EE
246,5,4,5,0,S
246,5,5,5,0,E
247,1,1,1,0,SEEEES
247,1,2,1,0,S
247,1,3,1,0,SEEEEEES
247,1,5,1,0,E
247,2,1,2,1,EEEEEESS
247,2,2,2,1,E
247,2,3,2,1,EEESS
247,2,4,2,1,SS
247,2,5,2,1,EEEE
247,3,1,3,1,SSSE
247,3,2,3,1,ES
247,3,3,3,1,ESSES
247,3,4,3,1,S
247,3,5,3,1,S
247,4,1,4,0,SEE
247,4,2,4,0,EE
247,4,3,4,0,EEE
247,4,4,4,0,EEES
247,4,5,4,0,E
247,6,1,6,0,S
247,6,2,6,0,SS
247,6,3,6,0,ESSEEES
247,6,4,6,0,EEEEEESEEEESEEEESSSS
247,6,5,6,0,EEEEEEEE
248,1,1,1,0,S
248,1,2,1,0,S
248,1,3,1,0,SS
248,1,4,1,0,S
248,1,5,1,0,SS
248,2,1,2,0,SS
248,2,2,2,0,ES
248,2,4,2,0,ES
248,2,5,2,0,EEEEES
248,3,1,3,0,S
248,3,3,3,0,S
248,3,4,3,0,EEESSSE
248,3,5,3,0,SSS
248,4,1,4,0,S
248,4,2,4,0,SS
248,4,3,4,0,ES
248,4,4,4,0,SE
248,4,5,4,0,S
248,5,1,5,0,S
248,5,2,5,0,SSS
248,5,3,5,0,S
248,5,4,5,0,SS
248,5,5,5,0,ES
248,6,1,6,0,ESSES
248,6,2,6,0,S
248,6,3,6,0,S
248,6,4,6,0,S
248,6,5,6,0,ES
248,7,1,7,0,ES
248,7,2,7,0,SES
248,7,3,7,0,SS
248,7,4,7,0,ES
248,7,5,7,0,S
248,8,1,8,0,ES
248,8,2,8,0,SES
248,8,3,8,0,S
248,8,4,8,0,EES
248,8,5,8,0,S
248,9,1,9,0,SSEES
248,9,2,9,0,SS
248,9,4,9,0,SES
248,9,5,9,0,SESSS
248,12,1,12,0,SS
248,12,2,12,0,SS
248,12,3,12,0,S
248,12,4,12,0,SS
248,12,5,12,0,E
249,1,1,1,0,SEEEE
249,1,2,1,0,ES
249,1,3,1,0,E
249,1,4,1,0,EE
249,1,5,1,0,E
249,3,1,3,0,EESSSESE
249,3,2,3,0,EE
249,3,3,3,0,EE
249,3,4,3,0,SEES
249,3,5,3,0,EE
249,4,1,4,0,E
249,4,2,4,0,EEE
249,4,3,4,0,E
249,4,4,4,0,EES
250,1,1,1,0,EEEEES
250,1,2,1,0,SES
250,1,3,1,0,S
250,1,4,1,0,S
250,1,5,1,0,ES
250,2,1,2,1,ESEE
250,2,2,2,1,ESS
250,2,3,2,1,SSSE
250,2,4,2,1,S
250,2,5,2,1,E
250,4,1,4,0,E
250,4,2,4,0,ES
250,4,3,4,0,S
250,4,4,4,0,S
250,4,5,4,0,SS
251,1,1,1,1,S
251,1,2,1,1,SSESES
251,1,3,1,1,E
251,1,4,1,1,EEEESSESS
251,1,5,1,1,ES
251,2,1,2,0,S
251,2,2,2,0,SSS
251,2,3,2,0,ESEEEEES
251,2,4,2,0,SS
251,2,5,2,0,S
251,4,1,4,1,S
251,4,2,4,1,ES
251,4,3,4,1,S
251,4,4,4,1,EESS
251,4,5,4,1,ESSSEESS
251,5,1,5,0,S
251,5,2,5,0,EE
251,5,3,5,0,EESS
251,5,4,5,0,S
251,5,5,5,0,EEE
251,6,1,6,0,SS
251,6,2,6,0,EEE
251,6,4,6,0,E
251,6,5,6,0,ES
251,7,2,7,1,EEEEESS
251,7,3,7,1,S
251,7,4,7,1,SSS
251,7,5,7,1,EEESES
251,11,1,11,0,SESEEEEEEE
251,11,2,11,0,EEES
251,11,3,11,0,E
251,11,5,11,0,EESSS
251,12,1,12,1,S
251,12,3,12,1,ES
251,12,4,12,1,S
252,1,1,1,0,SS
252,1,2,1,0,S
252,1,3,1,0,SEEEES
252,1,4,1,0,SSSS
252,1,5,1,0,SE
252,2,1,2,0,EEEEEESS
252,2,3,2,0,EE
252,2,4,2,0,S
252,2,5,2,0,ESSSEE
252,3,1,3,0,ESS
252,3,2,3,0,S
252,3,4,3,0,SESEEES
252,3,5,3,0,S
252,4,1,4,0,SSSESSS
252,4,2,4,0,ESSESS
252,4,3,4,0,SEEEES
252,4,4,4,0,SSS
252,4,5,4,0,EESS
252,5,3,5,0,S
252,5,4,5,0,EEEESS
252,5,5,5,0,SEES
252,6,1,6,0,EESSEEEESSEEEESS
252,6,2,6,0,SSSSESS
252,6,3,6,0,EESS
252,6,4,6,0,ES
252,6,5,6,0,SSS
252,7,1,7,0,SSEESEEES
252,7,2,7,0,ESS
252,7,3,7,0,S
252,7,4,7,0,ES
252,7,5,7,0,SSES
252,8,1,8,0,E
252,8,3,8,0,SSSES
252,8,4,8,0,E
252,9,1,9,0,E
252,9,2,9,0,ESSEEEESE
252,9,3,9,0,ES
252,9,4,9,0,S
252,9,5,9,0,EE
252,10,1,10,0,SSSS
252,10,2,10,0,SSS
252,10,3,10,0,S
252,10,4,10,0,S
252,10,5,10,0,EES
252,11,1,11,0,ESSS
252,11,2,11,0,ES
252,11,3,11,0,ES
252,11,4,11,0,SE
252,11,5,11,0,S
252,12,1,12,0,S
252,12,2,12,0,EESS
252,12,3,12,0,ESE
252,12,4,12,0,SS
252,12,5,12,0,SS
253,3,1,3,0,SS
253,3,2,3,0,ES
253,3,3,3,0,SS
253,3,4,3,0,S
253,3,5,3,0,E
253,4,2,4,0,EES
253,4,3,4,0,SS
253,4,4,4,0,ESS
253,4,5,4,0,EES
253,5,1,5,0,E
253,5,2,5,0,S
253,5,3,5,0,SSS
253,5,4,5,0,SS
253,5,5,5,0,ES
253,9,1,9,0,SESSSE
253,9,2,9,0,S
253,9,3,9,0,EE
253,9,5,9,0,E
254,1,1,1,0,S
254,1,2,1,0,ESS
254,1,3,1,0,S
254,1,4,1,0,S
254,4,1,4,0,SSS
254,4,2,4,0,E
254,4,3,4,0,S
254,4,4,4,0,ES
254,4,5,4,0,SSS
254,5,1,5,1,SSEEESS
254,5,2,5,1,S
254,5,3,5,1,S
254,5,4,5,1,SSS
254,5,5,5,1,ES
254,7,1,7,1,ESSS
254,7,2,7,1,SS
254,7,3,7,1,S
254,7,4,7,1,EES
254,7,5,7,1,S
254,8,1,8,0,SS
254,8,2,8,0,EEESE
254,8,4,8,0,S
254,9,1,9,0,ES
254,9,3,9,0,ES
254,9,4,9,0,S
254,9,5,9,0,SSSSS
255,6,1,6,0,ESS
255,6,2,6,0,S
255,6,3,6,0,ESSSS
255,6,4,6,0,S
255,6,5,6,0,S
256,1,1,1,0,SSEE
256,1,2,1,0,S
256,1,3,1,0,SS
256,1,4,1,0,ES
256,1,5,1,0,EEEES
256,2,1,2,0,E
256,2,2,2,0,S
256,2,3,2,0,SES
256,2,4,2,0,ESSSEESESSSS
256,2,5,2,0,SSSS
256,3,1,3,0,EEE
256,3,2,3,0,EEEES
256,3,4,3,0,E
256,3,5,3,0,SS
256,4,1,4,0,SSEE
256,4,2,4,0,EEESS
256,4,3,4,0,S
256,4,4,4,0,EE
256,4,5,4,0,EESEEEEESS
256,5,3,5,0,S
256,5,4,5,0,ESSSS
256,5,5,5,0,ES
256,6,1,6,0,ESEEEEEEEEES
256,6,2,6,0,S
256,6,3,6,0,EEEES
256,6,4,6,0,E
256,6,5,6,0,E
256,7,1,7,0,SSESEEEEES
256,7,2,7,0,S
256,7,3,7,0,EEEEESSES
256,7,4,7,0,EEEEEES
256,7,5,7,0,S
256,8,1,8,0,EES
256,8,2,8,0,SS
256,8,3,8,0,S
256,8,5,8,0,EEE
256,9,3,9,0,S
256,9,5,9,0,SS
256,12,1,12,0,ES
256,12,2,12,0,ES
256,12,3,12,0,EESSEEEES
256,12,4,12,0,EESEEEEEEE
256,12,5,12,0,ES
257,2,1,2,0,S
257,2,2,2,0,ES
257,2,3,2,0,S
257,2,4,2,0,S
257,2,5,2,0,S
257,4,1,4,0,SSS
257,4,2,4,0,S
257,4,3,4,0,S
257,4,4,4,0,EES
257,5,1,5,0,S
257,5,2,5,0,S
257,5,3,5,0,SES
257,5,4,5,0,S
257,5,5,5,0,SS
257,6,1,6,0,S
257,6,2,6,0,S
257,6,3,6,0,EES
257,6,4,6,0,S
257,6,5,6,0,EES
257,7,1,7,0,ES
257,7,2,7,0,ES
257,7,3,7,0,SES
257,7,4,7,0,SS
257,7,5,7,0,S
257,8,1,8,0,SSSS
257,8,2,8,0,SES
257,8,3,8,0,ESS
257,8,4,8,0,ES
257,8,5,8,0,EESSS
257,10,1,10,0,SS
257,10,2,10,0,ES
257,10,3,10,0,SS
257,10,5,10,0,S
257,12,1,12,0,S
257,12,2,12,0,S
257,12,3,12,0,S
257,12,4,12,0,ESSS
257,12,5,12,0,SS
258,1,1,1,0,EE
258,1,2,1,0,EESSES
258,1,3,1,0,SSSSSEEEEEEESEEE
258,1,4,1,0,ESSE
258,1,5,1,0,SSEEEEEEESS
258,2,1,2,0,EEEES
258,2,3,2,0,EESEEE
258,2,4,2,0,EESS
258,2,5,2,0,SSEEEESSS
258,3,3,3,0,EEE
258,3,5,3,0,EEEES
258,4,1,4,0,ES
258,4,3,4,0,E
258,4,4,4,0,E
258,4,5,4,0,SES
258,5,1,5,0,EESE
258,5,2,5,0,EES
258,5,3,5,0,E
258,5,4,5,0,ESS
258,5,5,5,0,SS
258,6,1,6,0,SSSES
258,6,2,6,0,ESSSS
258,6,3,6,0,SEES
258,6,4,6,0,S
258,6,5,6,0,EE
258,10,1,10,0,E
258,10,2,10,0,EEEEESSEESEEE
258,10,3,10,0,E
258,10,4,10,0,S
258,10,5,10,0,S
258,12,1,12,0,EES
258,12,2,12,0,S
258,12,3,12,0,EEEESS
258,12,4,12,0,EEESSESEESEESEE
258,12,5,12,0,SEES
259,1,1,1,0,ES
259,1,2,1,0,ESSESESEES
259,1,3,1,0,S
259,1,4,1,0,SS
259,1,5,1,0,SESS
259,2,2,2,0,SESSS
259,2,3,2,0,S
259,2,4,2,0,SS
259,3,1,3,0,SS
259,3,2,3,0,EESEESS
259,3,3,3,0,ES
259,3,4,3,0,SS
259,3,5,3,0,EEES
259,4,1,4,0,S
259,4,2,4,0,SSS
259,4,3,4,0,SSSSS
259,4,4,4,0,SS
259,4,5,4,0,EESS
259,5,1,5,0,SEES
259,5,2,5,0,S
259,5,3,5,0,S
259,5,4,5,0,S
259,5,5,5,0,SS
259,6,1,6,0,EESSS
259,6,2,6,0,S
259,6,3,6,0,EESS
259,6,4,6,0,S
259,6,5,6,0,S
259,7,1,7,0,S
259,7,2,7,0,S
259,7,3,7,0,SS
259,7,4,7,0,ES
259,7,5,7,0,EESSSEESES
259,9,1,9,0,ESSS
259,9,2,9,0,EEE
259,9,3,9,0,SSS
259,9,4,9,0,E
259,9,5,9,0,EEESSSE
259,10,1,10,0,SS
259,10,2,10,0,ES
259,10,3,10,0,ESSEEESSSS
259,10,4,10,0,S
259,10,5,10,0,SSS
259,12,1,12,0,S
259,12,2,12,0,ESS
259,12,3,12,0,S
259,12,4,12,0,S
259,12,5,12,0,ESES
260,1,1,1,0,SES
260,1,2,1,0,ESSES
260,1,3,1,0,ESS
260,1,4,1,0,ES
260,1,5,1,0,SSSEESS
260,2,1,2,0,SES
260,2,2,2,0,E
260,2,3,2,0,SS
260,2,4,2,0,EEES
260,2,5,2,0,E
260,3,2,3,0,ESS
260,3,3,3,0,EEESESES
260,3,4,3,0,SEEES
260,3,5,3,0,SSSS
260,4,1,4,0,ESSS
260,4,2,4,0,SSS
260,4,3,4,0,S
260,4,4,4,0,S
260,4,5,4,0,SEEESSS
260,6,1,6,0,SSSSSS
260,6,2,6,0,SEESSEESSE
260,6,3,6,0,ESSS
260,6,4,6,0,SESSSEES
260,6,5,6,0,S
260,8,1,8,0,SS
260,8,2,8,0,SSSSSEESES
260,8,3,8,0,EEEEES
260,8,4,8,0,ESS
260,8,5,8,0,SSSSSS
260,9,1,9,0,EEEES
260,9,3,9,0,S
260,9,4,9,0,ESSS
260,9,5,9,0,E
260,10,1,10,0,SSESSSES
260,10,2,10,0,SS
260,10,3,10,0,ES
260,10,4,10,0,SSESEEES
261,1,1,1,0,S
261,1,2,1,0,SS
261,1,3,1,0,E
261,1,4,1,0,E
261,1,5,1,0,ES
261,3,1,3,0,E
261,3,2,3,0,E
261,3,4,3,0,S
262,3,1,3,0,EE
262,3,2,3,0,E
262,3,4,3,0,EE
262,3,5,3,0,SS
263,1,1,1,0,S
263,1,2,1,0,SSEEEEEESSEESSES
263,1,3,1,0,E
263,1,4,1,0,E
263,1,5,1,0,EEESSEEEEEESEEEEEEE
263,2,1,2,0,EE
263,2,2,2,0,EEEEEE
263,2,3,2,0,EEEE
263,2,4,2,0,EEE
263,2,5,2,0,EESSEEES
263,4,1,4,0,EEEEEEEEEEEEEEEEEEESE
263,4,2,4,0,SSSE
263,4,4,4,0,E
263,4,5,4,0,ESESEE
263,5,1,5,0,EEEEEEE
263,5,2,5,0,SEE
263,5,4,5,0,SESSSSS
263,5,5,5,0,E
263,6,1,6,0,SSE
263,6,2,6,0,SS
263,6,3,6,0,EE
263,6,4,6,0,SEEEEEEEESSSEE
263,6,5,6,0,EESSS
264,1,1,1,0,SESSSSSS
264,1,2,1,0,SS
264,1,3,1,0,EEEEE
264,1,4,1,0,EEEEEES
264,1,5,1,0,ES
264,2,1,2,0,SS
264,2,2,2,0,SS
264,2,3,2,0,SSS
264,2,4,2,0,S
264,2,5,2,0,S
264,3,1,3,0,SSS
264,3,2,3,0,S
264,3,3,3,0,S
264,3,4,3,0,S
264,3,5,3,0,ES
264,4,1,4,0,E
264,4,2,4,0,S
264,4,3,4,0,SSSEES
264,4,5,4,0,ESSES
264,5,1,5,0,EESS
264,5,2,5,0,SS
264,5,3,5,0,ES
264,5,4,5,0,ES
264,5,5,5,0,ESSS
264,6,1,6,0,ES
264,6,2,6,0,SEEESS
264,6,3,6,0,SSS
264,6,4,6,0,S
264,6,5,6,0,EESS
264,7,1,7,0,EEEEEEESSS
264,7,4,7,0,SS
264,7,5,7,0,SESEESS
264,8,1,8,0,S
264,8,2,8,0,SEESS
264,8,3,8,0,S
264,8,4,8,0,SSES
264,8,5,8,0,ESS
264,9,1,9,0,SS
264,9,2,9,0,S
264,9,5,9,0,S
264,10,2,10,0,SSESS
264,10,4,10,0,S
264,10,5,10,0,EESESE
264,11,1,11,0,EEEESEEES
264,11,2,11,0,ESSSSSES
264,11,3,11,0,S
264,11,4,11,0,SSSEEES
264,12,2,12,0,SS
264,12,4,12,0,SSSES
264,12,5,12,0,SEES
265,1,1,1,0,SSEES
265,1,2,1,0,EEE
265,1,3,1,0,E
265,1,4,1,0,S
265,1,5,1,0,E
265,2,1,2,0,E
265,2,2,2,0,E
265,2,3,2,0,ES
265,2,4,2,0,EE
265,2,5,2,0,S
265,4,1,4,0,S
265,4,2,4,0,ESS
265,4,4,4,0,SEEE
265,4,5,4,0,SSEEEEEESSSSE
265,6,1,6,0,E
265,6,2,6,0,SSSSESS
265,6,3,6,0,ES
265,6,4,6,0,ESSSSS
265,6,5,6,0,S
266,1,1,1,1,EEEEEE
266,1,3,1,1,S
266,1,4,1,1,EEES
266,1,5,1,1,S
266,2,2,2,1,SSE
266,2,3,2,1,EESEESEE
266,2,4,2,1,SSSSSSEEEEEEES
266,2,5,2,1,EEEEEEEESEE
266,3,1,3,0,EEEE
266,3,3,3,0,SSSEEEEEESSSSEEEEEEEEEESE
266,3,4,3,0,SSEEEEEEEEEE
266,3,5,3,0,EE
266,4,1,4,0,SSEEEESSSSS
266,4,2,4,0,SSSEEESEEEES
266,4,3,4,0,EEES
266,4,5,4,0,SSSSSESSS
266,5,1,5,0,S
266,5,2,5,0,EEE
266,5,3,5,0,SEEEESEEEEESSEESSEEEESS
266,5,4,5,0,S
266,5,5,5,0,EES
266,6,1,6,1,EEEEES
266,6,2,6,1,S
266,6,3,6,1,EESSEEEEES
266,6,4,6,1,S
266,6,5,6,1,SS
266,7,1,7,1,EESS
266,7,2,7,1,ESES
266,7,3,7,1,EEEE
266,7,4,7,1,EE
266,7,5,7,1,EEEE
266,10,1,10,1,SEES
266,10,2,10,1,S
266,10,3,10,1,EESSSSSSEE
266,10,4,10,1,E
267,2,1,2,0,S
267,2,2,2,0,ES
267,2,3,2,0,SESS
267,2,4,2,0,ES
267,2,5,2,0,S
267,3,1,3,0,E
267,3,2,3,0,S
267,3,3,3,0,SS
267,3,4,3,0,S
267,3,5,3,0,SS
267,4,2,4,0,S
267,4,3,4,0,S
267,4,4,4,0,EEEEEES
267,4,5,4,0,EES
267,5,1,5,0,ES
267,5,2,5,0,SS
267,5,3,5,0,SSSEEE
267,5,4,5,0,EES
267,5,5,5,0,S
267,6,2,6,0,SSEES
267,6,3,6,0,E
267,7,1,7,0,SS
267,7,2,7,0,S
267,7,3,7,0,S
267,7,4,7,0,S
267,7,5,7,0,S
268,1,2,1,0,SSSS
268,1,3,1,0,S
268,1,4,1,0,S
268,1,5,1,0,S
268,2,1,2,0,S
268,2,2,2,0,ES
268,2,3,2,0,S
268,2,4,2,0,SS
268,2,5,2,0,S
268,3,1,3,0,EESSSS
268,3,2,3,0,S
268,3,3,3,0,S
268,3,4,3,0,S
268,3,5,3,0,S
268,4,1,4,0,S
268,4,2,4,0,SSSS
268,4,3,4,0,SEES
268,4,4,4,0,S
268,5,1,5,0,S
268,5,2,5,0,S
268,5,3,5,0,S
268,6,1,6,0,SSS
268,6,2,6,0,ES
268,6,3,6,0,S
268,6,4,6,0,S
268,6,5,6,0,S
268,9,1,9,0,ES
268,9,2,9,0,EEEESS
268,9,3,9,0,S
268,9,4,9,0,S
268,9,5,9,0,ES
268,10,1,10,0,SS
268,10,2,10,0,S
268,10,3,10,0,SS
268,10,4,10,0,SSS
268,10,5,10,0,SSSSS
268,12,1,12,0,SES
268,12,2,12,0,S
268,12,3,12,0,SSS
268,12,4,12,0,SSES
268,12,5,12,0,S
269,1,1,1,0,SS
269,1,2,1,0,ESES
269,1,3,1,0,EEES
269,1,4,1,0,SEEESS
269,1,5,1,0,SSS
269,2,1,2,0,ES
269,2,2,2,0,SESEEE
269,2,3,2,0,ESES
269,2,4,2,0,S
269,2,5,2,0,ESS
269,3,1,3,0,EE
269,3,2,3,0,EESS
269,3,3,3,0,E
269,3,4,3,0,EESS
269,3,5,3,0,ESSSSS
270,2,1,2,0,ESES
270,2,2,2,0,SS
270,2,3,2,0,ES
270,2,4,2,0,ES
270,2,5,2,0,S
270,4,1,4,0,S
270,4,2,4,0,ES
270,4,4,4,0,ES
270,4,5,4,0,EES
270,5,1,5,0,ESS
270,5,2,5,0,S
270,5,3,5,0,S
270,5,4,5,0,S
270,5,5,5,0,EE
270,6,1,6,0,S
270,6,2,6,0,ES
270,6,3,6,0,S
270,6,4,6,0,S
270,6,5,6,0,ESS
270,7,1,7,0,S
270,7,2,7,0,S
270,7,3,7,0,S
270,7,4,7,0,S
270,7,5,7,0,SS
270,9,2,9,0,S
270,9,3,9,0,SSSS
270,9,4,9,0,SS
270,9,5,9,0,S
270,10,1,10,0,SS
270,10,2,10,0,SS
270,10,3,10,0,S
270,10,4,10,0,S
270,10,5,10,0,ES
270,11,1,11,0,ES
270,11,2,11,0,S
270,11,3,11,0,S
270,11,4,11,0,S
270,11,5,11,0,S
270,12,1,12,0,S
270,12,2,12,0,SS
270,12,3,12,0,ES
270,12,4,12,0,E
270,12,5,12,0,ES
271,1,1,1,1,SS
271,1,2,1,1,S
271,1,4,1,1,S
271,1,5,1,1,S
271,2,1,2,1,S
271,2,2,2,1,S
271,2,3,2,1,SS
271,2,4,2,1,S
271,2,5,2,1,SSES
271,3,1,3,1,S
271,3,2,3,1,S
271,3,3,3,1,EES
271,3,4,3,1,S
271,3,5,3,1,S
271,4,1,4,1,S
271,4,2,4,1,EESSS
271,4,3,4,1,S
271,4,4,4,1,S
271,4,5,4,1,S
271,5,1,5,0,SS
271,5,2,5,0,S
271,5,3,5,0,SS
271,5,4,5,0,S
271,5,5,5,0,S
271,6,1,6,0,S
271,6,2,6,0,SES
271,6,3,6,0,S
271,6,4,6,0,S
271,6,5,6,0,SSS
271,7,1,7,1,SS
271,7,2,7,1,SSS
271,7,3,7,1,S
271,7,4,7,1,S
271,7,5,7,1,S
271,9,1,9,1,EEESS
271,9,2,9,1,S
271,9,3,9,1,S
271,9,4,9,1,EES
271,9,5,9,1,S
271,10,1,10,1,SSSS
271,10,2,10,1,S
271,10,3,10,1,E
271,10,4,10,1,S
271,10,5,10,1,S
271,11,1,11,0,ESS
271,11,2,11,0,S
271,11,3,11,0,SES
271,11,4,11,0,SSS
272,2,1,2,1,E
272,2,3,2,1,SSEEES
272,2,4,2,1,S
272,2,5,2,1,ES
272,9,1,9,1,SS
272,9,2,9,1,S
272,9,3,9,1,SS
272,9,4,9,1,SSSES
272,9,5,9,1,S
272,10,1,10,1,S
272,10,2,10,1,EES
272,10,3,10,1,EE
272,10,4,10,1,S
272,10,5,10,1,S
273,1,2,1,0,EEESEE
273,1,3,1,0,EES
273,1,5,1,0,ES
273,2,1,2,0,SEEESES
273,2,2,2,0,EES
273,2,3,2,0,SSSS
273,2,4,2,0,SSE
273,2,5,2,0,EEE
273,3,1,3,0,EEEEESS
273,3,2,3,0,EES
273,3,3,3,0,EESEEEEEEEES
273,3,4,3,0,EESEESS
273,3,5,3,0,SSSS
273,4,1,4,0,EESSEESEESS
273,4,2,4,0,EEESSEESSSSSS
273,4,3,4,0,E
273,4,4,4,0,EEEESESS
273,4,5,4,0,EEEEE
273,5,1,5,0,EE
273,5,2,5,0,EEEESSESES
273,5,3,5,0,S
273,5,4,5,0,S
273,5,5,5,0,EEES
273,6,1,6,0,SEEEESS
273,6,2,6,0,SSSSEESSS
273,6,3,6,0,EESESSS
273,6,4,6,0,ES
273,6,5,6,0,SS
273,7,1,7,0,ES
273,7,4,7,0,SSEESESSSEEESEEES
273,7,5,7,0,S
273,9,1,9,0,EES
273,9,2,9,0,EESS
273,9,3,9,0,ESEESSEEEES
273,9,4,9,0,SEE
273,9,5,9,0,E
273,10,1,10,0,SS
273,10,2,10,0,S
273,10,3,10,0,SEEESEES
273,10,4,10,0,EEEEES
274,1,1,1,0,ESS
274,1,2,1,0,SS
274,1,3,1,0,S
274,1,4,1,0,SESS
274,1,5,1,0,ES
274,2,1,2,0,SS
274,2,2,2,0,EES
274,2,3,2,0,EES
274,2,4,2,0,SS
274,2,5,2,0,S
274,3,1,3,0,S
274,3,2,3,0,SEEEEES
274,3,3,3,0,SEEEEES
274,3,4,3,0,EEESS
274,3,5,3,0,SEEESS
274,4,1,4,0,ES
274,4,2,4,0,EEESEE
274,4,3,4,0,EE
274,4,4,4,0,ESSS
274,4,5,4,0,EEES
274,5,1,5,0,SSSES
274,5,2,5,0,EEES
274,5,3,5,0,S
274,5,4,5,0,SS
274,5,5,5,0,EES
274,6,1,6,0,EEEEEEESS
274,6,2,6,0,EES
274,6,3,6,0,ESSEEEEE
274,6,4,6,0,EEE
274,6,5,6,0,SS
274,12,1,12,0,SEE
274,12,2,12,0,EEEEEEES
274,12,3,12,0,SS
274,12,4,12,0,S
275,1,1,1,0,SEE
275,1,2,1,0,ES
275,1,3,1,0,EEEEESEEEEEEEEEEESSE
275,1,4,1,0,SEE
275,1,5,1,0,EES
275,2,1,2,0,S
275,2,2,2,0,SEEESSSEEESSSES
275,2,3,2,0,ES
275,2,4,2,0,SSEEEEEESS
275,2,5,2,0,ESSSSS
275,3,2,3,0,SS
275,3,3,3,0,EEES
275,3,4,3,0,E
275,3,5,3,0,SSSSS
275,4,1,4,0,EEESS
275,4,2,4,0,EEEESSSESSEE
275,4,3,4,0,S
275,4,4,4,0,S
275,4,5,4,0,ESSSSES
275,5,1,5,0,EEEEESS
275,5,2,5,0,SS
275,5,3,5,0,SSS
275,5,4,5,0,EEEEESEEEEEEESS
275,5,5,5,0,SE
275,6,1,6,0,S
275,6,2,6,0,EE
275,6,3,6,0,S
275,6,4,6,0,S
275,6,5,6,0,ES
275,7,1,7,0,ES
275,7,2,7,0,S
275,7,3,7,0,ES
275,7,4,7,0,EEEES
275,7,5,7,0,SEEEE
275,8,1,8,0,EEES
275,8,2,8,0,EESEES
275,8,3,8,0,EESS
275,8,5,8,0,ESEESEES
275,9,1,9,0,ESSESSS
275,9,2,9,0,EEEE
275,9,3,9,0,EEEEEEEEEESSES
275,9,4,9,0,ES
275,9,5,9,0,EES
275,10,1,10,0,SS
275,10,2,10,0,SSS
275,10,4,10,0,ESS
275,10,5,10,0,EEESSSEEEEEEES
275,12,1,12,0,ESSS
275,12,2,12,0,EEEEEEEESSSSEES
275,12,3,12,0,SSSEEESS
275,12,4,12,0,ESS
275,12,5,12,0,EESSEESSS
276,1,1,1,0,ES
276,1,2,1,0,ES
276,1,3,1,0,ESES
276,1,4,1,0,ESS
276,1,5,1,0,SS
276,2,1,2,0,S
276,2,2,2,0,S
276,2,3,2,0,ES
276,2,4,2,0,SS
276,2,5,2,0,SS
276,3,1,3,0,S
276,3,2,3,0,ES
276,3,3,3,0,S
276,3,5,3,0,SS
276,4,1,4,0,S
276,4,2,4,0,ESS
276,4,3,4,0,S
276,4,4,4,0,EES
276,4,5,4,0,S
276,5,1,5,0,S
276,5,2,5,0,ES
276,5,3,5,0,S
276,5,4,5,0,ES
276,5,5,5,0,S
276,6,1,6,0,S
276,6,2,6,0,S
276,6,3,6,0,S
276,6,4,6,0,ES
276,6,5,6,0,ES
276,7,1,7,0,ES
276,7,2,7,0,SS
276,7,3,7,0,ESS
276,7,4,7,0,S
276,7,5,7,0,SS
276,8,1,8,0,ES
276,8,2,8,0,S
276,8,3,8,0,S
276,8,4,8,0,S
276,8,5,8,0,S
276,9,1,9,0,ES
276,9,2,9,0,S
276,9,3,9,0,S
276,9,4,9,0,SSS
276,9,5,9,0,S
276,10,1,10,0,EES
276,10,2,10,0,S
276,10,3,10,0,S
276,10,5,10,0,S
276,11,1,11,0,S
276,11,2,11,0,S
276,11,3,11,0,S
276,11,4,11,0,E
276,11,5,11,0,ES
276,12,1,12,0,E
276,12,2,12,0,EES
276,12,4,12,0,EES
276,12,5,12,0,SS
277,1,1,1,0,ES
277,1,2,1,0,SS
277,1,3,1,0,EES
277,1,4,1,0,ESSSES
277,1,5,1,0,E
277,2,1,2,0,S
277,2,2,2,0,EEEEEEEEEEEEEE
277,2,3,2,0,S
277,2,4,2,0,EEEES
277,2,5,2,0,SSS
277,3,1,3,0,EEEEEESSES
277,3,3,3,0,EEEEEES
277,3,4,3,0,S
277,3,5,3,0,ES
277,4,1,4,0,ES
277,4,2,4,0,ES
277,4,3,4,0,ES
277,4,4,4,0,SS
277,4,5,4,0,S
277,5,1,5,0,EES
277,5,2,5,0,SESSSEEEESSSSSSES
277,5,3,5,0,ES
277,5,4,5,0,SS
277,5,5,5,0,EES
277,6,3,6,0,EEEEESSSSS
277,6,5,6,0,EEESSS
277,7,1,7,0,SESE
277,7,2,7,0,E
277,7,3,7,0,S
277,7,4,7,0,EEESSEESS
277,7,5,7,0,EEESSES
277,10,1,10,0,ES
277,10,2,10,0,SSEESSS
277,10,3,10,0,S
277,10,4,10,0,S
277,10,5,10,0,EESS
277,12,2,12,0,ES
277,12,3,12,0,EEES
277,12,4,12,0,SS
277,12,5,12,0,EESS
278,11,1,11,0,SS
278,11,2,11,0,SSS
278,11,4,11,0,S
278,11,5,11,0,E
279,1,1,1,0,SS
279,1,3,1,0,EES
279,1,4,1,0,E
279,1,5,1,0,E
279,2,1,2,0,S
279,2,2,2,0,SS
279,2,4,2,0,SS
279,2,5,2,0,SEEES
279,8,1,8,0,S
279,8,3,8,0,SEE
279,8,4,8,0,S
279,8,5,8,0,S
279,12,1,12,0,S
279,12,2,12,0,ESES
279,12,3,12,0,E
279,12,4,12,0,SS
280,1,1,1,0,EEESEEEEEEEE
280,1,2,1,0,EEES
280,1,3,1,0,EEEESEEEEEEEEEEEEEEEES
280,1,4,1,0,EEEEESSS
280,1,5,1,0,EEES
280,2,1,2,1,S
280,2,2,2,1,SEEES
280,2,3,2,1,EEEEEEES
280,2,4,2,1,EEEEEEEEES
280,2,5,2,1,EESEE
280,3,1,3,0,EEEEEE
280,3,2,3,0,SSSSESESSSESEESS
280,3,4,3,0,S
280,3,5,3,0,EE
280,6,1,6,1,ESSSSESSSEEEEESEE
280,6,2,6,1,S
280,6,3,6,1,EEESEEEEEESSEES
280,6,5,6,1,EEESSS
280,7,1,7,0,ES
280,7,2,7,0,SES
280,7,3,7,0,EEEES
280,7,5,7,0,EEEEEEE
280,8,1,8,1,EEEEEEEEEEEESSS
280,8,2,8,1,ESSSESSSSSSSEESSSEEEEEES
280,8,3,8,1,EE
280,8,4,8,1,EEEEESE
280,8,5,8,1,EEE
280,10,1,10,1,EEEEEEEE
280,10,2,10,1,EEE
280,10,3,10,1,EEE
280,10,4,10,1,SSEESEEE
280,10,5,10,1,EEEEEESS
280,12,1,12,1,EEESEEEE
280,12,2,12,1,ESESES
280,12,3,12,1,SSS
280,12,4,12,1,EESS
280,12,5,12,1,EEEESS
281,1,1,1,0,ES
281,1,2,1,0,ES
281,1,3,1,0,S
281,1,4,1,0,S
281,1,5,1,0,E
281,2,1,2,0,E
281,2,2,2,0,E
281,2,3,2,0,EEES
281,2,4,2,0,EEES
281,2,5,2,0,S
281,5,1,5,0,EES
281,5,3,5,0,S
281,5,4,5,0,EEE
281,5,5,5,0,ES
281,6,1,6,0,S
281,6,2,6,0,ESSES
281,6,3,6,0,SS
281,6,4,6,0,E
281,6,5,6,0,SS
281,7,1,7,0,ES
281,7,2,7,0,EEESS
281,7,3,7,0,S
281,7,4,7,0,EEEEE
281,7,5,7,0,EEESSSSEEE
281,10,2,10,0,EEE
281,10,3,10,0,EE
281,10,4,10,0,EES
281,10,5,10,0,ESS
281,11,1,11,0,S
281,11,2,11,0,S
281,11,3,11,0,SSSSS
281,11,4,11,0,ES
281,11,5,11,0,SEESS
282,2,1,2,0,S
282,2,2,2,0,S
282,2,4,2,0,S
282,2,5,2,0,S
282,3,3,3,0,S
282,3,4,3,0,S
282,4,1,4,0,S
282,4,2,4,0,S
282,4,3,4,0,S
282,4,4,4,0,S
282,4,5,4,0,S
282,5,1,5,0,S
282,5,3,5,0,S
282,5,4,5,0,S
282,5,5,5,0,S
282,6,1,6,0,E
282,6,2,6,0,SS
282,6,3,6,0,ES
282,6,4,6,0,S
282,7,1,7,0,S
282,7,2,7,0,SS
282,7,3,7,0,SS
282,7,4,7,0,SS
282,7,5,7,0,ES
282,8,1,8,0,S
282,8,2,8,0,ES
282,8,3,8,0,S
282,8,4,8,0,S
282,8,5,8,0,SS
282,9,1,9,0,ES
282,9,2,9,0,S
282,9,3,9,0,S
282,9,4,9,0,S
282,9,5,9,0,S
282,10,1,10,0,S
282,10,2,10,0,S
282,10,3,10,0,S
282,10,5,10,0,S
282,11,1,11,0,S
282,11,2,11,0,S
282,11,3,11,0,SS
283,2,1,2,0,S
283,2,2,2,0,E
283,2,3,2,0,EEESSSSSEEEEEEEEEEEEEEEEESS
283,2,4,2,0,S
283,2,5,2,0,SS
283,3,1,3,1,EEESES
283,3,2,3,1,SSSEEESSSSE
283,3,3,3,1,ESSSSEEEEEESSSSSS
283,3,4,3,1,EEEE
283,3,5,3,1,SES
283,4,1,4,1,S
283,4,2,4,1,SS
283,4,3,4,1,E
283,4,4,4,1,ESS
283,4,5,4,1,EEE
283,5,1,5,1,S
283,5,2,5,1,S
283,5,3,5,1,S
283,5,4,5,1,E
283,5,5,5,1,SSSSSS
283,8,1,8,0,EEEES
283,8,2,8,0,EESS
283,8,3,8,0,ES
283,8,5,8,0,EEESS
283,12,1,12,1,EES
283,12,2,12,1,S
283,12,3,12,1,ES
283,12,4,12,1,EE
283,12,5,12,1,EESS
284,3,1,3,0,E
284,3,2,3,0,SSEEEESE
284,3,3,3,0,SSSSSSSS
284,3,4,3,0,S
284,3,5,3,0,ESSS
284,5,1,5,0,E
284,5,2,5,0,SSS
284,5,3,5,0,SS
284,5,4,5,0,S
284,5,5,5,0,ES
284,8,1,8,0,ES
284,8,2,8,0,S
284,8,3,8,0,E
284,8,4,8,0,EES
284,8,5,8,0,SS
284,10,1,10,0,E
284,10,2,10,0,SSS
284,10,3,10,0,SES
284,10,4,10,0,SSSS
284,10,5,10,0,EESSS
284,11,2,11,0,S
284,11,3,11,0,E
284,11,4,11,0,EEEE
284,11,5,11,0,SS
285,4,1,4,0,ESEEEEEE
285,4,2,4,0,E
285,4,3,4,0,ESSEEEE
285,4,4,4,0,E
285,4,5,4,0,S
286,6,1,6,0,EE
286,6,2,6,0,EE
286,6,3,6,0,EEEEESSEEEEEEEEEEEEEEEEE
286,6,4,6,0,EEEEEEEE
287,3,1,3,0,SE
287,3,2,3,0,ES
287,3,3,3,0,E
287,3,4,3,0,ES
287,4,1,4,0,SS
287,4,2,4,0,ESE
287,4,3,4,0,S
287,4,4,4,0,SS
287,4,5,4,0,E
287,5,1,5,0,S
287,5,2,5,0,E
287,5,3,5,0,ES
287,5,4,5,0,S
287,5,5,5,0,EESE
288,1,1,1,1,EEEEEEEEEEEEEEES
288,1,2,1,1,EEEEEEEEEESSSSEESESESEEEE
288,1,3,1,1,ES
288,1,4,1,1,S
288,1,5,1,1,EES
288,3,1,3,1,E
288,3,2,3,1,EEEEE
288,3,3,3,1,S
288,3,4,3,1,EEEEEEESS
288,3,5,3,1,S
288,4,1,4,1,EEESEEEEEEES
288,4,2,4,1,SEEESS
288,4,3,4,1,EEEEEESES
288,4,4,4,1,EEEE
288,6,1,6,0,EEEEEEEEEEEEESESEEEE
288,6,2,6,0,SSSS
288,6,3,6,0,SS
288,6,4,6,0,ES
288,6,5,6,0,SEEEEEEEEE
288,8,1,8,0,S
288,8,2,8,0,EEEEEEEEEEEE
288,8,3,8,0,EEEEESEEEESS
288,8,4,8,0,EEEEEE
288,8,5,8,0,E
288,12,1,12,0,ES
288,12,2,12,0,E
288,12,3,12,0,EEEEEES
288,12,4,12,0,EEEEEEESEEEEEEEEEES
288,12,5,12,0,E
289,1,1,1,0,SESS
289,1,2,1,0,SS
289,1,3,1,0,ESSS
289,1,4,1,0,S
289,1,5,1,0,EESS
289,2,1,2,0,ESSS
289,2,2,2,0,SEEESSS
289,2,3,2,0,EES
289,2,4,2,0,SSS
289,2,5,2,0,E
289,3,1,3,0,ESSEEEES
289,3,2,3,0,EESE
289,3,3,3,0,SS
289,3,4,3,0,SS
289,3,5,3,0,S
289,4,1,4,0,SESEESS
289,4,2,4,0,E
289,4,4,4,0,S
289,5,1,5,0,SS
289,5,2,5,0,EES
289,5,3,5,0,EESSSS
289,5,4,5,0,S
289,5,5,5,0,S
289,6,1,6,0,EE
289,6,2,6,0,S
289,6,3,6,0,S
289,6,4,6,0,EESSS
289,6,5,6,0,SSES
289,7,1,7,0,EESEEESS
289,7,2,7,0,S
289,7,3,7,0,EES
289,7,4,7,0,EESEES
289,7,5,7,0,SS
289,11,1,11,0,EEE
289,11,2,11,0,EE
289,11,3,11,0,S
289,11,4,11,0,SS
289,11,5,11,0,SSS
290,1,1,1,0,EEEE
290,1,2,1,0,SSS
290,1,3,1,0,S
290,1,4,1,0,ES
290,1,5,1,0,SSSSSSSS
290,2,1,2,0,S
290,2,2,2,0,ES
290,2,3,2,0,S
290,2,4,2,0,EEES
290,2,5,2,0,S
290,3,1,3,0,S
290,3,2,3,0,S
290,3,3,3,0,S
290,3,4,3,0,S
290,3,5,3,0,SS
290,5,1,5,0,EEESSES
290,5,2,5,0,S
290,5,3,5,0,ESS
290,5,4,5,0,SS
290,5,5,5,0,ESSSS
290,6,1,6,0,EEEES
290,6,2,6,0,ES
290,6,3,6,0,SS
290,6,4,6,0,ESES
290,6,5,6,0,SSESS
290,7,1,7,0,ESS
290,7,2,7,0,ES
290,7,3,7,0,EESSSESEEEESEEES
290,7,4,7,0,E
290,8,2,8,0,EES
290,8,4,8,0,SSSS
290,8,5,8,0,SS
290,9,1,9,0,EESS
290,9,2,9,0,S
290,9,4,9,0,S
290,9,5,9,0,S
290,10,1,10,0,ESS
290,10,2,10,0,ES
290,10,3,10,0,SSS
290,10,4,10,0,ESSS
290,11,1,11,0,ESSSS
290,11,2,11,0,SSS
290,11,3,11,0,EE
290,11,4,11,0,S
290,11,5,11,0,SES
290,12,1,12,0,S
290,12,2,12,0,SSS
290,12,3,12,0,EEEEEES
290,12,4,12,0,S
290,12,5,12,0,ES
291,2,1,2,0,ESEE
291,2,2,2,0,E
291,2,3,2,0,EEE
291,2,4,2,0,EEEEE
291,2,5,2,0,ESSSE
291,3,1,3,0,SSEEEESE
291,3,2,3,0,EEE
291,3,3,3,0,EEEEES
291,3,4,3,0,EEEEEEEEEEEEEEEEE
291,3,5,3,0,SE
291,5,1,5,0,E
291,5,2,5,0,EE
291,5,3,5,0,E
291,5,4,5,0,E
291,5,5,5,0,EEE
291,6,1,6,0,EEEEEEEEEEESE
291,6,2,6,0,EEEEEEEEEEEEEEEE
291,6,3,6,0,EE
291,6,4,6,0,EE
291,6,5,6,0,E
292,5,2,5,0,SS
292,5,3,5,0,ESEEEEESE
292,5,4,5,0,EEEE
292,5,5,5,0,SSSSSSEEEEE
293,1,1,1,1,S
293,1,2,1,1,SEES
293,1,3,1,1,EESSE
293,1,4,1,1,EEEEEESS
293,2,1,2,1,EEEEEEEEEE
293,2,2,2,1,E
293,2,3,2,1,ES
293,2,4,2,1,EEEEEES
293,2,5,2,1,E
293,3,1,3,0,SEEESSSSSSEEES
293,3,2,3,0,S
293,3,3,3,0,ES
293,3,4,3,0,E
293,4,2,4,1,SSEEEES
293,4,3,4,1,E
293,4,4,4,1,SS
293,4,5,4,1,ESSS
293,5,1,5,0,EEEEEEEEEEEEES
293,5,2,5,0,EEEEEEEEEEEEEEEESSSEEES
293,5,3,5,0,SSSSSESEESSEEEEEEEEEEEEEEEE
293,5,4,5,0,SSEEESSSS
293,5,5,5,0,E
293,6,1,6,0,SESEE
293,6,2,6,0,S
293,6,4,6,0,ESEEEEEEEEEESEEEESS
293,6,5,6,0,ESEE
293,7,1,7,1,EEEEES
293,7,2,7,1,SES
293,7,4,7,1,ESSEEEEESE
293,7,5,7,1,EEEEES
293,11,1,11,1,EESEEEEEEEESEEEEES
293,11,2,11,1,EEEESSSS
293,11,3,11,1,SSSS
293,11,4,11,1,S
294,1,1,1,0,EESSSSS
294,1,2,1,0,SS
294,1,3,1,0,ESSSSSEEES
294,1,4,1,0,ESS
294,1,5,1,0,SSEES
294,2,1,2,0,S
294,2,2,2,0,EES
294,2,3,2,0,ESES
294,2,4,2,0,SS
294,2,5,2,0,EEEES
294,3,1,3,0,S
294,3,2,3,0,EEEEEEESSEES
294,3,3,3,0,ES
294,3,4,3,0,SEEE
294,3,5,3,0,SS
294,4,1,4,0,ES
294,4,2,4,0,S
294,4,3,4,0,ES
294,4,4,4,0,S
294,4,5,4,0,EEES
294,5,1,5,0,S
294,5,2,5,0,S
294,5,3,5,0,E
294,5,4,5,0,EEE
294,5,5,5,0,S
294,6,1,6,0,SS
294,6,2,6,0,EESS
294,6,3,6,0,SSS
294,6,5,6,0,ESEEESEEESS
294,8,1,8,0,ESEESSEEEEES
294,8,2,8,0,EEES
294,8,4,8,0,SEEEES
294,8,5,8,0,EEEEEEEEEEE
294,9,1,9,0,SEEEEEEEE
294,9,2,9,0,SES
294,9,3,9,0,SEESSEEEESSSESEEESS
294,9,4,9,0,EEEEES
294,9,5,9,0,S
294,10,1,10,0,S
294,10,3,10,0,E
294,10,4,10,0,EES
294,10,5,10,0,SSEEEEEEEEESSSS
295,1,1,1,0,SS
295,1,2,1,0,E
295,1,3,1,0,S
295,1,4,1,0,ESS
295,1,5,1,0,S
295,2,1,2,0,SS
295,2,3,2,0,EES
295,2,4,2,0,ES
295,2,5,2,0,SSS
295,3,1,3,0,EES
295,3,3,3,0,S
295,3,4,3,0,S
295,3,5,3,0,S
295,4,1,4,0,S
295,4,2,4,0,SS
295,4,4,4,0,ES
295,4,5,4,0,S
295,5,1,5,0,ES
295,5,2,5,0,S
295,5,3,5,0,S
295,5,4,5,0,S
295,5,5,5,0,S
295,6,1,6,0,S
295,6,2,6,0,EESESE
295,6,3,6,0,S
295,6,5,6,0,SSEESSSS
295,7,1,7,0,SS
295,7,2,7,0,S
295,7,3,7,0,S
295,7,4,7,0,S
295,7,5,7,0,S
295,8,1,8,0,S
295,8,2,8,0,SS
295,8,3,8,0,S
295,8,4,8,0,SS
295,8,5,8,0,E
295,9,1,9,0,ES
295,9,2,9,0,SS
295,9,3,9,0,E
295,9,4,9,0,S
295,9,5,9,0,ES
295,11,1,11,0,SS
295,11,2,11,0,ES
295,11,3,11,0,S
295,11,4,11,0,SSSES
295,11,5,11,0,SS
296,1,1,1,0,EEEESSEEEEEEES
296,1,2,1,0,SSSES
296,1,3,1,0,EES
296,1,4,1,0,SESSSESS
296,1,5,1,0,SSS
296,2,1,2,0,SSSESES
296,2,2,2,0,S
296,2,3,2,0,S
296,2,5,2,0,ESS
296,3,1,3,0,S
296,3,3,3,0,ESS
296,3,4,3,0,SS
296,3,5,3,0,S
297,1,1,1,0,EEEEEEEES
297,1,2,1,0,EEEEEEEEESSSSSEES
297,1,3,1,0,SSESSSS
297,1,4,1,0,EEEEEEEEEEEEESS
297,1,5,1,0,SESEEEEEEEEEE
297,2,1,2,0,S
297,2,2,2,0,S
297,2,3,2,0,SSEE
297,2,4,2,0,EEESEEEESEEESS
297,2,5,2,0,EEEESS
297,3,1,3,0,EEES
297,3,2,3,0,ES
297,3,3,3,0,EEESSSEESES
297,3,4,3,0,S
297,3,5,3,0,EEEEEEEESEEEEEEEEEEES
297,4,1,4,0,E
297,4,2,4,0,EEEES
297,4,3,4,0,SEEEES
297,4,4,4,0,S
297,4,5,4,0,EEEES
297,5,1,5,0,EES
297,5,2,5,0,EEEESS
297,5,3,5,0,EEEESSS
297,5,4,5,0,SEEES
297,5,5,5,0,SSS
297,6,1,6,0,SSS
297,6,2,6,0,EEEEEEEEES
297,6,3,6,0,EEEE
297,6,4,6,0,S
297,6,5,6,0,EESEEESESEEEES
297,7,1,7,0,EEEEEEE
297,7,2,7,0,ES
297,7,3,7,0,EEESS
297,7,5,7,0,EEEEEEEESEESEEEEESEEEEEEESSSEE
297,9,1,9,0,EEES
297,9,2,9,0,EEESSSES
297,9,3,9,0,EEEEES
297,9,4,9,0,SSS
297,9,5,9,0,EES
297,10,1,10,0,ESS
297,10,2,10,0,SSSSEEEEEEEEESEESSSSSSSSEEEEEE
297,10,3,10,0,ES
297,10,4,10,0,EEEEESEEEESSSESEES
297,10,5,10,0,SSSEEEEESSSSEEESSSSS
297,11,1,11,0,EEEES
297,11,2,11,0,EEEEEEESSS
297,11,3,11,0,SSEESEEEEEEESEEEEEEEEEEEEES
297,11,4,11,0,SSEE
297,11,5,11,0,EEES
298,1,1,1,0,SS
298,1,2,1,0,S
298,1,3,1,0,EE
298,1,4,1,0,SSSEEEE
298,1,5,1,0,EEEEEE
298,2,1,2,0,EE
298,2,3,2,0,EE
298,2,4,2,0,EES
298,2,5,2,0,E
298,4,1,4,1,E
298,4,3,4,1,EE
298,4,5,4,1,EEES
298,5,1,5,0,E
298,5,2,5,0,EEEEEEEE
298,5,3,5,0,ES
298,5,4,5,0,EEES
298,5,5,5,0,EE
298,6,1,6,0,EEES
298,6,2,6,0,SEEEEES
298,6,3,6,0,EES
298,6,5,6,0,EEEE
