id,lab,exercise,week,late,seq
1,4,1,4,0,E
1,4,2,4,0,EE
1,4,3,4,0,S
1,4,4,4,0,EES
1,4,5,4,0,ES
1,10,1,10,0,E
1,10,2,10,0,S
1,10,3,10,0,SSSSESS
1,10,4,10,0,EEE
1,10,5,10,0,EES
1,11,1,11,0,ES
1,11,2,11,0,EEEE
1,11,3,11,0,ES
1,11,4,11,0,SES
1,12,1,12,0,EE
1,12,2,12,0,S
1,12,3,12,0,E
1,12,4,12,0,SSES
1,12,5,12,0,E
2,1,1,1,0,EEEEEEEEEEEEEEEEESE
2,1,2,1,0,E
2,1,3,1,0,E
2,1,4,1,0,EEEE
2,3,1,3,0,ESEEEEESS
2,3,2,3,0,ES
2,3,3,3,0,EEEEE
2,3,4,3,0,EEEEESSE
2,3,5,3,0,ESEESESEEEEEEEEEEE
2,4,1,4,0,E
2,4,2,4,0,EESSSSSSESESSSS
2,4,3,4,0,ESS
2,4,4,4,0,EEEE
2,4,5,4,0,EEEESS
2,6,1,6,0,EEEEEEESEEEEEEEEEEESEEESSSSS
2,6,2,6,0,SEEEEEE
2,6,3,6,0,SESEESSS
2,6,4,6,0,ES
2,6,5,6,0,SES
2,10,1,10,0,EEEEEE
2,10,2,10,0,EEE
2,10,3,10,0,SSSEEE
2,10,4,10,0,ESSESS
2,10,5,10,0,EEEESEEEESSSSSESSSSSSS
3,1,1,1,0,S
3,1,2,1,0,EESSS
3,1,3,1,0,SS
3,1,5,1,0,S
3,3,2,3,0,SSS
3,3,3,3,0,ESEEEEES
3,3,4,3,0,S
3,3,5,3,0,SSEESS
3,4,1,4,0,SS
3,4,2,4,0,S
3,4,4,4,0,S
3,4,5,4,0,ESS
3,7,1,7,0,ESS
3,7,2,7,0,ES
3,7,4,7,0,ESS
3,7,5,7,0,S
3,8,1,8,0,S
3,8,2,8,0,E
3,8,3,8,0,S
3,8,4,8,0,S
3,8,5,8,0,S
3,10,1,10,0,S
3,10,2,10,0,SSSS
3,10,3,10,0,S
3,10,4,10,0,SSEEES
3,10,5,10,0,E
3,11,1,11,0,S
3,11,2,11,0,S
3,11,3,11,0,ESS
3,11,5,11,0,SES
3,12,1,12,0,SS
3,12,2,12,0,SESS
3,12,3,12,0,ESS
3,12,4,12,0,E
3,12,5,12,0,S
4,4,1,4,0,SE
4,4,2,4,0,SS
4,4,3,4,0,S
4,4,4,4,0,ESESSS
4,4,5,4,0,SE
4,10,1,10,0,EESS
4,10,2,10,0,S
4,10,4,10,0,E
5,2,1,2,0,S
5,2,2,2,0,E
5,2,3,2,0,SS
5,10,1,10,0,E
5,10,3,10,0,EEEE
5,10,4,10,0,S
5,10,5,10,0,SE
5,11,1,11,0,SESS
5,11,2,11,0,SS
5,11,3,11,0,S
5,11,4,11,0,E
5,11,5,11,0,E
6,1,1,1,0,SS
6,1,2,1,0,S
6,1,3,1,0,S
6,1,4,1,0,S
6,1,5,1,0,ESS
6,2,1,2,1,SS
6,2,2,2,1,ES
6,2,3,2,1,EESES
6,2,4,2,1,S
6,2,5,2,1,SS
6,3,1,3,1,EEESS
6,3,2,3,1,SEEES
6,3,3,3,1,SES
6,3,5,3,1,S
6,4,1,4,1,SEES
6,4,2,4,1,ES
6,4,3,4,1,ES
6,4,4,4,1,S
6,4,5,4,1,EEES
6,5,2,5,1,SSS
6,5,3,5,1,ESSS
6,5,4,5,1,S
6,5,5,5,1,S
6,6,1,6,1,ESES
6,6,2,6,1,SESS
6,6,3,6,1,SS
6,6,4,6,1,EESS
6,6,5,6,1,SS
6,7,1,7,0,SS
6,7,2,7,0,ES
6,7,3,7,0,S
6,7,4,7,0,SSSS
6,7,5,7,0,S
6,8,1,8,1,SES
6,8,2,8,1,SS
6,8,3,8,1,S
6,8,4,8,1,S
6,8,5,8,1,S
6,9,1,9,0,S
6,9,2,9,0,ES
6,9,3,9,0,ES
6,9,4,9,0,S
6,9,5,9,0,ES
6,10,1,10,1,ES
6,10,2,10,1,S
6,10,3,10,1,SS
6,10,4,10,1,EESS
6,10,5,10,1,ES
6,11,2,11,1,SS
6,11,4,11,1,ES
6,11,5,11,1,ES
6,12,1,12,1,ES
6,12,2,12,1,S
6,12,3,12,1,EES
6,12,4,12,1,S
6,12,5,12,1,S
7,3,1,3,0,SSS
7,3,2,3,0,ESSS
7,3,3,3,0,E
7,3,4,3,0,E
7,3,5,3,0,E
7,6,1,6,0,E
7,6,2,6,0,ESSS
7,6,3,6,0,EEE
7,6,4,6,0,EE
7,6,5,6,0,EE
8,1,1,1,0,ESS
8,1,2,1,0,S
8,1,3,1,0,SSEE
8,1,4,1,0,ESESEESSEE
8,1,5,1,0,S
8,2,1,2,1,E
8,2,2,2,1,EEEESE
8,2,3,2,1,ES
8,2,4,2,1,ES
8,2,5,2,1,S
8,3,1,3,1,ESS
8,3,3,3,1,S
8,3,4,3,1,E
8,3,5,3,1,E
8,4,1,4,0,ESSSS
8,4,2,4,0,SS
8,4,3,4,0,SS
8,4,4,4,0,SSSE
8,4,5,4,0,SSSS
8,6,1,6,1,SS
8,6,2,6,1,S
8,6,3,6,1,SSS
8,6,4,6,1,S
8,6,5,6,1,SSEEES
9,2,1,2,1,S
9,2,2,2,1,SSEE
9,2,3,2,1,SEEEEES
9,2,4,2,1,S
9,2,5,2,1,SEES
9,3,1,3,1,S
9,3,2,3,1,EEEESSESSS
9,3,3,3,1,S
9,3,5,3,1,S
9,4,1,4,1,SES
9,4,3,4,1,E
9,4,4,4,1,ESSSS
9,4,5,4,1,ESSEEESSSES
9,5,2,5,0,SSSS
9,5,3,5,0,ES
9,5,4,5,0,EESS
9,5,5,5,0,S
9,6,1,6,0,EEES
9,6,2,6,0,EESSSSSS
9,6,3,6,0,EEESS
9,6,4,6,0,SEEEEEEESESS
9,6,5,6,0,S
9,7,1,7,0,EESSSEEEEEE
9,7,2,7,0,EEEEESES
9,7,3,7,0,EEEEESS
9,7,4,7,0,EEEESS
9,7,5,7,0,S
9,11,2,11,0,SE
9,11,3,11,0,ESS
9,11,4,11,0,EESSSSSSS
9,11,5,11,0,EEEES
9,12,1,12,1,EEEEEEESSS
9,12,2,12,1,SEEESS
9,12,3,12,1,SSEESS
9,12,4,12,1,S
9,12,5,12,1,EEESEEE
10,1,1,1,0,S
10,1,3,1,0,EEES
10,1,4,1,0,ESSEESSSS
10,1,5,1,0,SS
10,2,1,2,0,S
10,2,2,2,0,ESS
10,2,3,2,0,EESES
10,2,4,2,0,EESS
10,2,5,2,0,SES
10,3,1,3,0,S
10,3,2,3,0,S
10,3,3,3,0,S
10,3,4,3,0,SEESSSSSSS
10,3,5,3,0,ESSSSEEES
10,4,1,4,0,ES
10,4,2,4,0,SEESSS
10,4,3,4,0,ESSSS
10,4,4,4,0,EEEEEEES
10,4,5,4,0,S
10,5,1,5,0,SS
10,5,2,5,0,SSSSEESS
10,5,3,5,0,S
10,5,4,5,0,E
10,5,5,5,0,S
10,7,1,7,0,SSEESEEES
10,7,2,7,0,SSSEEEES
10,7,3,7,0,E
10,7,4,7,0,S
10,7,5,7,0,SS
10,9,1,9,0,EES
10,9,2,9,0,EES
10,9,3,9,0,S
10,9,4,9,0,E
10,9,5,9,0,ESSESS
10,11,1,11,0,ESE
10,11,2,11,0,S
10,11,3,11,0,S
10,11,4,11,0,SS
10,11,5,11,0,E
11,2,2,2,1,S
11,2,3,2,1,E
11,2,4,2,1,S
11,2,5,2,1,E
12,1,1,1,1,EEESSSEEEE
12,1,2,1,1,SEESES
12,1,3,1,1,EEEEEESS
12,1,4,1,1,EESEEEEEEEEESEESS
12,2,1,2,1,EEEESEE
12,2,2,2,1,EESEES
12,2,3,2,1,EEE
12,2,4,2,1,EEEEEEEEEES
12,2,5,2,1,EEEEEEEEESSSEES
12,3,1,3,0,ESSSEESEEEE
12,3,2,3,0,S
12,3,3,3,0,EE
12,3,4,3,0,EEESEEESS
12,3,5,3,0,SSSSEEE
12,4,1,4,1,ESEEEEEESS
12,4,2,4,1,EES
12,4,3,4,1,E
12,4,4,4,1,SEEESEEEEEEEEEEEEESS
12,6,1,6,1,EEESSSEEEEEE
12,6,2,6,1,EEEESEES
12,6,3,6,1,EEEES
12,6,4,6,1,EEES
12,6,5,6,1,EES
13,1,1,1,0,SSE
13,1,2,1,0,ESESSSS
13,1,3,1,0,EES
13,1,4,1,0,S
13,1,5,1,0,EEEEESSS
13,2,1,2,0,S
13,2,2,2,0,SESSSESS
13,2,3,2,0,S
13,3,1,3,0,S
13,3,2,3,0,SSS
13,3,3,3,0,SSSS
13,3,4,3,0,EEES
13,3,5,3,0,S
13,4,1,4,0,EEES
13,4,2,4,0,SSS
13,4,3,4,0,S
13,4,4,4,0,EEE
13,4,5,4,0,SSSS
13,5,1,5,0,S
13,5,3,5,0,S
13,5,4,5,0,ESS
13,5,5,5,0,S
13,6,2,6,0,EE
13,6,3,6,0,S
13,6,4,6,0,SEEEES
13,6,5,6,0,S
13,7,1,7,0,SS
13,7,2,7,0,ES
13,7,3,7,0,S
13,7,4,7,0,S
13,7,5,7,0,EES
13,8,1,8,0,SS
13,8,2,8,0,SEEE
13,8,3,8,0,ES
13,8,4,8,0,E
13,8,5,8,0,EESS
13,10,1,10,0,EEESSSSS
13,10,2,10,0,S
13,10,3,10,0,ESS
13,10,4,10,0,ESS
13,10,5,10,0,SS
13,11,1,11,0,EEEES
13,11,3,11,0,S
13,11,4,11,0,ESS
13,11,5,11,0,EESS
13,12,1,12,0,EE
13,12,2,12,0,SSSSSSS
13,12,3,12,0,S
13,12,5,12,0,S
14,1,1,1,0,S
14,1,2,1,0,S
14,1,3,1,0,EESS
14,1,4,1,0,EES
14,1,5,1,0,S
14,2,1,2,0,E
14,2,2,2,0,ES
14,2,3,2,0,ES
14,2,5,2,0,SEEEEES
14,3,1,3,0,ESSS
14,3,2,3,0,ES
14,3,3,3,0,EEEEES
14,3,4,3,0,ES
14,3,5,3,0,S
14,4,1,4,0,ESSS
14,4,2,4,0,S
14,4,3,4,0,SSS
14,4,4,4,0,EESSEE
14,4,5,4,0,EEESEEESEEESSE
14,9,1,9,0,EESEEEE
14,9,2,9,0,EES
14,9,3,9,0,S
14,9,4,9,0,EEEES
14,9,5,9,0,ESSESEEEES
14,11,1,11,0,SS
14,11,3,11,0,EEEEEEEES
14,11,4,11,0,EES
14,11,5,11,0,SS
14,12,1,12,0,S
14,12,2,12,0,ESSE
14,12,3,12,0,S
14,12,4,12,0,EES
14,12,5,12,0,EESS
15,2,1,2,0,ESS
15,2,2,2,0,S
15,2,4,2,0,S
15,2,5,2,0,EEES
15,3,1,3,0,ES
15,3,2,3,0,ES
15,3,3,3,0,SS
15,3,4,3,0,S
15,3,5,3,0,S
15,4,1,4,0,ES
15,4,2,4,0,ESESSSSSS
15,4,3,4,0,SS
15,4,4,4,0,ES
15,4,5,4,0,ES
15,5,1,5,0,ES
15,5,2,5,0,S
15,5,3,5,0,SESS
15,5,4,5,0,ES
15,5,5,5,0,S
15,6,2,6,0,S
15,6,3,6,0,SSS
15,6,4,6,0,S
15,7,1,7,0,S
15,7,2,7,0,EES
15,7,3,7,0,SEEES
15,7,4,7,0,S
15,7,5,7,0,ES
15,10,1,10,0,SS
15,10,2,10,0,ES
15,10,3,10,0,S
15,10,4,10,0,S
15,10,5,10,0,E
15,11,1,11,0,S
15,11,2,11,0,ESEESS
15,11,3,11,0,ESEEESS
15,11,4,11,0,S
15,11,5,11,0,SS
16,1,1,1,0,ESEEESSS
16,1,2,1,0,EESSESE
16,1,3,1,0,EEESEEEESESSSEEES
16,1,4,1,0,EES
16,2,1,2,0,SSSS
16,2,2,2,0,ESSEEES
16,2,3,2,0,EE
16,2,4,2,0,SEESSSEEES
16,2,5,2,0,EEEEE
16,3,1,3,0,S
16,3,3,3,0,ESSEES
16,3,5,3,0,SS
16,4,1,4,1,E
16,4,2,4,1,S
16,4,3,4,1,SS
16,4,4,4,1,EEEEEESSSS
16,4,5,4,1,S
16,5,1,5,0,E
16,5,2,5,0,S
16,5,3,5,0,EES
16,5,4,5,0,SSS
16,5,5,5,0,EESEESEE
16,6,1,6,0,S
16,6,2,6,0,S
16,6,3,6,0,ESS
16,6,4,6,0,SSSEES
16,6,5,6,0,SES
16,7,1,7,0,EE
16,7,2,7,0,S
16,7,3,7,0,S
16,7,4,7,0,ESEE
16,7,5,7,0,ES
16,9,1,9,1,S
16,9,2,9,1,ES
16,9,3,9,1,EESSEEESSESS
16,9,4,9,1,ESES
16,9,5,9,1,SS
16,10,1,10,1,SEES
16,10,2,10,1,S
16,10,5,10,1,EESSES
17,1,1,1,0,SEESS
17,1,2,1,0,S
17,1,3,1,0,SSEES
17,1,4,1,0,SSS
17,1,5,1,0,S
17,2,1,2,0,S
17,2,2,2,0,SS
17,2,3,2,0,ES
17,2,4,2,0,S
17,2,5,2,0,ES
17,3,1,3,0,EEEES
17,3,2,3,0,S
17,3,3,3,0,EES
17,3,5,3,0,SSS
17,4,1,4,0,S
17,4,2,4,0,SS
17,4,3,4,0,ES
17,4,4,4,0,S
17,4,5,4,0,SSSSSES
17,5,1,5,0,S
17,5,2,5,0,SS
17,5,3,5,0,SE
17,5,4,5,0,S
17,6,1,6,0,SS
17,6,2,6,0,S
17,6,3,6,0,SEES
17,6,4,6,0,E
17,6,5,6,0,SES
17,7,1,7,0,ESS
17,7,2,7,0,SS
17,7,3,7,0,EES
17,7,4,7,0,ES
17,7,5,7,0,SSS
17,9,1,9,0,ES
17,9,3,9,0,S
17,9,5,9,0,S
17,10,1,10,0,S
17,10,2,10,0,SS
17,10,3,10,0,SS
17,10,4,10,0,S
17,10,5,10,0,S
17,11,1,11,0,EES
17,11,2,11,0,SES
17,11,3,11,0,EES
17,11,4,11,0,ESS
17,12,1,12,0,S
17,12,2,12,0,ES
17,12,3,12,0,S
17,12,4,12,0,S
17,12,5,12,0,ESSS
18,1,1,1,0,S
18,1,2,1,0,S
18,1,3,1,0,EEES
18,1,4,1,0,EES
18,1,5,1,0,SSS
18,2,1,2,0,ES
18,2,2,2,0,EEEEESE
18,2,3,2,0,SSSSEEES
18,2,4,2,0,SSSSSS
18,3,1,3,0,ES
18,3,2,3,0,EE
18,3,3,3,0,SS
18,3,4,3,0,SS
18,3,5,3,0,S
18,5,1,5,0,E
18,5,2,5,0,S
18,5,3,5,0,S
18,5,4,5,0,S
18,5,5,5,0,E
18,6,1,6,0,S
18,6,2,6,0,SS
18,6,3,6,0,S
18,6,4,6,0,SS
18,7,1,7,0,S
18,7,2,7,0,SSS
18,7,3,7,0,S
18,7,4,7,0,SS
18,7,5,7,0,S
18,11,1,11,0,ES
18,11,2,11,0,S
18,11,3,11,0,ES
18,11,4,11,0,EEEES
19,1,1,1,0,SSS
19,1,2,1,0,ESSES
19,1,3,1,0,EEEES
19,1,4,1,0,EES
19,1,5,1,0,S
19,2,1,2,0,EESS
19,2,2,2,0,EEESSSS
19,2,3,2,0,EEEEEEES
19,2,4,2,0,EESS
19,2,5,2,0,EEES
19,3,1,3,0,S
19,3,2,3,0,SS
19,3,3,3,0,S
19,3,4,3,0,SSESSSEEES
19,3,5,3,0,EESSEEEESS
19,4,1,4,0,SSS
19,4,2,4,0,ESSS
19,4,3,4,0,EEE
19,4,4,4,0,EES
19,4,5,4,0,ES
19,5,1,5,0,SS
19,5,2,5,0,ES
19,5,3,5,0,SSS
19,5,4,5,0,S
19,5,5,5,0,S
19,6,1,6,0,SSESS
19,6,2,6,0,ESEES
19,6,3,6,0,EEESEESES
19,6,4,6,0,EES
19,6,5,6,0,EE
19,8,1,8,0,ES
19,8,2,8,0,SSSSS
19,8,3,8,0,EEES
19,8,4,8,0,SS
19,8,5,8,0,SSSES
19,9,1,9,0,EEEEEEEEES
19,9,2,9,0,EE
19,9,3,9,0,SSS
19,9,4,9,0,SSSEEES
19,9,5,9,0,SS
19,11,1,11,0,SSSS
19,11,2,11,0,SS
19,11,3,11,0,SSSS
19,11,4,11,0,EESSEEEEEEEESSEEESS
19,11,5,11,0,S
19,12,1,12,0,EEEEEEEEEESSSS
19,12,2,12,0,SSS
19,12,3,12,0,ES
19,12,4,12,0,ESSSS
19,12,5,12,0,SSSEEESSSSS
20,1,1,1,1,SSS
20,1,2,1,1,EEEE
20,1,3,1,1,S
20,1,4,1,1,SEEEEE
20,1,5,1,1,S
20,5,1,5,1,SE
20,5,3,5,1,S
20,5,4,5,1,EEE
20,5,5,5,1,ESSS
20,7,1,7,0,EEEEE
20,7,2,7,0,SS
20,7,3,7,0,SESEEEESSS
20,7,4,7,0,EEE
20,7,5,7,0,EESS
21,2,1,2,0,S
21,2,2,2,0,EEEEEESEEEEESEEEEEES
21,2,4,2,0,ESS
21,2,5,2,0,EEEEEEEES
21,4,1,4,0,EE
21,4,2,4,0,EE
21,4,3,4,0,EEEES
21,4,5,4,0,EEEEE
22,1,1,1,0,ESS
22,1,2,1,0,ES
22,1,3,1,0,ESS
22,1,4,1,0,S
22,1,5,1,0,EES
22,2,1,2,0,S
22,2,2,2,0,EEEESS
22,2,3,2,0,EEES
22,2,4,2,0,SES
22,2,5,2,0,SSS
22,4,1,4,1,EEESSSSS
22,4,2,4,1,SSSEESS
22,4,3,4,1,SSS
22,4,4,4,1,S
22,5,1,5,1,E
22,5,2,5,1,EESS
22,5,3,5,1,SEES
22,5,4,5,1,S
22,5,5,5,1,SSSEE
22,6,1,6,1,EEEEESSS
22,6,2,6,1,ES
22,6,3,6,1,ES
22,6,4,6,1,S
22,6,5,6,1,ES
22,7,1,7,0,S
22,7,2,7,0,ES
22,7,3,7,0,EE
22,7,4,7,0,EE
22,7,5,7,0,EESS
22,8,1,8,1,S
22,8,3,8,1,EEESES
22,8,4,8,1,S
22,8,5,8,1,ESSSS
22,9,1,9,1,S
22,9,2,9,1,S
22,9,4,9,1,SS
22,9,5,9,1,S
22,10,1,10,1,SS
22,10,2,10,1,ES
22,10,4,10,1,S
22,10,5,10,1,EESSS
22,11,1,11,0,S
22,11,2,11,0,E
22,11,3,11,0,S
22,11,4,11,0,SSSSS
22,11,5,11,0,S
22,12,2,12,0,SS
22,12,3,12,0,SSEES
22,12,4,12,0,SES
22,12,5,12,0,EEES
23,1,1,1,0,ES
23,1,2,1,0,SSS
23,1,3,1,0,EESSS
23,1,4,1,0,S
23,1,5,1,0,S
23,5,2,5,0,S
23,5,3,5,0,SS
23,5,4,5,0,S
23,5,5,5,0,S
23,6,1,6,0,S
23,6,4,6,0,S
23,6,5,6,0,SS
23,8,1,8,0,ES
23,8,2,8,0,SS
23,8,3,8,0,S
23,8,4,8,0,S
23,8,5,8,0,S
23,9,1,9,0,ESS
23,9,2,9,0,SESS
23,9,3,9,0,EES
23,9,4,9,0,S
23,9,5,9,0,SS
23,10,1,10,0,ES
23,10,2,10,0,S
23,10,3,10,0,S
23,10,4,10,0,S
23,10,5,10,0,ESS
23,11,1,11,0,SS
23,11,2,11,0,S
23,11,3,11,0,SS
23,11,4,11,0,SS
23,12,1,12,0,ESSS
23,12,2,12,0,S
23,12,3,12,0,S
23,12,5,12,0,ESSES
24,1,1,1,0,S
24,1,2,1,0,S
24,1,3,1,0,S
24,1,4,1,0,S
24,1,5,1,0,ESS
24,2,1,2,0,ESSS
24,2,2,2,0,SEESSSES
24,2,3,2,0,E
24,2,5,2,0,EES
24,3,1,3,1,SS
24,3,2,3,1,ESS
24,3,3,3,1,S
24,3,4,3,1,S
24,3,5,3,1,S
24,4,2,4,1,SSS
24,4,3,4,1,S
24,4,4,4,1,S
24,4,5,4,1,S
24,5,1,5,1,S
24,5,2,5,1,ES
24,5,3,5,1,SEE
24,5,4,5,1,ESSS
24,5,5,5,1,EEEES
24,9,1,9,1,S
24,9,2,9,1,SS
24,9,3,9,1,ES
24,9,4,9,1,S
24,9,5,9,1,S
24,10,2,10,1,E
24,10,3,10,1,ES
24,10,4,10,1,SS
24,10,5,10,1,S
24,11,1,11,1,SSSS
24,11,3,11,1,SS
24,11,4,11,1,S
24,11,5,11,1,S
24,12,1,12,1,S
24,12,2,12,1,S
24,12,3,12,1,S
24,12,4,12,1,SSS
24,12,5,12,1,ES
25,1,1,1,0,EE
25,1,2,1,0,EEESEEEEEEE
25,1,3,1,0,SSEEEEEEEEEEEEEEE
25,1,4,1,0,SEEEEEEEEEEEEEEEEEEE
25,1,5,1,0,SSEEEE
25,3,1,3,0,EE
25,3,2,3,0,EEE
25,3,3,3,0,SSEEEEEEEEEEEESEEEEE
25,4,1,4,0,EEEEEE
25,4,2,4,0,EEEEEEEEEEEEEEEEEEESE
25,4,3,4,0,E
25,4,4,4,0,ESEEE
25,4,5,4,0,EEEE
25,5,1,5,0,E
25,5,2,5,0,EEE
25,5,3,5,0,EEEEEEEEEEEESSSS
25,5,4,5,0,EEEEEEEEEEEEESE
25,5,5,5,0,E
25,6,1,6,0,E
25,6,2,6,0,EE
25,6,3,6,0,E
25,6,4,6,0,E
25,6,5,6,0,EEEEEEEE
26,1,1,1,0,EE
26,1,2,1,0,E
26,1,3,1,0,EEEEESSSS
26,1,4,1,0,EEEEEEESEESEEES
26,1,5,1,0,EEE
26,2,1,2,0,E
26,2,2,2,0,ESSESEEEES
26,2,3,2,0,EEE
26,2,4,2,0,SSEES
26,2,5,2,0,ES
26,3,1,3,0,EEE
26,3,2,3,0,SEEEEEEESS
26,3,3,3,0,EEE
26,3,4,3,0,EEEEEEEEE
26,3,5,3,0,SSESSES
26,4,1,4,0,ES
26,4,2,4,0,ESSSES
26,4,3,4,0,EEEEE
26,4,4,4,0,SSSS
26,4,5,4,0,ES
26,5,1,5,0,SEEEEEEEEEEEEES
26,5,2,5,0,ESEEEEES
26,5,3,5,0,SS
26,5,4,5,0,S
26,5,5,5,0,EEESSEEEEEEEEEE
26,6,2,6,0,SSS
26,6,3,6,0,EEEESEESES
26,6,4,6,0,EESSEEEESSE
26,6,5,6,0,EEESSSEEESSS
26,7,1,7,0,EEEESSSSS
26,7,2,7,0,ESEEESS
26,7,3,7,0,SE
26,7,4,7,0,SSSSSEE
26,7,5,7,0,ES
26,8,1,8,0,EEEEEEESEEES
26,8,2,8,0,EEES
26,8,3,8,0,EEEEESSEEEEEESSSSS
26,8,4,8,0,S
26,9,1,9,0,S
26,9,3,9,0,EEEEEEEES
26,9,4,9,0,EESES
26,10,1,10,0,EE
26,10,2,10,0,E
26,10,3,10,0,E
26,10,4,10,0,S
26,10,5,10,0,ESSES
26,12,1,12,0,EESESS
26,12,2,12,0,E
26,12,3,12,0,EEEEEEEEEES
26,12,4,12,0,EESEEEEEEES
26,12,5,12,0,SEEEEEEEESEES
27,1,1,1,0,S
27,1,2,1,0,S
27,1,3,1,0,E
27,1,4,1,0,SSS
27,1,5,1,0,S
27,2,1,2,0,SEESES
27,2,3,2,0,SESSE
27,2,4,2,0,EE
27,2,5,2,0,SES
28,1,1,1,1,S
28,1,2,1,1,SSS
28,1,3,1,1,S
28,1,4,1,1,SS
28,1,5,1,1,S
28,2,1,2,0,S
28,2,2,2,0,SSSS
28,2,3,2,0,S
28,2,4,2,0,EEEEESSS
28,2,5,2,0,S
28,3,1,3,1,SSSES
28,3,2,3,1,S
28,3,3,3,1,ES
28,3,4,3,1,E
28,3,5,3,1,SS
28,4,1,4,0,S
28,4,2,4,0,ESES
28,4,3,4,0,ES
28,4,4,4,0,S
28,4,5,4,0,SSESS
28,5,1,5,1,SES
28,5,2,5,1,ESSSS
28,5,3,5,1,SS
28,5,4,5,1,S
28,5,5,5,1,ESS
28,6,1,6,0,SS
28,6,2,6,0,S
28,6,3,6,0,ESEESESS
28,6,4,6,0,SS
28,6,5,6,0,ES
28,9,1,9,1,EES
28,9,2,9,1,ES
28,9,3,9,1,EEES
28,9,4,9,1,S
28,9,5,9,1,ESSS
28,11,1,11,1,SS
28,11,2,11,1,S
28,11,3,11,1,S
28,11,4,11,1,EESS
28,11,5,11,1,S
29,1,1,1,0,SS
29,1,2,1,0,EEES
29,1,3,1,0,SS
29,1,4,1,0,E
29,1,5,1,0,S
29,2,1,2,0,ES
29,2,2,2,0,S
29,2,3,2,0,S
29,2,4,2,0,SSS
29,2,5,2,0,S
29,3,1,3,0,SEE
29,3,2,3,0,SS
29,3,3,3,0,ES
29,3,4,3,0,SSSS
29,3,5,3,0,EES
29,4,1,4,0,SS
29,4,2,4,0,ES
29,4,3,4,0,S
29,4,4,4,0,S
29,4,5,4,0,ES
29,5,1,5,0,S
29,5,2,5,0,SES
29,5,4,5,0,S
29,5,5,5,0,S
29,6,1,6,0,ES
29,6,2,6,0,S
29,6,3,6,0,ES
29,6,4,6,0,ESSS
29,6,5,6,0,ES
29,7,1,7,0,ES
29,7,2,7,0,SS
29,7,3,7,0,S
29,7,4,7,0,EE
29,7,5,7,0,S
29,8,1,8,0,S
29,8,2,8,0,S
29,8,3,8,0,SS
29,8,4,8,0,SS
29,8,5,8,0,ES
29,9,2,9,0,SS
29,9,3,9,0,ES
29,9,4,9,0,ES
29,9,5,9,0,SS
29,10,1,10,0,S
29,10,2,10,0,S
29,10,3,10,0,SES
29,10,4,10,0,EES
29,10,5,10,0,ES
29,12,1,12,0,S
29,12,2,12,0,S
29,12,3,12,0,ESESSS
29,12,4,12,0,S
29,12,5,12,0,S
30,1,1,1,0,SS
30,1,2,1,0,EESS
30,1,3,1,0,E
30,1,4,1,0,SS
30,1,5,1,0,E
30,3,1,3,0,EEEE
30,3,2,3,0,E
30,3,3,3,0,S
30,3,4,3,0,SS
30,3,5,3,0,SSES
30,4,1,4,0,S
30,4,2,4,0,S
30,4,3,4,0,E
30,4,5,4,0,ESSS
30,5,1,5,0,S
30,5,3,5,0,EES
30,5,4,5,0,SS
30,5,5,5,0,S
30,6,2,6,0,ESSSS
30,6,3,6,0,S
30,6,4,6,0,SSS
30,12,1,12,0,S
30,12,2,12,0,SSS
30,12,3,12,0,S
30,12,4,12,0,SSSS
30,12,5,12,0,EE
31,3,1,3,0,EEES
31,3,2,3,0,EEES
31,3,3,3,0,EES
31,3,4,3,0,S
31,3,5,3,0,S
31,5,1,5,0,ESS
31,5,2,5,0,ES
31,5,4,5,0,SSS
31,5,5,5,0,ESES
31,7,1,7,0,EEES
31,7,2,7,0,S
31,7,3,7,0,EEES
31,7,4,7,0,EESS
31,7,5,7,0,S
31,8,1,8,0,SS
31,8,2,8,0,EEEES
31,8,3,8,0,EESSESS
31,8,4,8,0,EEEEEESESSSSSSSSSEEEEEESS
31,8,5,8,0,SSS
31,9,1,9,0,S
31,9,2,9,0,ESSSEEEES
31,9,3,9,0,EEEESE
31,9,4,9,0,ES
31,9,5,9,0,SSSEEEES
31,11,1,11,0,ESSS
31,11,2,11,0,ESEE
31,11,3,11,0,ESES
31,11,4,11,0,SS
31,11,5,11,0,EESEEESEESSSESEEES
31,12,1,12,0,ES
31,12,2,12,0,SEEES
31,12,3,12,0,S
31,12,4,12,0,EEEESSSE
31,12,5,12,0,SSSSSEEEEEEESEE
32,1,1,1,0,EEEESS
32,1,2,1,0,EEEEEEEE
32,1,4,1,0,EEE
32,1,5,1,0,EEE
32,3,1,3,0,EEEEEESEEEEESSEEEEESEESSSEEEEE
32,3,2,3,0,SSSEEEEEEEEEEEEEEEEE
32,3,3,3,0,EEEEEE
32,3,4,3,0,SESEEEEE
32,3,5,3,0,EE
32,4,1,4,0,EESSSES
32,4,2,4,0,EEEEEEEESS
32,4,3,4,0,EEEEES
32,4,4,4,0,EESSEEE
32,4,5,4,0,ESS
32,5,1,5,0,ESEEEEES
32,5,2,5,0,SEEEEEEEEESS
32,5,3,5,0,EEEES
32,5,4,5,0,EEEEEEEEE
32,5,5,5,0,EEEEEEESEEEESSEEEESS
32,10,1,10,0,ESS
32,10,2,10,0,E
32,10,4,10,0,EEEEEEEEES
32,10,5,10,0,EESSS
33,1,1,1,0,S
33,1,2,1,0,EEEEE
33,1,4,1,0,S
33,1,5,1,0,SSS
33,3,1,3,0,ES
33,3,2,3,0,SEEE
33,3,3,3,0,SSS
33,3,4,3,0,EEE
33,3,5,3,0,S
34,1,2,1,1,EEESEEES
34,1,3,1,1,SS
34,1,4,1,1,ESS
34,1,5,1,1,S
34,3,1,3,0,EEES
34,3,2,3,0,EES
34,3,3,3,0,SS
34,3,4,3,0,EEES
34,4,1,4,0,S
34,4,2,4,0,E
34,4,3,4,0,S
34,4,5,4,0,SS
34,5,1,5,0,SEEEESE
34,5,2,5,0,S
34,5,3,5,0,SSSSS
34,5,5,5,0,ES
34,6,1,6,1,SEEES
34,6,2,6,1,ESSS
34,6,3,6,1,S
34,6,4,6,1,ES
34,6,5,6,1,SESEEES
34,7,1,7,0,ESEEEEE
34,7,2,7,0,SEEE
34,7,3,7,0,SS
34,7,4,7,0,S
34,7,5,7,0,ES
34,9,1,9,0,EEE
34,9,2,9,0,S
34,9,3,9,0,SEEEES
34,9,4,9,0,EES
34,9,5,9,0,ES
34,10,1,10,1,ESES
34,10,2,10,1,EEEES
34,10,3,10,1,S
34,10,4,10,1,E
34,10,5,10,1,SSS
34,11,1,11,1,S
34,11,2,11,1,ESSS
34,11,3,11,1,ES
34,11,4,11,1,ESEESSS
34,11,5,11,1,SS
34,12,1,12,1,E
34,12,2,12,1,SESSSEEEES
34,12,3,12,1,EEEESS
34,12,4,12,1,ES
34,12,5,12,1,S
35,1,1,1,0,E
35,1,2,1,0,EES
35,1,3,1,0,E
35,1,4,1,0,SEEEEEEEEEEEEEESEE
35,1,5,1,0,EEEESESEEEEEEEEE
35,2,1,2,0,EEEEEEEEEEEEESSSSSS
35,2,2,2,0,ES
35,2,3,2,0,ESSEEESESSSS
35,2,4,2,0,SSEESSS
35,2,5,2,0,SSS
35,3,1,3,0,EEES
35,3,2,3,0,SSEEES
35,3,3,3,0,EEEEE
35,3,4,3,0,EESEEEEESSSEEEEESEEEEESEEEESSE
35,3,5,3,0,EES
35,4,1,4,0,SSEEEEEEES
35,4,2,4,0,S
35,4,3,4,0,EES
35,4,4,4,0,S
35,4,5,4,0,EEEESEEE
35,5,1,5,0,EESSSSS
35,5,3,5,0,SESSEEEEE
35,5,4,5,0,EESEEEEEE
35,5,5,5,0,S
35,6,1,6,0,EEEEE
35,6,2,6,0,SSEEE
35,6,3,6,0,ES
35,6,4,6,0,EEES
35,6,5,6,0,S
35,7,1,7,0,E
35,7,2,7,0,ESESEEEEEEEEESESEEEEEEE
35,7,3,7,0,ESSEEEEEEEE
35,7,4,7,0,EEESS
35,7,5,7,0,EEEEEEEEESS
35,8,1,8,0,SEEEE
35,8,2,8,0,ESSS
35,8,3,8,0,EE
35,8,4,8,0,EEEEEEEEEEEEE
35,8,5,8,0,EEEESSEESEEESE
35,12,1,12,0,EEE
35,12,2,12,0,E
35,12,3,12,0,SEEE
35,12,4,12,0,SSSS
36,1,1,1,1,S
36,1,2,1,1,ESS
36,1,4,1,1,EES
36,1,5,1,1,EES
36,3,1,3,0,S
36,3,2,3,0,SS
36,3,4,3,0,EES
36,3,5,3,0,SS
36,5,1,5,0,EEESESSS
36,5,2,5,0,EE
36,5,3,5,0,ESEEES
36,5,4,5,0,ESEEESEESEESS
36,5,5,5,0,S
36,6,1,6,1,SS
36,6,2,6,1,EES
36,6,3,6,1,SS
36,6,4,6,1,SSS
36,6,5,6,1,SEESEEES
36,7,1,7,1,EESSSS
36,7,2,7,1,S
36,7,3,7,1,S
36,7,4,7,1,SE
36,7,5,7,1,ES
36,8,1,8,1,ES
36,8,2,8,1,S
36,8,3,8,1,E
36,8,4,8,1,S
36,8,5,8,1,SEEE
36,10,1,10,1,ESSSSSS
36,10,2,10,1,SES
36,10,3,10,1,EEES
36,10,4,10,1,SSEESS
36,10,5,10,1,SS
36,11,1,11,1,ESS
36,11,2,11,1,SS
36,11,3,11,1,ES
36,11,4,11,1,EEE
36,11,5,11,1,S
36,12,1,12,0,E
36,12,2,12,0,ESEE
36,12,3,12,0,EEEEEEES
36,12,5,12,0,ESSSS
37,1,1,1,0,SSSSS
37,1,2,1,0,EEEEEEEEEEEE
37,1,3,1,0,EE
37,1,4,1,0,EEEE
37,1,5,1,0,ESEESEE
37,4,1,4,0,SESSS
37,4,2,4,0,E
37,4,4,4,0,ESSSSEEE
37,4,5,4,0,ESS
38,5,1,5,1,S
38,5,2,5,1,S
38,5,3,5,1,S
38,5,5,5,1,SS
39,2,1,2,0,S
39,2,2,2,0,SEES
39,2,3,2,0,SS
39,2,4,2,0,E
39,2,5,2,0,S
39,3,1,3,0,SSES
39,3,2,3,0,EE
39,3,4,3,0,E
39,3,5,3,0,S
39,5,1,5,0,EES
39,5,2,5,0,ES
39,5,3,5,0,SSS
39,5,4,5,0,E
39,5,5,5,0,S
39,6,1,6,0,SESES
39,6,2,6,0,S
39,6,3,6,0,ES
39,6,4,6,0,S
39,6,5,6,0,ES
39,7,1,7,0,SSS
39,7,2,7,0,EEE
39,7,3,7,0,EES
39,7,4,7,0,ES
39,7,5,7,0,ES
39,8,1,8,0,EEEE
39,8,2,8,0,ES
39,8,3,8,0,SES
39,8,4,8,0,EEE
39,8,5,8,0,SES
39,9,1,9,0,ESE
39,9,2,9,0,EE
39,9,3,9,0,EESE
39,9,4,9,0,ES
39,9,5,9,0,ES
39,10,1,10,0,ES
39,10,2,10,0,EESSS
39,10,3,10,0,SS
39,10,4,10,0,SSSESS
39,10,5,10,0,ESESS
39,11,1,11,0,SE
39,11,2,11,0,S
39,11,3,11,0,E
39,11,4,11,0,ESSS
39,11,5,11,0,E
40,1,1,1,0,E
40,1,2,1,0,EEEE
40,1,3,1,0,S
40,1,4,1,0,SSSSSSSEEEEEESEESEEE
40,1,5,1,0,E
40,2,1,2,0,S
40,2,3,2,0,EEEESSE
40,2,4,2,0,EE
40,2,5,2,0,ES
40,3,1,3,0,E
40,3,2,3,0,SEEEEEES
40,3,3,3,0,EEEEEEE
40,3,4,3,0,EES
40,3,5,3,0,ESESS
41,3,1,3,0,E
41,3,2,3,0,S
41,3,3,3,0,S
41,3,4,3,0,EES
41,3,5,3,0,SSS
41,4,1,4,0,ESSSS
41,4,2,4,0,S
41,4,3,4,0,SSE
41,4,4,4,0,E
41,4,5,4,0,SS
41,5,1,5,0,EE
41,5,3,5,0,E
41,5,4,5,0,SS
41,5,5,5,0,EEE
41,6,1,6,0,EEEEEESS
41,6,2,6,0,EE
41,6,3,6,0,SSSESS
41,6,4,6,0,E
41,6,5,6,0,EEESSS
41,8,1,8,0,ESSS
41,8,2,8,0,EE
41,8,3,8,0,EEEEEE
41,8,4,8,0,SSS
41,8,5,8,0,E
41,9,1,9,0,EEESSS
41,9,2,9,0,SEEES
41,9,3,9,0,EESSSS
41,9,4,9,0,ES
42,4,1,4,0,S
42,4,3,4,0,S
42,4,4,4,0,S
42,4,5,4,0,S
42,5,1,5,0,EES
42,5,2,5,0,SSS
42,5,3,5,0,ES
42,5,4,5,0,SSS
42,5,5,5,0,SS
42,6,1,6,0,SS
42,6,2,6,0,EES
42,6,3,6,0,E
42,6,4,6,0,E
42,6,5,6,0,S
42,9,1,9,0,SS
42,9,2,9,0,SSS
42,9,3,9,0,S
42,9,4,9,0,S
42,10,1,10,0,S
42,10,2,10,0,ES
42,10,3,10,0,ES
42,10,4,10,0,E
42,10,5,10,0,EES
42,12,1,12,0,SSS
42,12,2,12,0,S
42,12,3,12,0,S
42,12,4,12,0,S
42,12,5,12,0,S
43,1,1,1,0,SSS
43,1,2,1,0,S
43,1,3,1,0,S
43,1,5,1,0,E
43,5,1,5,0,SE
43,5,2,5,0,S
43,5,3,5,0,E
43,5,4,5,0,E
43,5,5,5,0,E
43,6,1,6,0,EEEEEE
43,6,2,6,0,E
43,6,4,6,0,EEEEES
43,6,5,6,0,E
43,9,1,9,0,SEEEEEEEESSS
43,9,2,9,0,EEEESEEE
43,9,3,9,0,SEEE
43,9,4,9,0,EEE
43,9,5,9,0,E
44,1,1,1,0,EE
44,1,3,1,0,SS
44,1,4,1,0,SS
44,1,5,1,0,ES
44,2,1,2,0,EEEEE
44,2,2,2,0,S
44,2,3,2,0,E
44,2,4,2,0,ES
44,2,5,2,0,SSS
44,3,1,3,0,SSSS
44,3,2,3,0,EEE
44,3,3,3,0,ESS
44,3,4,3,0,SEES
44,3,5,3,0,ESS
44,4,1,4,0,EE
44,4,2,4,0,SESSS
44,4,3,4,0,SS
44,4,5,4,0,EEESEEEEESES
44,6,1,6,0,SS
44,6,2,6,0,ESSSES
44,6,4,6,0,EES
44,6,5,6,0,ES
44,7,1,7,0,EEES
44,7,2,7,0,S
44,7,3,7,0,EE
44,7,4,7,0,EESEES
44,7,5,7,0,S
44,8,1,8,0,S
44,8,2,8,0,S
44,8,3,8,0,SES
44,8,4,8,0,SS
44,8,5,8,0,SSEEESSES
44,10,1,10,0,SS
44,10,2,10,0,ESSSS
44,10,3,10,0,EEEEEEESSEESSSESES
44,10,4,10,0,S
44,10,5,10,0,S
44,11,1,11,0,SEESS
44,11,2,11,0,EEEEEEEEEEESEESSS
44,11,3,11,0,ES
44,11,4,11,0,ESS
45,2,1,2,0,SS
45,2,2,2,0,SS
45,2,3,2,0,S
45,2,4,2,0,SS
45,2,5,2,0,S
45,3,1,3,0,SSS
45,3,2,3,0,S
45,3,3,3,0,E
45,3,4,3,0,S
45,3,5,3,0,S
45,4,1,4,0,ES
45,4,2,4,0,SS
45,4,4,4,0,SSSES
45,4,5,4,0,S
45,6,2,6,0,S
45,6,4,6,0,ES
45,6,5,6,0,S
45,7,1,7,0,SSESS
45,7,2,7,0,S
45,7,3,7,0,SSES
45,7,4,7,0,S
45,7,5,7,0,ESS
45,8,1,8,0,S
45,8,2,8,0,S
45,8,3,8,0,S
45,8,4,8,0,S
45,8,5,8,0,S
45,10,1,10,0,S
45,10,2,10,0,S
45,10,3,10,0,S
45,10,4,10,0,SES
45,10,5,10,0,S
45,11,1,11,0,ES
45,11,2,11,0,S
45,11,3,11,0,S
45,11,4,11,0,SES
45,11,5,11,0,S
46,1,1,1,0,EEEEEE
46,1,2,1,0,EEEEEEEEESEEE
46,1,3,1,0,E
46,1,4,1,0,E
46,1,5,1,0,EEEEEEEEEEEEESEESSE
46,2,1,2,0,S
46,2,2,2,0,E
46,2,3,2,0,EEEESEESSES
46,2,4,2,0,SSSS
46,2,5,2,0,SEEEEE
46,3,1,3,0,SEE
46,3,2,3,0,EEEE
46,3,3,3,0,EEEESEEEEEEEEE
46,3,4,3,0,SS
46,4,1,4,0,ES
46,4,2,4,0,EEEEEESEEEEEEEEEEEEEE
46,4,3,4,0,EEEE
46,4,4,4,0,EE
46,4,5,4,0,EEE
46,6,1,6,0,EEE
46,6,3,6,0,EEEEEEEEESEEEEE
46,6,4,6,0,EEE
46,6,5,6,0,SSSES
46,11,1,11,0,SSSSEEEEE
46,11,2,11,0,EE
46,11,3,11,0,EES
46,11,4,11,0,EEEE
47,1,1,1,0,S
47,1,2,1,0,S
47,1,3,1,0,SES
47,1,4,1,0,S
47,1,5,1,0,SS
47,2,1,2,0,S
47,2,2,2,0,ESEES
47,2,3,2,0,ES
47,2,4,2,0,S
47,2,5,2,0,ES
47,3,1,3,0,S
47,3,3,3,0,ESS
47,3,4,3,0,S
47,3,5,3,0,EEES
47,4,1,4,0,SES
47,4,2,4,0,EES
47,4,3,4,0,EESSS
47,4,4,4,0,SS
47,4,5,4,0,S
47,5,1,5,0,SESSS
47,5,2,5,0,ESS
47,5,3,5,0,S
47,5,4,5,0,SSS
47,5,5,5,0,SS
47,6,1,6,0,ES
47,6,2,6,0,ES
47,6,3,6,0,ESS
47,6,4,6,0,ES
47,7,1,7,0,SS
47,7,2,7,0,ESSS
47,7,3,7,0,SS
47,7,4,7,0,S
47,7,5,7,0,S
47,8,1,8,0,SSES
47,8,2,8,0,ES
47,8,5,8,0,S
47,9,1,9,0,SEESSSEEEESS
47,9,2,9,0,S
47,9,3,9,0,ESES
47,9,4,9,0,ES
47,9,5,9,0,S
47,10,1,10,0,S
47,10,2,10,0,S
47,10,3,10,0,ES
47,10,4,10,0,ES
47,10,5,10,0,SSESS
47,11,1,11,0,S
47,11,3,11,0,EEESSSSS
47,11,4,11,0,EES
47,11,5,11,0,S
47,12,1,12,0,S
47,12,2,12,0,S
47,12,3,12,0,ES
47,12,4,12,0,SESSS
47,12,5,12,0,S
48,1,2,1,1,EEEEES
48,1,3,1,1,S
48,1,4,1,1,EESS
48,1,5,1,1,ES
48,2,1,2,0,S
48,2,2,2,0,S
48,2,3,2,0,SSESS
48,2,4,2,0,EEES
48,2,5,2,0,ESSSS
48,3,1,3,1,SSEEES
48,3,2,3,1,SS
48,3,3,3,1,SS
48,3,4,3,1,ESSES
48,3,5,3,1,S
48,4,1,4,0,ES
48,4,3,4,0,S
48,4,4,4,0,SSS
48,4,5,4,0,ESSEES
48,5,2,5,1,SEEEESSSES
48,5,3,5,1,SSSSSSS
48,5,5,5,1,EESSES
48,8,1,8,1,SEEESSSSS
48,8,2,8,1,S
48,8,3,8,1,S
48,8,4,8,1,SSESSS
48,8,5,8,1,SESS
48,9,1,9,0,S
48,9,2,9,0,S
48,9,3,9,0,ES
48,9,4,9,0,EESSS
48,9,5,9,0,SESSSEES
48,12,1,12,0,SS
48,12,2,12,0,EEESES
48,12,3,12,0,S
48,12,4,12,0,SSS
48,12,5,12,0,ES
49,1,1,1,0,ESSS
49,1,2,1,0,SS
49,1,3,1,0,SEEEEES
49,1,4,1,0,SS
49,1,5,1,0,SS
49,3,2,3,0,S
49,3,4,3,0,EE
49,3,5,3,0,S
49,4,1,4,0,S
49,4,2,4,0,SS
49,4,3,4,0,ESSS
49,4,4,4,0,ES
49,4,5,4,0,EEEESSSS
49,5,1,5,0,S
49,5,2,5,0,SESS
49,5,3,5,0,SS
49,5,4,5,0,EEESE
49,5,5,5,0,ESS
49,6,1,6,0,EES
49,6,2,6,0,SS
49,6,4,6,0,EES
49,6,5,6,0,SSSSS
49,7,1,7,0,S
49,7,2,7,0,S
49,7,3,7,0,SS
49,7,5,7,0,ES
49,8,1,8,0,EEEE
49,8,2,8,0,ES
49,8,3,8,0,S
49,8,4,8,0,EESSESE
49,8,5,8,0,ESSEEEES
49,10,1,10,0,S
49,10,2,10,0,SS
49,10,3,10,0,SS
49,10,5,10,0,SESESSS
49,11,1,11,0,EES
49,11,2,11,0,SEESS
49,11,3,11,0,SEES
49,11,4,11,0,S
49,11,5,11,0,SS
50,1,1,1,0,SSEE
50,1,2,1,0,EESSS
50,1,3,1,0,EEEEEEEEEEE
50,1,4,1,0,ES
50,1,5,1,0,SS
50,2,1,2,0,E
50,2,2,2,0,EEESSSS
50,2,3,2,0,EEESEES
50,2,4,2,0,S
50,2,5,2,0,ES
50,3,1,3,0,SSSSSEEESSS
50,3,2,3,0,EEESES
50,3,3,3,0,SEEEESS
50,3,5,3,0,EES
50,4,1,4,0,EESSS
50,4,2,4,0,S
50,4,3,4,0,SS
50,4,4,4,0,EESSSEESS
50,5,1,5,0,ES
50,5,2,5,0,S
50,5,3,5,0,SS
50,5,4,5,0,SEESEEEES
50,6,1,6,0,EE
50,6,3,6,0,ESS
50,6,4,6,0,ESSESEESEES
50,6,5,6,0,ES
50,7,1,7,0,ES
50,7,2,7,0,ES
50,7,3,7,0,S
50,7,4,7,0,EEEESSS
50,7,5,7,0,ESS
50,8,1,8,0,ES
50,8,2,8,0,EEEEEES
50,8,3,8,0,EEEEEEEESES
50,8,4,8,0,ESS
50,8,5,8,0,EEESS
50,10,1,10,0,EEEEESEESS
50,10,2,10,0,EES
50,10,3,10,0,ES
50,10,4,10,0,S
50,10,5,10,0,EE
50,11,1,11,0,SES
50,11,3,11,0,SSS
50,11,4,11,0,S
50,11,5,11,0,S
50,12,1,12,0,EESS
50,12,2,12,0,S
50,12,3,12,0,EEEEEEESSS
50,12,4,12,0,SESS
50,12,5,12,0,SSS
51,1,1,1,0,SS
51,1,3,1,0,ESS
51,1,4,1,0,SS
51,1,5,1,0,S
51,2,1,2,0,S
51,2,2,2,0,S
51,2,3,2,0,SS
51,2,4,2,0,SSS
51,2,5,2,0,S
51,3,1,3,0,SSSS
51,3,2,3,0,S
51,3,3,3,0,EES
51,3,4,3,0,EES
51,3,5,3,0,E
51,5,1,5,0,EE
51,5,2,5,0,ESS
51,5,3,5,0,S
51,5,4,5,0,S
51,5,5,5,0,S
51,6,1,6,0,S
51,6,2,6,0,S
51,6,3,6,0,S
51,6,4,6,0,ES
51,6,5,6,0,SEE
51,7,1,7,0,S
51,7,2,7,0,EES
51,7,3,7,0,S
51,7,5,7,0,S
51,8,2,8,0,S
51,8,3,8,0,S
51,8,4,8,0,SS
51,8,5,8,0,SS
51,9,1,9,0,ES
51,9,2,9,0,S
51,9,3,9,0,ES
51,9,4,9,0,SESSS
51,9,5,9,0,ESSSSS
51,10,1,10,0,SEEEEESSS
51,10,2,10,0,S
51,10,3,10,0,S
51,10,4,10,0,SS
51,10,5,10,0,S
51,12,1,12,0,ES
51,12,2,12,0,S
51,12,4,12,0,SS
51,12,5,12,0,S
52,1,1,1,0,EEEEESS
52,1,2,1,0,S
52,1,3,1,0,SEEES
52,1,4,1,0,EEESSSSEESESS
52,1,5,1,0,EEESSSS
52,2,1,2,0,SEEEEESE
52,2,2,2,0,S
52,2,3,2,0,SS
52,2,4,2,0,EEES
52,2,5,2,0,EESS
52,3,1,3,0,EESSSS
52,3,2,3,0,EEEEEEES
52,3,3,3,0,EEESSSSEEEEEES
52,3,4,3,0,SS
52,3,5,3,0,EEEES
52,4,1,4,0,E
52,4,2,4,0,EEEEEEEES
52,4,3,4,0,SSS
52,4,4,4,0,ESS
52,5,1,5,0,ESSES
52,5,3,5,0,SSSS
52,5,4,5,0,EEESSSEESSS
52,5,5,5,0,EE
52,6,1,6,0,SSSEEEESS
52,6,2,6,0,EESSS
52,6,3,6,0,EEE
52,6,4,6,0,EEESEESSEESSSESSSSSEEESSSSSSSS
52,6,5,6,0,EEEEEEEEES
52,7,1,7,0,EEESES
52,7,2,7,0,SEEEEEEESESEEEESESSSSSEEEESEEE
52,7,3,7,0,EEEEES
52,7,5,7,0,EES
52,8,1,8,0,ESS
52,8,3,8,0,EEES
52,8,4,8,0,SSSEEEEEEEEEEEEEEEEEEES
52,8,5,8,0,ESSEEEEEEEEE
52,10,1,10,0,ES
52,10,2,10,0,E
52,10,4,10,0,EEEEEEEESEES
52,10,5,10,0,EEEEEES
52,11,1,11,0,E
52,11,2,11,0,SSEESSSS
52,11,3,11,0,EEEEES
52,11,4,11,0,ES
52,11,5,11,0,EEEEES
52,12,1,12,0,EEEES
52,12,2,12,0,EEESS
52,12,3,12,0,S
52,12,4,12,0,SS
53,1,1,1,0,SE
53,1,2,1,0,S
53,1,3,1,0,S
53,1,4,1,0,S
53,1,5,1,0,S
53,2,1,2,0,E
53,2,2,2,0,S
53,2,3,2,0,S
53,2,4,2,0,EEEEES
53,2,5,2,0,EEE
53,3,1,3,0,S
53,3,2,3,0,E
53,3,3,3,0,E
53,3,4,3,0,S
53,3,5,3,0,E
53,6,1,6,0,ESEEE
53,6,2,6,0,ESS
53,6,3,6,0,E
53,6,4,6,0,E
53,6,5,6,0,SEEES
53,9,1,9,0,SEE
53,9,2,9,0,S
53,9,3,9,0,S
53,9,4,9,0,EEE
53,9,5,9,0,SSES
54,1,2,1,0,SS
54,1,3,1,0,ES
54,1,4,1,0,SS
54,1,5,1,0,S
54,2,1,2,0,SS
54,2,2,2,0,S
54,2,3,2,0,ES
54,2,4,2,0,ESS
54,2,5,2,0,ES
54,3,1,3,0,SSSSS
54,3,2,3,0,S
54,3,3,3,0,EEES
54,3,4,3,0,SS
54,4,1,4,0,S
54,4,4,4,0,S
54,4,5,4,0,S
54,5,1,5,1,S
54,5,2,5,1,S
54,5,3,5,1,ES
54,5,4,5,1,EES
54,5,5,5,1,ES
54,6,1,6,1,S
54,6,2,6,1,ESS
54,6,3,6,1,S
54,6,4,6,1,S
54,7,1,7,0,ES
54,7,2,7,0,SSES
54,7,3,7,0,S
54,7,4,7,0,SSS
54,7,5,7,0,S
54,8,1,8,1,S
54,8,2,8,1,ESSS
54,8,3,8,1,EES
54,8,4,8,1,SS
54,8,5,8,1,S
54,9,1,9,1,SS
54,9,2,9,1,S
54,9,3,9,1,ES
54,9,4,9,1,S
54,9,5,9,1,S
54,10,1,10,1,S
54,10,2,10,1,SS
54,10,3,10,1,S
54,10,4,10,1,ES
54,10,5,10,1,SS
54,11,1,11,0,S
54,11,2,11,0,S
54,11,3,11,0,ESSS
54,11,4,11,0,ES
54,11,5,11,0,S
54,12,1,12,0,SSESS
54,12,2,12,0,S
54,12,3,12,0,S
54,12,4,12,0,SS
54,12,5,12,0,S
55,2,1,2,0,ESS
55,2,3,2,0,SS
55,2,4,2,0,SSSS
55,2,5,2,0,SE
55,4,1,4,0,E
55,4,2,4,0,EES
55,4,3,4,0,ESSSEEEEE
55,4,4,4,0,SES
55,4,5,4,0,SEES
55,5,1,5,0,ES
55,5,2,5,0,EEESE
55,5,4,5,0,EEES
55,5,5,5,0,S
55,7,1,7,0,S
55,7,2,7,0,ES
55,7,3,7,0,E
55,7,4,7,0,ES
55,7,5,7,0,SS
55,10,1,10,0,EES
55,10,2,10,0,EESSES
55,10,3,10,0,ES
55,10,4,10,0,SSS
55,10,5,10,0,ES
55,12,2,12,0,ES
55,12,3,12,0,S
55,12,4,12,0,ES
55,12,5,12,0,ES
56,1,1,1,1,EE
56,1,2,1,1,EEES
56,1,3,1,1,ES
56,1,4,1,1,EEE
56,1,5,1,1,SEEE
56,2,1,2,1,SS
56,2,2,2,1,ES
56,2,3,2,1,EE
56,2,4,2,1,E
56,2,5,2,1,ESSS
56,4,1,4,1,SS
56,4,2,4,1,ESEEE
56,4,3,4,1,ESS
56,4,4,4,1,E
56,4,5,4,1,S
56,5,1,5,1,S
56,5,2,5,1,S
56,5,3,5,1,SEEEE
56,5,4,5,1,E
56,5,5,5,1,E
56,8,1,8,1,E
56,8,2,8,1,S
56,8,3,8,1,EESS
56,8,4,8,1,SE
56,8,5,8,1,E
56,10,1,10,1,ESS
56,10,2,10,1,S
56,10,4,10,1,S
56,10,5,10,1,S
56,11,1,11,1,EE
56,11,2,11,1,SS
56,11,3,11,1,EEEEESES
56,11,4,11,1,EEEE
56,11,5,11,1,S
57,2,1,2,0,EE
57,2,2,2,0,SEEESSS
57,2,3,2,0,EEE
57,2,4,2,0,ESSSSSSSEEEEESS
57,2,5,2,0,EEEE
57,4,1,4,0,EEEEEEEEEE
57,4,2,4,0,S
57,4,3,4,0,EEEESE
57,4,5,4,0,E
57,5,1,5,0,ES
57,5,2,5,0,S
57,5,4,5,0,EEEE
57,5,5,5,0,EEES
57,6,1,6,0,ESESEEEESEEEEEESS
57,6,2,6,0,ESSESEEE
57,6,3,6,0,EEEE
57,6,4,6,0,EEEEEE
57,8,1,8,0,SESEEE
57,8,2,8,0,E
57,8,3,8,0,ESSSESS
57,8,4,8,0,EEESSESEE
58,1,2,1,0,EEESSS
58,1,3,1,0,EE
58,1,4,1,0,S
58,1,5,1,0,EESS
58,2,1,2,0,ES
58,2,2,2,0,SSEEESSEEEEEES
58,2,3,2,0,EES
58,2,4,2,0,EES
58,2,5,2,0,SS
58,3,1,3,0,SSSS
58,3,3,3,0,EE
58,3,4,3,0,EESESSEEESSS
58,3,5,3,0,EEEESESESS
58,4,1,4,0,S
58,4,2,4,0,S
58,4,3,4,0,S
58,4,4,4,0,ESSEEEES
58,4,5,4,0,EEEES
58,5,2,5,0,SSSESEEEEEESSS
58,5,3,5,0,EEE
58,5,4,5,0,ES
58,5,5,5,0,EEEEESSES
58,6,1,6,0,ES
58,6,2,6,0,S
58,6,5,6,0,SSS
58,7,1,7,0,SSESS
58,7,2,7,0,ES
58,7,4,7,0,EES
58,9,1,9,0,EEESS
58,9,2,9,0,S
58,9,3,9,0,S
58,9,4,9,0,EEESS
58,9,5,9,0,EEESSS
59,1,1,1,0,ESSE
59,1,2,1,0,ESS
59,1,3,1,0,EE
59,1,4,1,0,S
59,1,5,1,0,E
59,2,1,2,0,ESS
59,2,2,2,0,ESS
59,2,3,2,0,EEE
59,2,4,2,0,SSSSESS
59,2,5,2,0,SES
59,3,1,3,0,EEES
59,3,2,3,0,SSS
59,3,3,3,0,SES
59,3,4,3,0,EEEEE
59,3,5,3,0,EE
59,5,1,5,0,ESSEES
59,5,2,5,0,SSSS
59,5,3,5,0,S
59,5,4,5,0,ESEESS
59,9,1,9,0,S
59,9,2,9,0,SESSSSEES
59,9,3,9,0,ESEES
59,9,4,9,0,SSS
59,9,5,9,0,S
59,10,1,10,0,SS
59,10,2,10,0,ES
59,10,3,10,0,ESS
59,10,4,10,0,EES
59,10,5,10,0,ES
59,11,1,11,0,E
59,11,2,11,0,EESSS
59,11,3,11,0,SS
59,11,4,11,0,SS
59,11,5,11,0,EE
59,12,1,12,0,SS
59,12,2,12,0,SS
59,12,3,12,0,S
59,12,4,12,0,S
59,12,5,12,0,ESSSEES
60,3,1,3,0,SE
60,3,2,3,0,EESSE
60,3,3,3,0,E
60,3,4,3,0,E
60,3,5,3,0,E
60,5,1,5,0,S
60,5,2,5,0,EEE
60,5,3,5,0,EEEESS
60,5,4,5,0,E
60,6,1,6,0,SSSE
60,6,2,6,0,EE
60,6,3,6,0,E
60,6,4,6,0,SE
60,6,5,6,0,E
61,1,1,1,0,EEEE
61,1,2,1,0,EEEE
61,1,3,1,0,SEEES
61,1,4,1,0,EEEEEE
61,1,5,1,0,SEE
61,4,1,4,0,E
61,4,2,4,0,EES
61,4,3,4,0,EE
61,4,4,4,0,SSSSSEEEEESSSEEEE
61,4,5,4,0,SEEEEEE
61,5,1,5,0,EE
61,5,2,5,0,E
61,5,3,5,0,EEEEEEEEEEEESSEEEEEEEEEEEE
61,5,4,5,0,E
61,5,5,5,0,SEEESSSEE
61,6,1,6,0,EE
61,6,2,6,0,EEEEESE
61,6,3,6,0,E
61,6,4,6,0,EESEEEEEEEEEEEEE
61,6,5,6,0,EEEEEEEEEEEE
62,1,1,1,0,EE
62,1,2,1,0,E
62,1,3,1,0,SS
62,1,4,1,0,E
62,1,5,1,0,EESEEESSEES
62,2,1,2,0,ESS
62,2,2,2,0,EEES
62,2,3,2,0,SSSSS
62,2,4,2,0,SS
62,2,5,2,0,SS
62,3,1,3,0,EEE
62,3,2,3,0,ESEE
62,3,4,3,0,SS
62,3,5,3,0,EEESSS
62,6,1,6,0,EES
62,6,2,6,0,EEEESS
62,6,3,6,0,SSEEESS
62,6,4,6,0,S
62,6,5,6,0,E
62,7,1,7,0,EES
62,7,2,7,0,ESE
62,7,3,7,0,EEEESE
62,7,4,7,0,EE
62,7,5,7,0,EEE
62,8,1,8,0,SSE
62,8,3,8,0,EEEE
62,8,4,8,0,E
62,8,5,8,0,E
63,1,1,1,0,E
63,1,2,1,0,E
63,1,3,1,0,EESEEEES
63,1,4,1,0,EEEEESESEEES
63,3,1,3,0,EEEESSSS
63,3,2,3,0,EEEE
63,3,3,3,0,EEEEEES
63,3,5,3,0,EEE
63,4,1,4,0,EESSEEES
63,4,2,4,0,EES
63,4,3,4,0,S
63,4,4,4,0,EEEEESEEEES
63,4,5,4,0,SS
63,5,1,5,0,SESS
63,5,2,5,0,SSEEEEEEEEEEEEEE
63,5,3,5,0,EESESSS
63,5,4,5,0,SSEEESS
63,6,1,6,0,ESSS
63,6,3,6,0,S
63,6,4,6,0,S
63,8,1,8,0,ESSESEEESS
63,8,2,8,0,E
63,8,3,8,0,S
63,8,4,8,0,E
63,8,5,8,0,EEEE
63,9,2,9,0,EESEEES
63,9,3,9,0,EEE
63,9,5,9,0,EEESSS
63,11,2,11,0,ESEEEE
63,11,3,11,0,ES
63,11,4,11,0,S
63,11,5,11,0,EESS
63,12,1,12,0,EEESSE
63,12,2,12,0,SSSEEEES
63,12,3,12,0,S
63,12,4,12,0,SESEESSEES
63,12,5,12,0,EEE
64,1,1,1,0,ESS
64,1,3,1,0,EESE
64,1,4,1,0,EEES
64,1,5,1,0,SSSS
64,2,1,2,0,ESS
64,2,2,2,0,ES
64,2,3,2,0,EESSE
64,2,4,2,0,EEEEES
64,2,5,2,0,SSSSS
64,4,1,4,0,EES
64,4,2,4,0,S
64,4,3,4,0,S
64,4,4,4,0,EESS
64,5,1,5,1,ESSEEEEE
64,5,2,5,1,ESEEEEEEEEESEE
64,5,3,5,1,SS
64,5,4,5,1,S
64,5,5,5,1,EEEEESEESEESEEEEEE
64,9,1,9,0,EEEEEE
64,9,2,9,0,S
64,9,3,9,0,EEEEEEEES
64,9,4,9,0,EEEE
64,9,5,9,0,S
64,11,1,11,1,S
64,11,2,11,1,E
64,11,3,11,1,EEEEEES
64,11,5,11,1,ESS
64,12,1,12,0,EEES
64,12,2,12,0,EES
64,12,3,12,0,S
64,12,4,12,0,ESEES
64,12,5,12,0,EEES
65,1,1,1,0,EEES
65,1,2,1,0,EES
65,1,3,1,0,EEEESSS
65,1,4,1,0,SSS
65,1,5,1,0,S
65,2,1,2,0,SS
65,2,2,2,0,EEEESS
65,2,3,2,0,ES
65,2,4,2,0,ESEEE
65,2,5,2,0,SEESEEEEEES
65,3,2,3,0,S
65,3,3,3,0,EEEEEEEEEEEEEE
65,3,4,3,0,S
65,3,5,3,0,SEEEEES
65,5,1,5,0,ESEEEEES
65,5,2,5,0,S
65,5,3,5,0,EES
65,5,4,5,0,EES
65,6,1,6,0,EEEES
65,6,2,6,0,ESEESESEEESSESE
65,6,3,6,0,SEEEEEEEES
65,6,4,6,0,EEEEES
65,6,5,6,0,EESES
65,7,1,7,0,SESEEESSSEES
65,7,2,7,0,SEEEEEEEEEEEEEE
65,7,3,7,0,EESS
65,7,4,7,0,SEES
65,7,5,7,0,EEESES
65,10,1,10,0,ES
65,10,2,10,0,SSS
65,10,3,10,0,EEE
65,10,4,10,0,EEEEESEEESSEESESE
66,1,1,1,0,S
66,1,2,1,0,S
66,1,3,1,0,SS
66,1,4,1,0,E
66,1,5,1,0,SSSEES
66,3,3,3,0,S
66,3,4,3,0,SS
66,3,5,3,0,E
66,4,1,4,0,EEEES
66,4,2,4,0,ES
66,4,4,4,0,ES
66,4,5,4,0,S
66,5,1,5,0,EEESSS
66,5,2,5,0,E
66,5,3,5,0,E
66,5,4,5,0,S
66,5,5,5,0,ES
66,6,1,6,0,SSEESS
66,6,2,6,0,EE
66,6,3,6,0,SEESEEES
66,6,4,6,0,EES
66,6,5,6,0,SSS
66,7,1,7,0,S
66,7,2,7,0,EE
66,7,3,7,0,E
66,7,4,7,0,S
66,7,5,7,0,ES
66,10,1,10,0,EEES
66,10,2,10,0,S
66,10,4,10,0,ESS
67,1,1,1,1,S
67,1,2,1,1,S
67,1,3,1,1,ESSS
67,1,4,1,1,S
67,1,5,1,1,S
67,2,2,2,0,ES
67,2,3,2,0,ESE
67,2,4,2,0,S
67,2,5,2,0,EEES
67,3,1,3,1,ESS
67,3,2,3,1,E
67,3,3,3,1,SS
67,3,4,3,1,SSSS
67,4,1,4,1,ESS
67,4,2,4,1,S
67,4,3,4,1,EESE
67,4,4,4,1,S
67,4,5,4,1,S
67,5,1,5,1,SSS
67,5,3,5,1,SSEES
67,5,4,5,1,SS
67,5,5,5,1,E
67,6,1,6,1,SEE
67,6,2,6,1,ESS
67,6,3,6,1,SS
67,6,4,6,1,SS
67,6,5,6,1,EES
67,7,1,7,1,S
67,7,2,7,1,E
67,7,3,7,1,EES
67,7,4,7,1,EEES
67,7,5,7,1,SEE
67,10,1,10,0,S
67,10,2,10,0,S
67,10,3,10,0,EEEESS
67,10,5,10,0,S
67,11,1,11,1,SESS
67,11,2,11,1,ES
67,11,3,11,1,SSSS
67,11,4,11,1,SE
67,11,5,11,1,SSS
68,1,1,1,0,EES
68,1,2,1,0,EEEEEESS
68,1,3,1,0,ES
68,1,4,1,0,ESSEEEESEEEEEEEEEESSSS
68,1,5,1,0,S
68,2,1,2,0,EEEESSSEEEES
68,2,2,2,0,SSSS
68,2,3,2,0,SEEES
68,2,4,2,0,EES
68,2,5,2,0,ESSS
68,3,1,3,0,EEEE
68,3,2,3,0,S
68,3,3,3,0,EEEEEEEEEEEEESS
68,3,4,3,0,S
68,3,5,3,0,EEES
68,4,1,4,0,EESEEES
68,4,2,4,0,S
68,4,4,4,0,ESSEEEEEE
68,4,5,4,0,EEESES
68,5,1,5,0,SE
68,5,2,5,0,SEEEEESS
68,5,3,5,0,EEEEEES
68,5,5,5,0,SEEESS
68,6,1,6,0,EEEEEEEESSS
68,6,2,6,0,EEES
68,6,3,6,0,EEEEESEEEEE
68,6,5,6,0,S
68,7,1,7,0,SS
68,7,2,7,0,SSS
68,7,3,7,0,EES
68,7,4,7,0,SESEE
68,7,5,7,0,ESS
68,9,1,9,0,EEEEEEES
68,9,2,9,0,ESS
68,9,3,9,0,EEEEES
68,9,4,9,0,SSS
68,9,5,9,0,SSEEEEE
68,10,1,10,0,EEEEEESEE
68,10,2,10,0,E
68,10,3,10,0,SS
68,10,5,10,0,EESSEEE
68,11,1,11,0,EESS
68,11,2,11,0,SSEES
68,11,3,11,0,EEEEEES
68,11,4,11,0,ESSEEESES
68,11,5,11,0,EEEEES
68,12,1,12,0,SSSES
68,12,2,12,0,ESESEEES
68,12,3,12,0,ESSSEE
68,12,4,12,0,EEESS
68,12,5,12,0,EESEEEESSS
69,1,1,1,0,SEEEESS
69,1,2,1,0,S
69,1,4,1,0,SES
69,1,5,1,0,SS
69,2,1,2,0,SS
69,2,2,2,0,S
69,2,3,2,0,S
69,2,4,2,0,S
69,2,5,2,0,S
69,3,1,3,0,ESS
69,3,2,3,0,S
69,3,3,3,0,S
69,3,4,3,0,S
69,3,5,3,0,S
69,4,1,4,0,ES
69,4,3,4,0,S
69,4,4,4,0,S
69,4,5,4,0,ES
69,5,1,5,0,S
69,5,2,5,0,SS
69,5,3,5,0,EES
69,5,4,5,0,ESSSS
69,5,5,5,0,EESS
69,8,1,8,0,SS
69,8,2,8,0,S
69,8,3,8,0,ESSE
69,8,4,8,0,ESEEE
69,8,5,8,0,S
69,9,1,9,0,S
69,9,2,9,0,SS
69,9,3,9,0,SSEESS
69,9,4,9,0,S
69,9,5,9,0,SS
70,1,1,1,0,EES
70,1,2,1,0,EE
70,1,3,1,0,SS
70,1,4,1,0,ESS
70,1,5,1,0,SS
70,2,1,2,0,EESS
70,2,2,2,0,SS
70,2,4,2,0,E
70,2,5,2,0,S
70,3,1,3,0,EEES
70,3,2,3,0,EEEEESEESSES
70,3,3,3,0,ES
70,3,4,3,0,ESS
70,3,5,3,0,SS
70,4,1,4,0,EES
70,4,2,4,0,ES
70,4,3,4,0,S
70,4,4,4,0,S
70,4,5,4,0,SSSSEE
70,5,1,5,0,EEEESSSS
70,5,3,5,0,EES
70,5,4,5,0,ES
70,5,5,5,0,E
70,6,1,6,0,EES
70,6,2,6,0,EESSSSSSSEEEEES
70,6,3,6,0,ES
70,6,4,6,0,ES
70,6,5,6,0,EEES
70,7,1,7,0,EES
70,7,2,7,0,E
70,7,3,7,0,EESE
70,7,4,7,0,EES
70,7,5,7,0,ES
70,10,1,10,0,SEES
70,10,3,10,0,EESSEESSEES
70,10,4,10,0,E
70,10,5,10,0,S
70,11,1,11,0,E
70,11,2,11,0,EESS
70,11,3,11,0,ESS
70,11,4,11,0,ES
70,11,5,11,0,ESS
71,1,1,1,0,S
71,1,2,1,0,ES
71,1,4,1,0,ES
71,1,5,1,0,SSSS
71,2,1,2,0,EEEE
71,2,2,2,0,S
71,2,3,2,0,EEEEESEEESS
71,2,4,2,0,SSSEEEESEEEEEESSS
71,2,5,2,0,SS
71,3,1,3,0,S
71,3,2,3,0,EEE
71,3,3,3,0,ES
71,3,4,3,0,EEEEES
71,3,5,3,0,ES
71,4,1,4,0,S
71,4,2,4,0,S
71,4,3,4,0,ES
71,4,4,4,0,S
71,4,5,4,0,EEESESESSS
71,5,1,5,0,S
71,5,2,5,0,SS
71,5,3,5,0,S
71,5,4,5,0,EESSE
71,5,5,5,0,SEES
71,6,1,6,0,EES
71,6,3,6,0,ESSE
71,6,4,6,0,ESSS
71,6,5,6,0,EESEESSSEESS
71,7,1,7,0,E
71,7,2,7,0,ES
71,7,3,7,0,S
71,7,5,7,0,S
71,8,1,8,0,EEEEEEEEEEEESSSSSSSE
71,8,2,8,0,EESS
71,8,3,8,0,ESS
71,8,4,8,0,SS
71,8,5,8,0,EEEEEEESS
71,10,2,10,0,ESS
71,10,4,10,0,EEES
71,10,5,10,0,SSSS
71,11,1,11,0,EEESS
71,11,3,11,0,EEEEESSESES
71,11,4,11,0,SSS
71,12,1,12,0,ESES
71,12,2,12,0,EES
71,12,3,12,0,EESSSSS
71,12,4,12,0,SE
71,12,5,12,0,EE
72,3,1,3,0,E
72,3,2,3,0,S
72,3,3,3,0,EE
72,3,4,3,0,EEEE
72,3,5,3,0,S
72,4,1,4,0,S
72,4,2,4,0,E
72,4,3,4,0,SSESSS
72,4,4,4,0,S
72,4,5,4,0,ESS
72,5,1,5,0,S
72,5,2,5,0,EE
72,5,3,5,0,EE
72,5,4,5,0,EES
72,5,5,5,0,EE
72,6,1,6,0,SSS
72,6,2,6,0,E
72,6,3,6,0,SS
72,6,4,6,0,S
72,6,5,6,0,S
72,7,1,7,0,ESSEEESEESSS
72,7,2,7,0,SSS
72,7,3,7,0,S
72,7,4,7,0,E
72,7,5,7,0,SS
72,8,1,8,0,EEE
72,8,2,8,0,S
72,8,4,8,0,EESS
72,8,5,8,0,EE
72,12,1,12,0,ES
72,12,2,12,0,S
72,12,3,12,0,SS
73,2,1,2,0,ESSEEESS
73,2,2,2,0,ESES
73,2,3,2,0,ESSS
73,2,4,2,0,ESSS
73,2,5,2,0,S
73,3,1,3,0,S
73,3,2,3,0,S
73,3,3,3,0,SSSSS
73,3,4,3,0,EE
73,3,5,3,0,EESSS
73,4,1,4,0,EES
73,4,2,4,0,S
73,4,3,4,0,SES
73,4,4,4,0,EEEES
73,6,1,6,0,ESSSES
73,6,2,6,0,S
73,6,3,6,0,S
73,6,4,6,0,S
73,6,5,6,0,S
73,7,1,7,0,ESEEEEES
73,7,2,7,0,SS
73,7,3,7,0,ES
73,7,4,7,0,S
73,7,5,7,0,E
73,8,2,8,0,E
73,8,3,8,0,ESE
73,8,4,8,0,SS
73,8,5,8,0,S
74,2,1,2,0,E
74,2,2,2,0,S
74,2,3,2,0,EEEES
74,2,4,2,0,S
74,2,5,2,0,SSS
74,3,1,3,0,S
74,3,2,3,0,ESS
74,3,3,3,0,ES
74,3,4,3,0,E
74,3,5,3,0,S
74,4,1,4,0,EES
74,4,2,4,0,SS
74,4,3,4,0,S
74,4,4,4,0,S
74,4,5,4,0,E
74,5,1,5,0,S
74,5,2,5,0,ESSSS
74,5,3,5,0,S
74,5,4,5,0,SSS
74,5,5,5,0,ES
74,6,1,6,0,SSES
74,6,2,6,0,SSSS
74,6,3,6,0,ES
74,6,4,6,0,SEES
74,8,1,8,0,SSS
74,8,2,8,0,E
74,8,3,8,0,SS
74,8,5,8,0,S
74,10,2,10,0,ESS
74,10,3,10,0,S
74,10,4,10,0,S
74,10,5,10,0,E
74,11,1,11,0,SS
74,11,3,11,0,ES
74,11,4,11,0,EES
74,11,5,11,0,EESS
74,12,1,12,0,EESSSSS
74,12,2,12,0,S
74,12,3,12,0,S
74,12,4,12,0,EEE
74,12,5,12,0,SSES
75,1,1,1,0,E
75,1,2,1,0,EE
75,1,3,1,0,EE
75,1,4,1,0,ESS
75,1,5,1,0,SS
75,4,1,4,1,EES
75,4,2,4,1,ES
75,4,4,4,1,EESSSS
75,6,1,6,0,E
75,6,2,6,0,EEEE
75,6,3,6,0,SE
75,6,4,6,0,SSS
75,6,5,6,0,SSE
75,8,1,8,0,E
75,8,2,8,0,EE
75,8,3,8,0,ES
75,8,4,8,0,S
75,8,5,8,0,S
75,9,1,9,0,EES
75,9,3,9,0,S
75,9,4,9,0,S
75,9,5,9,0,S
76,1,1,1,0,S
76,1,3,1,0,EEEE
76,1,4,1,0,EESESS
76,1,5,1,0,E
76,2,1,2,0,E
76,2,2,2,0,SSSS
76,2,3,2,0,EEEES
76,2,5,2,0,SSS
76,3,1,3,0,EE
76,3,2,3,0,SEESS
76,3,3,3,0,S
76,3,4,3,0,SS
76,3,5,3,0,SEEEE
76,4,1,4,0,EEEEEEESSS
76,4,2,4,0,SSS
76,4,3,4,0,ESES
76,4,4,4,0,E
76,4,5,4,0,EEEEES
76,6,1,6,0,EEEEEE
76,6,2,6,0,EEEE
76,6,3,6,0,EEESEEEEESSEE
76,6,4,6,0,S
77,1,1,1,0,EES
77,1,2,1,0,SS
77,1,3,1,0,S
77,1,4,1,0,ES
77,1,5,1,0,SSS
77,2,1,2,0,ESE
77,2,2,2,0,EEES
77,2,3,2,0,EE
77,2,4,2,0,SEE
77,2,5,2,0,SSESSS
77,3,1,3,0,S
77,3,2,3,0,ES
77,3,3,3,0,S
77,3,4,3,0,ESS
77,3,5,3,0,EE
77,4,1,4,0,EEE
77,4,2,4,0,SES
77,4,3,4,0,EEEEESS
77,4,4,4,0,S
77,4,5,4,0,S
77,6,1,6,0,EESS
77,6,3,6,0,SSS
77,6,4,6,0,ES
77,6,5,6,0,EES
77,9,1,9,0,S
77,9,3,9,0,SSS
77,9,4,9,0,S
77,9,5,9,0,SE
77,11,3,11,0,S
77,11,4,11,0,S
77,11,5,11,0,S
77,12,1,12,0,ES
77,12,2,12,0,ES
77,12,3,12,0,SS
77,12,4,12,0,ES
77,12,5,12,0,EEES
78,1,1,1,0,ESS
78,1,5,1,0,SSSS
78,2,2,2,0,S
78,2,3,2,0,SSS
78,2,4,2,0,ES
78,2,5,2,0,ES
78,3,1,3,0,E
78,3,2,3,0,ESSS
78,3,3,3,0,S
78,3,4,3,0,S
79,1,1,1,0,SES
79,1,3,1,0,S
79,1,4,1,0,S
79,1,5,1,0,SSS
79,2,1,2,0,SES
79,2,2,2,0,S
79,2,3,2,0,S
79,2,4,2,0,SS
79,3,1,3,0,S
79,3,2,3,0,S
79,3,3,3,0,S
79,3,5,3,0,ES
79,4,1,4,0,S
79,4,2,4,0,ESSSESSES
79,4,3,4,0,SSSS
79,4,4,4,0,S
79,4,5,4,0,S
79,5,1,5,0,SS
79,5,2,5,0,S
79,5,3,5,0,S
79,5,4,5,0,S
79,5,5,5,0,S
79,6,1,6,0,S
79,6,2,6,0,ESES
79,6,3,6,0,S
79,6,4,6,0,SSSS
79,6,5,6,0,S
79,7,1,7,0,S
79,7,2,7,0,S
79,7,3,7,0,S
79,7,5,7,0,ES
79,8,1,8,0,S
79,8,2,8,0,S
79,8,3,8,0,S
79,8,4,8,0,S
79,8,5,8,0,S
79,9,1,9,0,S
79,9,2,9,0,SS
79,9,3,9,0,EES
79,9,4,9,0,S
79,9,5,9,0,ES
79,11,1,11,0,S
79,11,2,11,0,S
79,11,3,11,0,S
79,11,5,11,0,EES
79,12,1,12,0,S
79,12,2,12,0,EES
79,12,3,12,0,S
79,12,4,12,0,S
79,12,5,12,0,S
80,1,1,1,0,EEEEEEEEEEES
80,1,2,1,0,SSEEEEEESEEEEEEEEEEEEESSEEE
80,1,3,1,0,EEEEEEEEEEESSESSSEES
80,1,4,1,0,ES
80,1,5,1,0,EEESES
80,2,1,2,0,EEEEEEES
80,2,2,2,0,EEEESESS
80,2,3,2,0,EEEEEEEESES
80,2,4,2,0,EEESSEESEESEES
80,2,5,2,0,ESSS
80,3,1,3,0,SSSSS
80,3,3,3,0,EEEEEEEESSS
80,3,4,3,0,EEEEEEEEEEEE
80,3,5,3,0,SSESS
80,4,1,4,0,EESSS
80,4,2,4,0,S
80,4,3,4,0,ESES
80,4,4,4,0,S
80,4,5,4,0,SEEESSSS
80,5,1,5,0,EEEESSEEEEEEE
80,5,2,5,0,EES
80,5,3,5,0,S
80,5,4,5,0,ESSS
80,5,5,5,0,S
80,6,1,6,0,EEEEE
80,6,3,6,0,EESESSS
80,6,4,6,0,SS
80,6,5,6,0,ES
80,7,1,7,0,E
80,7,2,7,0,SEEEEEEEEEESS
80,7,3,7,0,EEE
80,7,5,7,0,EEEEEEEE
80,9,1,9,0,EEES
80,9,2,9,0,E
80,9,3,9,0,ESSS
80,9,4,9,0,SS
80,9,5,9,0,EESSSESEEEEE
80,10,3,10,0,EEEESSEES
80,10,4,10,0,EEEEEEEEEEES
80,10,5,10,0,EEEEEESEEEEEEES
80,12,1,12,0,EE
80,12,2,12,0,EEEEEEEEEES
80,12,3,12,0,ESSE
80,12,4,12,0,S
80,12,5,12,0,EEEESS
81,1,1,1,1,EEEEEES
81,1,2,1,1,SEEEEES
81,1,3,1,1,EESESSS
81,1,5,1,1,ES
81,2,1,2,1,ES
81,2,2,2,1,EEESEE
81,2,3,2,1,ES
81,2,4,2,1,S
81,2,5,2,1,EES
81,3,1,3,0,EE
81,3,2,3,0,SSES
81,3,3,3,0,S
81,3,4,3,0,S
81,3,5,3,0,EE
81,4,1,4,0,EESSSSSESSESSS
81,4,2,4,0,S
81,4,3,4,0,EES
81,4,4,4,0,ESSSS
81,4,5,4,0,ES
81,5,1,5,0,S
81,5,2,5,0,SESEEES
81,5,4,5,0,EE
81,5,5,5,0,S
81,6,1,6,1,S
81,6,2,6,1,SSESEEEEES
81,6,3,6,1,EEES
81,6,4,6,1,SSSS
81,6,5,6,1,S
81,9,1,9,1,S
81,9,2,9,1,S
81,9,3,9,1,S
81,9,5,9,1,E
81,10,1,10,0,S
81,10,2,10,0,EESEEES
81,10,3,10,0,S
81,10,4,10,0,S
81,10,5,10,0,S
81,11,1,11,0,EEES
81,11,2,11,0,S
81,11,3,11,0,SS
81,11,4,11,0,ES
81,11,5,11,0,EEEES
81,12,1,12,0,SSS
81,12,2,12,0,SEESEESESESSSS
81,12,3,12,0,SSS
81,12,4,12,0,S
81,12,5,12,0,EES
82,7,1,7,0,E
82,7,2,7,0,SSE
82,7,3,7,0,E
82,7,5,7,0,E
83,4,1,4,0,S
83,4,2,4,0,E
83,4,4,4,0,ES
83,4,5,4,0,EESS
83,5,1,5,0,E
83,5,2,5,0,SS
83,5,3,5,0,EEES
83,5,4,5,0,E
83,5,5,5,0,SE
83,6,2,6,0,ESSSS
83,6,4,6,0,SE
83,6,5,6,0,EEEEE
83,7,2,7,0,EEES
83,7,3,7,0,SS
83,7,4,7,0,ES
83,7,5,7,0,S
83,8,1,8,0,EESS
83,8,2,8,0,E
83,8,3,8,0,ES
83,8,4,8,0,S
83,8,5,8,0,E
83,10,1,10,0,SSSS
83,10,2,10,0,S
83,10,3,10,0,S
83,10,4,10,0,S
83,10,5,10,0,ESSE
84,1,1,1,0,EESSSEEEEEESEEEEESS
84,1,2,1,0,SS
84,1,4,1,0,ES
84,1,5,1,0,ESS
84,2,1,2,0,E
84,2,3,2,0,E
84,2,4,2,0,SSS
84,2,5,2,0,S
84,3,1,3,0,S
84,3,2,3,0,S
84,3,4,3,0,SS
84,3,5,3,0,S
84,4,1,4,0,EEES
84,4,2,4,0,SS
84,4,3,4,0,S
84,4,4,4,0,EESSS
84,4,5,4,0,SESS
84,5,1,5,0,ESE
84,5,2,5,0,SES
84,5,3,5,0,S
84,5,4,5,0,ES
84,5,5,5,0,EESS
84,6,1,6,0,SS
84,6,2,6,0,E
84,6,3,6,0,S
84,6,5,6,0,EEEEESSS
84,8,1,8,0,SS
84,8,2,8,0,SSEEE
84,8,5,8,0,EESES
84,9,1,9,0,S
84,9,2,9,0,ES
84,9,3,9,0,S
84,9,4,9,0,ESEEEES
84,9,5,9,0,S
84,10,1,10,0,S
84,10,2,10,0,SS
84,10,3,10,0,ESS
84,10,4,10,0,ESS
84,12,1,12,0,SEEEESS
84,12,3,12,0,E
84,12,4,12,0,S
84,12,5,12,0,ESSS
85,1,1,1,0,S
85,1,2,1,0,S
85,1,3,1,0,S
85,1,4,1,0,SEE
85,1,5,1,0,ESS
85,2,1,2,0,SEE
85,2,2,2,0,EEEE
85,2,3,2,0,S
85,2,4,2,0,EE
85,2,5,2,0,S
85,3,1,3,0,ES
85,3,2,3,0,ESS
85,3,3,3,0,S
85,3,4,3,0,S
85,3,5,3,0,EES
85,4,1,4,0,EE
85,4,2,4,0,ES
85,4,3,4,0,S
85,4,4,4,0,S
85,4,5,4,0,ESSES
85,6,1,6,0,S
85,6,2,6,0,S
85,6,3,6,0,SS
85,7,1,7,0,SESEESSSS
85,7,2,7,0,ES
85,7,3,7,0,EES
85,7,4,7,0,S
85,7,5,7,0,S
85,8,1,8,0,S
85,8,2,8,0,S
85,8,3,8,0,S
85,8,4,8,0,SES
85,8,5,8,0,SES
85,9,1,9,0,S
85,9,3,9,0,SSEE
85,9,4,9,0,SS
85,9,5,9,0,SESS
85,10,1,10,0,S
85,10,2,10,0,S
85,10,3,10,0,S
85,11,1,11,0,S
85,11,2,11,0,SS
85,11,3,11,0,S
85,11,4,11,0,SSS
85,11,5,11,0,S
85,12,1,12,0,S
85,12,2,12,0,S
85,12,3,12,0,S
85,12,4,12,0,SSS
85,12,5,12,0,ES
86,1,1,1,0,S
86,1,2,1,0,E
86,1,3,1,0,E
86,1,4,1,0,EE
86,1,5,1,0,S
86,2,2,2,0,S
86,2,3,2,0,E
86,2,4,2,0,E
86,2,5,2,0,S
86,5,1,5,0,S
86,5,2,5,0,SES
86,5,3,5,0,SSSSESSES
86,5,4,5,0,S
86,6,1,6,0,E
86,6,2,6,0,S
86,6,3,6,0,SSS
86,6,4,6,0,EES
86,6,5,6,0,SS
86,9,1,9,0,S
86,9,2,9,0,EES
86,9,4,9,0,EEEEES
86,9,5,9,0,S
87,1,1,1,0,ESSSEEE
87,1,2,1,0,SS
87,1,3,1,0,SSE
87,1,4,1,0,S
87,1,5,1,0,S
87,3,1,3,1,ES
87,3,2,3,1,EEEEEESSSS
87,3,3,3,1,S
87,3,5,3,1,S
87,6,1,6,0,EEESS
87,6,2,6,0,ES
87,6,3,6,0,SEEE
87,6,4,6,0,EEESSSEE
87,6,5,6,0,ES
87,9,1,9,1,EEESSES
87,9,2,9,1,SS
87,9,3,9,1,ES
87,9,4,9,1,EE
87,9,5,9,1,ESSSSS
87,11,1,11,0,SS
87,11,2,11,0,ESS
87,11,3,11,0,SSES
87,11,4,11,0,EE
87,11,5,11,0,ES
88,3,1,3,0,E
88,3,2,3,0,SS
88,3,3,3,0,S
88,3,4,3,0,EES
88,3,5,3,0,S
88,4,1,4,0,S
88,4,3,4,0,SESS
88,4,4,4,0,ES
88,4,5,4,0,SE
88,5,2,5,0,S
88,5,3,5,0,S
88,5,4,5,0,EES
88,5,5,5,0,E
88,7,1,7,0,SSSES
88,7,2,7,0,S
88,7,3,7,0,SESSS
88,7,4,7,0,ESS
88,7,5,7,0,EE
89,1,1,1,0,E
89,1,2,1,0,SE
89,1,3,1,0,S
89,1,4,1,0,ESS
89,1,5,1,0,S
90,6,1,6,0,S
90,6,2,6,0,S
90,6,3,6,0,S
90,6,4,6,0,ES
90,6,5,6,0,S
91,1,1,1,0,E
91,1,2,1,0,SESS
91,1,3,1,0,E
91,1,4,1,0,EE
91,1,5,1,0,EE
91,2,1,2,0,EE
91,2,2,2,0,E
91,2,3,2,0,ESEEEESEEEEE
91,2,4,2,0,EEEEE
91,2,5,2,0,EES
91,3,1,3,0,EEEEE
91,3,2,3,0,EE
91,3,3,3,0,EEEEEE
91,3,4,3,0,S
91,3,5,3,0,EESEE
91,4,1,4,0,EEEEEEEE
91,4,2,4,0,SEEE
91,4,3,4,0,EEEEEEE
91,4,4,4,0,EEE
91,6,1,6,0,EE
91,6,2,6,0,EES
91,6,3,6,0,E
91,6,4,6,0,EEEESSEE
91,6,5,6,0,EEE
92,3,1,3,1,S
92,3,2,3,1,EEE
92,3,3,3,1,EE
92,3,4,3,1,E
92,3,5,3,1,SE
92,4,1,4,0,S
92,4,2,4,0,EES
92,4,4,4,0,S
92,4,5,4,0,SES
92,5,2,5,1,ESSSSSEEEE
92,5,4,5,1,EEE
92,5,5,5,1,EE
92,8,2,8,0,EE
92,8,3,8,0,SS
92,8,4,8,0,EEEEE
92,8,5,8,0,E
93,1,1,1,0,ES
93,1,2,1,0,EEEEES
93,1,3,1,0,ESES
93,3,1,3,0,SS
93,3,2,3,0,EESSSSEES
93,3,3,3,0,SSSS
93,3,4,3,0,E
93,3,5,3,0,ES
93,4,1,4,0,SSSESS
93,4,2,4,0,SEESS
93,4,3,4,0,EEES
93,4,4,4,0,ES
93,4,5,4,0,S
93,5,1,5,0,EEES
93,5,2,5,0,EEEESSEEESS
93,5,3,5,0,EEESESES
93,5,5,5,0,ESESS
93,6,1,6,0,EEESSSESS
93,6,2,6,0,ESSS
93,6,4,6,0,S
93,6,5,6,0,ES
93,7,1,7,0,ESSS
93,7,2,7,0,EE
93,7,3,7,0,SEES
93,7,4,7,0,EEE
93,7,5,7,0,EESS
93,8,1,8,0,ESESEEESS
93,8,2,8,0,EES
93,8,3,8,0,S
93,8,4,8,0,SS
93,8,5,8,0,S
93,10,1,10,0,S
93,10,2,10,0,E
93,10,3,10,0,SSEEESSSS
93,10,4,10,0,SEEESS
93,10,5,10,0,SSEESSS
93,12,1,12,0,EEEESS
93,12,2,12,0,S
93,12,3,12,0,S
93,12,4,12,0,ESS
93,12,5,12,0,EEESS
94,1,1,1,1,EESESSS
94,1,2,1,1,SSSSSES
94,1,3,1,1,EES
94,1,4,1,1,ESES
94,1,5,1,1,ESESS
94,3,1,3,1,S
94,3,3,3,1,EES
94,3,4,3,1,SSS
94,3,5,3,1,EESESE
94,5,1,5,0,EEEEESSS
94,5,2,5,0,EES
94,5,3,5,0,ESS
94,5,4,5,0,S
94,5,5,5,0,E
94,6,1,6,0,S
94,6,2,6,0,EEE
94,6,4,6,0,E
94,6,5,6,0,SS
94,8,1,8,0,SEES
94,8,2,8,0,S
94,8,3,8,0,SEEESSS
94,8,4,8,0,SS
94,8,5,8,0,EEESS
95,2,1,2,0,S
95,2,2,2,0,S
95,2,3,2,0,EEEEES
95,2,4,2,0,S
95,2,5,2,0,SEESS
95,3,1,3,0,S
95,3,2,3,0,ESS
95,3,3,3,0,EEE
95,3,4,3,0,ESSSEES
95,3,5,3,0,S
95,5,1,5,0,SS
95,5,2,5,0,SEEEESS
95,5,3,5,0,S
95,5,4,5,0,S
95,5,5,5,0,ES
95,6,2,6,0,SSEESS
95,6,3,6,0,E
95,6,4,6,0,ES
95,6,5,6,0,S
95,8,1,8,0,EEEES
95,8,2,8,0,S
95,8,3,8,0,SSSSSE
95,8,4,8,0,SS
95,8,5,8,0,S
96,3,1,3,0,EE
96,3,2,3,0,S
96,3,3,3,0,ESEE
96,3,4,3,0,ES
96,3,5,3,0,E
96,7,1,7,1,EE
96,7,2,7,1,S
96,7,3,7,1,E
96,7,4,7,1,EEEE
96,7,5,7,1,E
96,8,1,8,0,E
96,8,2,8,0,EE
96,8,3,8,0,SSE
96,8,4,8,0,EEESE
96,8,5,8,0,S
96,9,1,9,1,SEESSSE
96,9,2,9,1,EEE
96,9,3,9,1,SSSSS
96,9,4,9,1,EE
96,9,5,9,1,SE
96,10,1,10,0,E
96,10,2,10,0,S
96,10,3,10,0,E
96,10,5,10,0,ESE
96,11,1,11,0,S
96,11,2,11,0,E
96,11,3,11,0,SE
96,11,4,11,0,ES
96,11,5,11,0,EEEEEEEEES
96,12,1,12,1,SE
96,12,2,12,1,EE
96,12,3,12,1,E
96,12,4,12,1,SS
96,12,5,12,1,SSSSS
97,1,1,1,0,S
97,1,2,1,0,EES
97,1,3,1,0,SS
97,1,4,1,0,SESS
97,1,5,1,0,S
97,2,1,2,0,S
97,2,2,2,0,ES
97,2,3,2,0,S
97,2,4,2,0,S
97,2,5,2,0,ESESSSSSSSS
97,3,1,3,0,S
97,3,2,3,0,S
97,3,3,3,0,SS
97,3,4,3,0,EEEESESS
97,4,1,4,0,ES
97,4,2,4,0,SSS
97,4,4,4,0,S
97,4,5,4,0,ESS
97,5,2,5,0,SS
97,5,3,5,0,S
97,5,4,5,0,S
97,5,5,5,0,ES
97,6,1,6,0,SSS
97,6,2,6,0,EES
97,6,3,6,0,SEEES
97,6,4,6,0,EESSESS
97,6,5,6,0,S
97,7,1,7,0,EESS
97,7,2,7,0,ESSSS
97,7,3,7,0,S
97,7,4,7,0,ES
97,7,5,7,0,S
97,8,1,8,0,E
97,8,2,8,0,S
97,8,3,8,0,SSSS
97,8,4,8,0,SESESEESS
97,8,5,8,0,EEEES
97,9,1,9,0,SS
97,9,2,9,0,E
97,9,3,9,0,S
97,9,4,9,0,S
97,9,5,9,0,SS
97,11,1,11,0,SEES
97,11,2,11,0,SES
97,11,4,11,0,SS
97,11,5,11,0,S
97,12,1,12,0,S
97,12,2,12,0,SSS
97,12,4,12,0,SSS
97,12,5,12,0,ES
98,1,1,1,0,S
98,1,2,1,0,EEE
98,1,4,1,0,SE
98,1,5,1,0,S
98,2,1,2,0,S
98,2,2,2,0,ES
98,2,3,2,0,SS
98,2,4,2,0,SS
98,2,5,2,0,S
98,4,1,4,0,S
98,4,2,4,0,SSS
98,4,3,4,0,S
98,4,4,4,0,SS
98,4,5,4,0,ESSS
98,8,3,8,0,S
98,8,4,8,0,ES
98,8,5,8,0,ES
98,9,1,9,0,SS
98,9,2,9,0,SS
98,9,3,9,0,E
98,9,5,9,0,SS
98,10,1,10,0,S
98,10,3,10,0,ES
98,10,4,10,0,ES
98,10,5,10,0,S
98,12,1,12,0,SS
98,12,2,12,0,SS
98,12,3,12,0,S
98,12,4,12,0,S
98,12,5,12,0,S
99,1,1,1,0,ES
99,1,2,1,0,ESES
99,1,3,1,0,S
99,1,4,1,0,SEESS
99,1,5,1,0,SEESEEESSE
99,2,1,2,0,SS
99,2,2,2,0,ESSS
99,2,3,2,0,ESS
99,2,4,2,0,SS
99,2,5,2,0,S
99,3,1,3,0,SE
99,3,2,3,0,EES
99,3,3,3,0,EEEES
99,3,4,3,0,EESEEEESSS
99,3,5,3,0,S
99,4,1,4,0,SS
99,4,2,4,0,S
99,4,3,4,0,ESS
99,4,4,4,0,EEEESS
99,4,5,4,0,ESSSS
99,5,1,5,0,ESSS
99,5,2,5,0,ES
99,5,3,5,0,EEES
99,5,4,5,0,EES
99,5,5,5,0,SES
99,7,1,7,0,ESEEE
99,7,4,7,0,SSS
99,7,5,7,0,SEE
99,8,2,8,0,ES
99,8,3,8,0,EEEEEESES
99,8,4,8,0,S
99,8,5,8,0,EES
99,11,2,11,0,EEESSESS
99,11,3,11,0,EEESEEEEEE
99,11,4,11,0,EESESSSEE
99,11,5,11,0,SSS
99,12,1,12,0,EESS
99,12,2,12,0,SSEESS
99,12,3,12,0,S
99,12,4,12,0,EE
99,12,5,12,0,S
100,1,1,1,0,EEESES
100,1,2,1,0,S
100,1,3,1,0,S
100,1,4,1,0,SSS
100,1,5,1,0,S
100,2,1,2,0,S
100,2,3,2,0,S
100,2,4,2,0,ESS
100,2,5,2,0,S
100,3,1,3,0,SS
100,3,2,3,0,S
100,3,3,3,0,S
100,3,4,3,0,SS
100,3,5,3,0,E
100,4,1,4,0,EEE
100,4,2,4,0,ESSES
100,4,3,4,0,SSESES
100,4,4,4,0,ES
100,4,5,4,0,SSEESS
100,5,1,5,0,S
100,5,2,5,0,EES
100,5,5,5,0,S
100,6,1,6,0,S
100,6,2,6,0,SS
100,6,3,6,0,S
100,6,4,6,0,S
100,7,1,7,0,S
100,7,2,7,0,SSS
100,7,3,7,0,SS
100,7,4,7,0,S
100,8,1,8,0,SSS
100,8,2,8,0,ES
100,8,3,8,0,S
100,8,4,8,0,EES
100,8,5,8,0,SS
100,9,1,9,0,ESSS
100,9,2,9,0,S
100,9,3,9,0,S
100,9,4,9,0,SS
100,9,5,9,0,EES
100,10,1,10,0,EEES
100,10,2,10,0,E
100,10,3,10,0,SS
100,10,4,10,0,EESS
100,10,5,10,0,SS
100,11,1,11,0,ES
100,11,2,11,0,ES
100,11,3,11,0,SS
100,11,4,11,0,SSSEES
100,11,5,11,0,ESS
100,12,1,12,0,ESEEES
100,12,2,12,0,SSS
100,12,3,12,0,ES
100,12,4,12,0,SS
101,1,1,1,0,SSS
101,1,2,1,0,ESSEEEE
101,1,3,1,0,E
101,1,5,1,0,S
101,2,1,2,0,SSSS
101,2,2,2,0,ESSEEEEEEEESESS
101,2,3,2,0,EE
101,2,5,2,0,EEEEES
101,4,2,4,0,ESSS
101,4,3,4,0,EES
101,4,4,4,0,EES
101,4,5,4,0,EEESES
101,6,1,6,0,ES
101,6,2,6,0,S
101,6,3,6,0,ESSE
101,6,5,6,0,ESSSSS
101,8,1,8,0,SSEESES
101,8,2,8,0,EEESESSSSEEEES
101,8,3,8,0,E
101,8,4,8,0,EEEEE
101,8,5,8,0,S
101,9,1,9,0,ESEESS
101,9,2,9,0,EES
101,9,3,9,0,S
101,9,4,9,0,S
101,9,5,9,0,ES
101,10,1,10,0,EEEEE
101,10,2,10,0,E
101,10,3,10,0,SSSEEES
101,10,4,10,0,EEESESEESS
101,10,5,10,0,EES
101,11,1,11,0,EEE
101,11,2,11,0,SEE
101,11,3,11,0,EEEES
101,11,4,11,0,S
101,11,5,11,0,SS
102,1,1,1,0,S
102,1,3,1,0,S
102,1,4,1,0,S
102,1,5,1,0,S
102,2,1,2,1,S
102,2,2,2,1,S
102,2,3,2,1,SSS
102,2,5,2,1,S
102,3,1,3,1,S
102,3,2,3,1,S
102,3,3,3,1,S
102,3,4,3,1,S
102,3,5,3,1,S
102,4,2,4,0,S
102,4,3,4,0,SES
102,4,4,4,0,ESS
102,4,5,4,0,S
102,5,1,5,0,S
102,5,2,5,0,S
102,5,3,5,0,ESS
102,5,4,5,0,SEEESSS
102,5,5,5,0,EE
102,6,2,6,0,S
102,6,3,6,0,S
102,6,4,6,0,SS
102,6,5,6,0,SSS
102,7,1,7,0,S
102,7,2,7,0,S
102,7,3,7,0,SSS
102,7,4,7,0,S
102,7,5,7,0,E
102,8,1,8,0,ES
102,8,2,8,0,SS
102,8,3,8,0,S
102,8,4,8,0,S
102,8,5,8,0,S
102,10,1,10,1,S
102,10,2,10,1,SS
102,10,3,10,1,E
102,10,4,10,1,SSS
102,10,5,10,1,SS
102,11,1,11,0,S
102,11,2,11,0,S
102,11,3,11,0,S
102,11,4,11,0,S
102,11,5,11,0,SS
102,12,1,12,0,ES
102,12,2,12,0,ES
102,12,4,12,0,S
102,12,5,12,0,S
103,1,1,1,0,ESSSEESSSSS
103,1,2,1,0,ES
103,1,3,1,0,S
103,1,4,1,0,S
103,1,5,1,0,S
103,2,1,2,0,S
103,2,2,2,0,EES
103,2,3,2,0,S
103,2,5,2,0,S
103,3,1,3,0,SEES
103,3,2,3,0,EEESSS
103,3,3,3,0,SSEESS
103,3,4,3,0,EEEEE
103,3,5,3,0,SS
103,5,1,5,0,SSSSS
103,5,2,5,0,S
103,5,3,5,0,SSSS
103,5,4,5,0,S
103,5,5,5,0,S
103,7,1,7,0,SE
103,7,2,7,0,SS
103,7,3,7,0,SS
103,7,4,7,0,SSESS
103,7,5,7,0,SSS
103,8,1,8,0,S
103,8,2,8,0,EESS
103,8,3,8,0,S
103,8,4,8,0,EEEESSSSSSS
103,8,5,8,0,S
103,9,1,9,0,SSEE
103,9,2,9,0,SESEEEEEESESS
103,9,3,9,0,ESS
103,9,4,9,0,S
103,9,5,9,0,ES
103,10,1,10,0,EESSS
103,10,2,10,0,S
103,10,3,10,0,EEES
103,10,4,10,0,SS
103,10,5,10,0,SS
103,11,1,11,0,S
103,11,2,11,0,ESE
103,11,3,11,0,ES
103,11,4,11,0,S
103,11,5,11,0,SSEES
103,12,1,12,0,ESS
103,12,2,12,0,S
103,12,3,12,0,SES
103,12,4,12,0,SSSS
103,12,5,12,0,S
104,1,1,1,0,SEEEEEEEEEEESSS
104,1,2,1,0,EEEESS
104,1,3,1,0,EEEEEEES
104,1,4,1,0,EEESSE
104,1,5,1,0,EESEEEEEES
104,3,1,3,0,EEES
104,3,2,3,0,E
104,3,3,3,0,SS
104,3,5,3,0,EEEEES
104,4,1,4,0,EESSSS
104,4,2,4,0,E
104,4,3,4,0,EEEE
104,4,4,4,0,EEESS
104,4,5,4,0,EEEEEEE
104,5,1,5,0,SSEEESSSS
104,5,2,5,0,ESEEEEEEEEEEE
104,5,3,5,0,S
104,5,4,5,0,SESS
104,5,5,5,0,ESS
104,6,1,6,0,EEEESEEEEEEESEEES
104,6,2,6,0,EESEEEEEEEEEEES
104,6,3,6,0,SEEEEEEES
104,6,4,6,0,EEEEE
104,6,5,6,0,SEEEEEES
104,7,1,7,0,EESSESE
104,7,2,7,0,EEEEE
104,7,3,7,0,SSSS
104,7,4,7,0,EEEESS
104,8,1,8,0,EESS
104,8,2,8,0,ESSESE
104,8,3,8,0,SS
104,8,4,8,0,SS
104,8,5,8,0,ES
104,10,1,10,0,ES
104,10,2,10,0,ESS
104,10,3,10,0,EEEEEEEEEEEEEEEEEEEEES
104,10,4,10,0,EEEESSEEEEEEEEEES
104,10,5,10,0,EES
105,6,1,6,0,E
105,6,3,6,0,SSES
105,6,4,6,0,SESEEE
105,6,5,6,0,E
106,2,1,2,0,S
106,2,2,2,0,SS
106,2,3,2,0,E
106,2,4,2,0,EESS
106,2,5,2,0,EEEE
106,3,1,3,0,ES
106,3,2,3,0,E
106,3,3,3,0,EE
106,3,4,3,0,ESSESESEEEES
106,3,5,3,0,E
106,4,1,4,0,S
106,4,2,4,0,SSE
106,4,3,4,0,ESSE
106,4,4,4,0,E
106,4,5,4,0,EEEEEESSESSSEEEEEESE
107,1,1,1,0,EESSSSSEEEEESSSE
107,1,2,1,0,E
107,1,3,1,0,EE
107,1,4,1,0,EEEEEEEE
107,1,5,1,0,E
107,4,1,4,0,EEEE
107,4,2,4,0,SEEE
107,4,3,4,0,ES
107,4,4,4,0,E
107,4,5,4,0,EEE
107,5,1,5,0,EEEEE
107,5,2,5,0,SSSS
107,5,3,5,0,EEEEEEEE
107,5,4,5,0,SS
107,5,5,5,0,EE
107,7,1,7,0,EEEEEEE
107,7,3,7,0,EEE
107,7,4,7,0,SS
108,1,1,1,1,S
108,1,3,1,1,EE
108,1,4,1,1,EEEEESSS
108,1,5,1,1,E
108,2,1,2,0,S
108,2,2,2,0,EESS
108,2,3,2,0,E
108,2,4,2,0,ESS
108,2,5,2,0,EEE
108,4,1,4,1,SEEEES
108,4,2,4,1,EEES
108,4,3,4,1,ESE
108,4,4,4,1,S
108,4,5,4,1,ES
108,5,1,5,1,EE
108,5,2,5,1,EE
108,5,4,5,1,EESSS
108,5,5,5,1,EESEEE
108,6,1,6,1,EE
108,6,2,6,1,ESSESEEESSEEEE
108,6,3,6,1,EEE
108,6,4,6,1,ESS
108,6,5,6,1,SS
108,8,1,8,1,SS
108,8,2,8,1,E
108,8,3,8,1,E
108,8,4,8,1,EEEEEEES
108,8,5,8,1,E
108,9,1,9,0,EE
108,9,3,9,0,EEESEESE
108,9,5,9,0,ES
108,11,1,11,1,EESEE
108,11,2,11,1,EEEEESESEEEEEESEEEE
108,11,3,11,1,SSS
108,11,4,11,1,S
108,11,5,11,1,ES
108,12,1,12,1,EEEEES
108,12,2,12,1,EEEEES
108,12,3,12,1,SSES
108,12,4,12,1,S
108,12,5,12,1,EEES
109,1,2,1,1,SS
109,1,3,1,1,S
109,1,4,1,1,S
109,1,5,1,1,ES
109,2,1,2,1,S
109,2,2,2,1,SS
109,2,3,2,1,SES
109,2,4,2,1,SS
109,2,5,2,1,S
109,3,2,3,1,SESS
109,3,3,3,1,ES
109,3,4,3,1,S
109,4,1,4,1,SEEES
109,4,2,4,1,S
109,4,3,4,1,E
109,4,4,4,1,SES
109,4,5,4,1,E
109,5,1,5,0,SSS
109,5,3,5,0,ESSSS
109,5,4,5,0,S
109,5,5,5,0,SESS
109,8,1,8,0,ES
109,8,3,8,0,S
109,8,4,8,0,ESSS
109,8,5,8,0,EEES
109,12,1,12,0,SS
109,12,3,12,0,S
109,12,4,12,0,S
109,12,5,12,0,S
110,3,1,3,0,E
110,3,2,3,0,E
110,3,4,3,0,S
110,3,5,3,0,EEEE
111,1,1,1,0,S
111,1,2,1,0,S
111,1,3,1,0,S
111,1,4,1,0,ES
111,1,5,1,0,S
111,2,1,2,0,EEES
111,2,2,2,0,S
111,2,3,2,0,EE
111,2,4,2,0,S
111,2,5,2,0,S
111,3,1,3,0,SESES
111,3,2,3,0,S
111,3,3,3,0,SS
111,3,4,3,0,SS
111,3,5,3,0,ES
111,4,1,4,0,EES
111,4,2,4,0,S
111,4,3,4,0,SSSEESS
111,4,4,4,0,S
111,4,5,4,0,S
111,5,1,5,0,SSSSSS
111,5,3,5,0,S
111,5,4,5,0,EEES
111,6,1,6,0,SSS
111,6,2,6,0,SSS
111,6,3,6,0,S
111,6,4,6,0,S
111,6,5,6,0,ESS
111,7,1,7,0,S
111,7,2,7,0,S
111,7,3,7,0,SESSSES
111,7,4,7,0,SS
111,7,5,7,0,S
111,8,1,8,0,ESS
111,8,2,8,0,ES
111,8,3,8,0,S
111,8,4,8,0,E
111,8,5,8,0,SEESS
111,9,1,9,0,S
111,9,2,9,0,S
111,9,3,9,0,ES
111,9,4,9,0,SS
111,9,5,9,0,SS
111,10,1,10,0,SS
111,10,2,10,0,S
111,10,3,10,0,S
111,10,4,10,0,EES
111,10,5,10,0,SSSES
111,11,1,11,0,S
111,11,2,11,0,S
111,11,3,11,0,S
111,11,4,11,0,ESES
111,11,5,11,0,SS
111,12,1,12,0,ESS
111,12,2,12,0,S
111,12,3,12,0,ES
111,12,4,12,0,EES
111,12,5,12,0,ESS
112,1,1,1,0,S
112,1,2,1,0,E
112,1,3,1,0,E
112,1,4,1,0,SSSS
112,1,5,1,0,EE
112,5,1,5,0,ESS
112,5,2,5,0,ES
112,5,3,5,0,ESSSE
112,5,4,5,0,EE
112,5,5,5,0,ES
112,10,1,10,0,SE
112,10,2,10,0,E
112,10,3,10,0,ES
112,10,4,10,0,S
112,10,5,10,0,S
113,1,1,1,0,S
113,1,2,1,0,S
113,1,3,1,0,ESSESS
113,1,5,1,0,S
113,2,1,2,0,SS
113,2,2,2,0,S
113,2,3,2,0,ESEES
113,2,4,2,0,ESSSS
113,2,5,2,0,EEES
113,3,1,3,0,EEES
113,3,2,3,0,S
113,3,3,3,0,EE
113,3,4,3,0,EE
113,3,5,3,0,ESS
113,4,1,4,0,S
113,4,2,4,0,SS
113,4,3,4,0,ES
113,4,4,4,0,S
113,4,5,4,0,ESS
113,5,1,5,0,SSS
113,5,2,5,0,EEE
113,5,3,5,0,EEES
113,5,4,5,0,E
113,5,5,5,0,ESE
114,2,1,2,0,EEEEEEEEEEESSESS
114,2,4,2,0,EEEEEEEEEEEEEEESEEES
114,2,5,2,0,S
114,3,1,3,0,EEEEEEEES
114,3,2,3,0,ESS
114,3,3,3,0,EEESS
114,3,4,3,0,SEEEEEE
114,3,5,3,0,S
114,4,2,4,1,EESEES
114,4,3,4,1,EEEEEEE
114,4,4,4,1,EEEEESEEE
114,4,5,4,1,EEESS
114,5,1,5,1,EEEE
114,5,2,5,1,SSEESEEEESSESES
114,5,3,5,1,EEEESE
114,5,4,5,1,EEESEEE
114,5,5,5,1,EEEEEEE
115,1,2,1,0,EEEEEEEES
115,1,3,1,0,EES
115,1,4,1,0,EESS
115,1,5,1,0,S
115,2,2,2,0,SS
115,2,3,2,0,ES
115,2,4,2,0,ES
115,2,5,2,0,S
115,3,1,3,0,ESEEESS
115,3,2,3,0,EESSES
115,3,3,3,0,EEEE
115,3,4,3,0,SS
115,3,5,3,0,EEEEESEEEEES
115,4,1,4,0,ES
115,4,2,4,0,SSS
115,4,3,4,0,SSEEEES
115,4,4,4,0,ESS
115,5,1,5,0,S
115,5,2,5,0,SES
115,5,3,5,0,SSESS
115,5,4,5,0,SSESESSSEES
115,5,5,5,0,S
115,6,1,6,0,EEEES
115,6,2,6,0,EESESS
115,6,3,6,0,SEEESSS
115,6,4,6,0,S
115,6,5,6,0,EESEE
115,7,1,7,0,ES
115,7,2,7,0,SSSSEEEEEES
115,7,3,7,0,EEEESEEEEEESS
115,7,4,7,0,S
115,7,5,7,0,EESEES
115,8,1,8,0,SSS
115,8,2,8,0,ESS
115,8,3,8,0,ESEEEEEESS
115,8,4,8,0,S
115,8,5,8,0,SSSS
115,9,1,9,0,EEEEESS
115,9,2,9,0,ESEESES
115,9,3,9,0,EES
115,9,4,9,0,E
115,9,5,9,0,S
115,10,1,10,0,ESEEES
115,10,2,10,0,SS
115,10,3,10,0,ESSEES
115,10,5,10,0,EES
115,11,1,11,0,SS
115,11,3,11,0,ESSE
115,11,4,11,0,S
115,11,5,11,0,ES
115,12,1,12,0,EEE
115,12,2,12,0,S
115,12,4,12,0,ES
115,12,5,12,0,SS
116,2,1,2,1,ES
116,2,2,2,1,E
116,2,3,2,1,ES
116,2,4,2,1,S
116,2,5,2,1,SES
116,3,1,3,0,S
116,3,3,3,0,ESS
116,3,4,3,0,SSSSS
116,3,5,3,0,EES
116,4,1,4,1,SSSS
116,4,3,4,1,SS
116,4,4,4,1,EE
116,4,5,4,1,SSSS
116,5,2,5,0,EEE
116,5,3,5,0,S
116,5,4,5,0,S
116,5,5,5,0,S
116,7,1,7,1,E
116,7,2,7,1,ESEE
116,7,3,7,1,S
116,7,4,7,1,S
116,8,1,8,0,SSSE
116,8,2,8,0,S
116,8,3,8,0,S
116,8,4,8,0,ES
116,8,5,8,0,S
116,9,1,9,1,S
116,9,2,9,1,SSES
116,9,4,9,1,EEES
117,1,1,1,0,S
117,1,2,1,0,EE
117,1,3,1,0,S
117,1,4,1,0,SEE
117,3,1,3,0,ESS
117,3,2,3,0,SEESE
117,3,3,3,0,EEE
117,3,4,3,0,E
117,3,5,3,0,E
117,5,1,5,0,EE
117,5,2,5,0,S
117,5,3,5,0,EE
117,5,5,5,0,EEE
118,1,1,1,1,SEEEESSE
118,1,2,1,1,SSSSESS
118,1,3,1,1,SSEES
118,1,4,1,1,ESSES
118,1,5,1,1,SSSSSS
118,2,1,2,0,EEES
118,2,2,2,0,EEESEE
118,2,3,2,0,ESEESS
118,2,4,2,0,EES
118,2,5,2,0,ESEES
118,3,2,3,0,SEESSSSEEEEES
118,3,3,3,0,S
118,3,4,3,0,SSSESSS
118,3,5,3,0,ESSSS
118,4,1,4,1,ESES
118,4,2,4,1,EES
118,4,3,4,1,ES
118,4,4,4,1,EEEEES
118,4,5,4,1,S
118,5,1,5,1,EEEEEES
118,5,2,5,1,EEESS
118,5,4,5,1,EES
118,5,5,5,1,ESESSS
118,9,1,9,1,SEEEEEEEEES
118,9,2,9,1,S
118,9,3,9,1,S
118,9,4,9,1,SES
118,9,5,9,1,S
119,1,1,1,0,E
119,1,3,1,0,S
119,1,4,1,0,SS
119,1,5,1,0,EEES
119,2,3,2,0,SEES
119,2,5,2,0,S
119,3,1,3,0,SSS
119,3,2,3,0,S
119,3,3,3,0,SEEESS
119,3,4,3,0,ES
119,4,1,4,0,EES
119,4,2,4,0,SES
119,4,3,4,0,EEESSSSS
119,4,4,4,0,S
119,4,5,4,0,SS
119,6,1,6,0,S
119,6,2,6,0,S
119,6,3,6,0,S
119,6,4,6,0,S
119,6,5,6,0,ES
119,9,1,9,0,S
119,9,4,9,0,S
119,9,5,9,0,SSS
120,1,1,1,0,ES
120,1,2,1,0,EEEES
120,1,3,1,0,SSSS
120,1,4,1,0,SEESSSSSE
120,1,5,1,0,S
120,2,1,2,0,SS
120,2,2,2,0,EE
120,2,3,2,0,SSS
120,2,4,2,0,EEEEEEESEES
120,2,5,2,0,EEEEESS
120,3,1,3,0,ES
120,3,2,3,0,EESS
120,3,3,3,0,EES
120,3,4,3,0,EESS
120,3,5,3,0,S
120,5,1,5,0,S
120,5,2,5,0,EEEEEESES
120,5,3,5,0,ES
120,5,4,5,0,SS
120,5,5,5,0,EEESSS
120,6,1,6,0,EESE
120,6,2,6,0,SSS
120,6,3,6,0,S
120,6,4,6,0,EEESSSSEES
120,6,5,6,0,SEEEEES
120,8,1,8,0,EEEEEEEES
120,8,2,8,0,EEES
120,8,3,8,0,EES
120,8,4,8,0,EEEEEEESEEEESSEEEEES
120,8,5,8,0,ES
120,9,1,9,0,EESEEEEE
120,9,2,9,0,SS
120,9,3,9,0,EEEESES
120,9,4,9,0,S
120,9,5,9,0,SESSES
120,10,1,10,0,ESS
120,10,2,10,0,SES
120,10,3,10,0,SS
120,10,4,10,0,SS
120,10,5,10,0,S
120,11,1,11,0,EESS
120,11,2,11,0,SEES
120,11,3,11,0,EESESS
120,11,4,11,0,S
120,11,5,11,0,EESES
120,12,1,12,0,SES
120,12,2,12,0,EES
120,12,3,12,0,S
120,12,4,12,0,ESS
120,12,5,12,0,ES
121,4,2,4,0,E
121,4,3,4,0,ES
121,4,4,4,0,E
121,4,5,4,0,ES
122,1,1,1,1,EESES
122,1,2,1,1,E
122,1,3,1,1,SS
122,1,4,1,1,SSEEE
122,1,5,1,1,S
122,3,1,3,0,ES
122,3,2,3,0,SESS
122,3,3,3,0,EEEEE
122,3,4,3,0,SE
122,3,5,3,0,ES
122,6,1,6,1,E
122,6,3,6,1,SS
122,6,4,6,1,E
122,6,5,6,1,EE
122,7,1,7,1,SES
122,7,2,7,1,SSESSS
122,7,3,7,1,S
122,7,5,7,1,SS
122,10,1,10,0,S
122,10,2,10,0,S
122,10,3,10,0,SES
122,10,4,10,0,S
122,10,5,10,0,ESS
123,1,1,1,0,EEEEES
123,1,2,1,0,EEEEEESESE
123,1,3,1,0,SESSEEEEEESSSSSEEESEESSEE
123,1,4,1,0,EEESSS
123,1,5,1,0,EEEEEEEES
123,2,1,2,0,EEEEESEEEEEES
123,2,2,2,0,EEES
123,2,3,2,0,EEEES
123,2,5,2,0,EESEESSEEEEEEE
123,3,1,3,0,SEES
123,3,2,3,0,EEEEESSEES
123,3,3,3,0,SEEESS
123,3,4,3,0,EEEEES
123,3,5,3,0,ESEEEESSEESS
123,4,2,4,0,EE
123,4,3,4,0,ES
123,4,5,4,0,EES
123,5,1,5,0,SESSSSS
123,5,2,5,0,SS
123,5,3,5,0,ESSSEEEEEEESSESS
123,5,4,5,0,E
123,5,5,5,0,EEEEEEEEESSEEEEEEEEESS
123,6,1,6,0,S
123,6,2,6,0,EEESEEE
123,6,3,6,0,EEEEE
123,6,4,6,0,EEEES
123,6,5,6,0,ESS
123,8,2,8,0,EEES
123,8,3,8,0,E
123,8,4,8,0,S
123,8,5,8,0,SEESEEESEESSEEEEEEE
123,9,1,9,0,SEEEE
123,9,2,9,0,SSEESSS
123,9,3,9,0,SESEEEE
123,9,4,9,0,ESSSSEEEEEEEEEES
123,9,5,9,0,EESEEEEEEEEEESS
123,12,1,12,0,EEE
123,12,2,12,0,EEEEES
123,12,3,12,0,SS
123,12,5,12,0,SSSEES
124,2,2,2,0,ESES
124,2,3,2,0,S
124,2,4,2,0,S
124,5,1,5,1,S
124,5,2,5,1,SS
124,5,3,5,1,SSS
124,5,4,5,1,SS
124,5,5,5,1,S
124,8,1,8,0,ES
124,8,2,8,0,EES
124,8,3,8,0,ES
124,8,4,8,0,S
124,8,5,8,0,SS
124,9,1,9,0,ES
124,9,2,9,0,S
124,9,3,9,0,ESS
124,9,4,9,0,E
124,9,5,9,0,SSSSSS
124,10,1,10,1,EESES
124,10,2,10,1,ES
124,10,3,10,1,SSSS
124,10,4,10,1,SS
124,10,5,10,1,SS
124,11,1,11,0,S
124,11,3,11,0,S
124,11,4,11,0,S
124,11,5,11,0,E
124,12,1,12,0,S
124,12,2,12,0,EES
124,12,3,12,0,ES
124,12,4,12,0,SS
124,12,5,12,0,SEESS
125,2,1,2,0,SSS
125,2,2,2,0,S
125,2,3,2,0,SSS
125,2,4,2,0,S
125,2,5,2,0,S
125,3,1,3,0,SS
125,3,2,3,0,ES
125,3,3,3,0,SSSS
125,3,4,3,0,ES
125,3,5,3,0,SS
125,5,1,5,0,S
125,5,4,5,0,SSS
125,5,5,5,0,S
125,6,2,6,0,S
125,6,3,6,0,SSS
125,6,4,6,0,S
125,6,5,6,0,SE
125,7,1,7,0,SE
125,7,2,7,0,SS
125,7,3,7,0,S
125,7,4,7,0,EEESSSSS
125,7,5,7,0,ESSS
126,1,1,1,0,E
126,1,2,1,0,EEEEE
126,1,4,1,0,EEEEEESEEEEEEEEESSSEES
126,1,5,1,0,ESEE
126,2,1,2,1,ESEE
126,2,2,2,1,S
126,2,3,2,1,ESESSSSEEE
126,2,4,2,1,SE
126,2,5,2,1,EE
126,4,1,4,1,EEEEE
126,4,2,4,1,EEEE
126,4,3,4,1,SSEESS
126,4,4,4,1,SE
126,4,5,4,1,SSEESE
126,6,1,6,0,S
126,6,2,6,0,EEES
126,6,3,6,0,SEE
126,6,4,6,0,S
126,6,5,6,0,EEEEES
126,7,1,7,1,EEESSSE
126,7,2,7,1,EEESEEESS
126,7,4,7,1,ESEES
126,7,5,7,1,EE
126,9,1,9,0,EEEEE
126,9,2,9,0,SSSEESSS
126,9,3,9,0,EE
126,9,4,9,0,ESE
126,9,5,9,0,EE
126,10,1,10,1,EEEEE
126,10,2,10,1,SSE
126,10,3,10,1,SSSS
126,10,4,10,1,SS
126,10,5,10,1,S
126,11,1,11,1,E
126,11,2,11,1,S
126,11,3,11,1,S
126,11,4,11,1,SS
126,11,5,11,1,S
126,12,1,12,0,EESEEEEESSSSSS
126,12,2,12,0,E
126,12,3,12,0,EEEEESSSSS
126,12,4,12,0,S
126,12,5,12,0,ESS
127,3,1,3,0,SS
127,3,2,3,0,SE
127,3,4,3,0,SSS
127,3,5,3,0,E
127,4,1,4,0,ES
127,4,2,4,0,ES
127,4,3,4,0,ES
127,4,4,4,0,ESSSS
127,4,5,4,0,SS
127,9,1,9,0,EEES
127,9,2,9,0,S
127,9,3,9,0,SS
127,9,4,9,0,SS
127,9,5,9,0,S
127,10,2,10,0,S
127,10,3,10,0,E
127,10,4,10,0,ESSS
127,10,5,10,0,E
128,1,1,1,0,S
128,1,2,1,0,ES
128,1,3,1,0,EES
128,1,4,1,0,SSSS
128,1,5,1,0,E
128,2,1,2,0,E
128,2,2,2,0,ESS
128,2,3,2,0,SS
128,2,4,2,0,S
128,2,5,2,0,E
128,4,1,4,0,EESSSSSS
128,4,2,4,0,ES
128,4,3,4,0,SS
128,4,4,4,0,SEEES
128,4,5,4,0,SS
128,5,1,5,0,S
128,5,2,5,0,EE
128,5,3,5,0,EEEES
128,5,4,5,0,SSSS
128,5,5,5,0,SS
128,9,1,9,0,EEESSE
128,9,3,9,0,EEEESESSES
128,9,4,9,0,EEESSSSSS
128,9,5,9,0,E
129,2,2,2,0,S
129,2,3,2,0,S
129,2,5,2,0,SS
129,3,2,3,0,S
129,3,3,3,0,S
129,3,4,3,0,S
129,3,5,3,0,S
129,5,1,5,0,ESS
129,5,2,5,0,S
129,5,3,5,0,SS
129,5,4,5,0,S
129,5,5,5,0,EES
129,6,1,6,0,SSS
129,6,3,6,0,S
129,6,4,6,0,S
129,6,5,6,0,S
129,7,1,7,0,SS
129,7,4,7,0,S
129,7,5,7,0,SS
129,8,1,8,0,S
129,8,2,8,0,S
129,8,3,8,0,S
129,8,4,8,0,S
129,8,5,8,0,S
129,9,1,9,0,S
129,9,2,9,0,S
129,9,3,9,0,EES
129,9,4,9,0,S
129,9,5,9,0,S
129,10,1,10,0,S
129,10,2,10,0,ES
129,10,3,10,0,S
129,10,4,10,0,SS
129,10,5,10,0,E
129,11,1,11,0,S
129,11,2,11,0,S
129,11,3,11,0,SSSSS
129,11,4,11,0,S
129,11,5,11,0,S
129,12,1,12,0,S
129,12,2,12,0,S
129,12,3,12,0,S
129,12,4,12,0,S
129,12,5,12,0,S
130,1,1,1,1,EEEESS
130,1,2,1,1,EESSES
130,1,3,1,1,EEESSEEEE
130,1,4,1,1,EEES
130,1,5,1,1,EEEEEEEEEEEESSESEEE
130,2,1,2,0,S
130,2,3,2,0,EESESSSSSSEES
130,2,4,2,0,S
130,2,5,2,0,EEEEES
130,3,1,3,0,EEEESS
130,3,2,3,0,EEES
130,3,3,3,0,S
130,3,4,3,0,EEESEEE
130,3,5,3,0,EEEE
130,4,1,4,0,EE
130,4,3,4,0,EEEES
130,4,4,4,0,SSEEEESEEESS
130,4,5,4,0,EE
130,5,1,5,0,EEEEEE
130,5,3,5,0,SEEEEES
130,5,4,5,0,E
130,5,5,5,0,EEESSSSEEEEEEESS
130,6,2,6,1,EESSSSE
130,6,3,6,1,EES
130,6,4,6,1,EEEEEEESES
130,8,1,8,0,SESEEEEEEESSSE
130,8,2,8,0,SESSSESEESSS
130,8,4,8,0,SS
130,8,5,8,0,S
131,1,1,1,0,E
131,1,2,1,0,SEEEEEE
131,1,3,1,0,EE
131,1,4,1,0,E
131,1,5,1,0,E
131,3,1,3,0,E
131,3,2,3,0,E
131,3,3,3,0,EE
131,3,4,3,0,E
131,3,5,3,0,ESESEE
131,5,1,5,0,EEEE
131,5,2,5,0,EEEE
131,5,3,5,0,SSE
131,5,4,5,0,E
131,5,5,5,0,SE
132,1,1,1,1,S
132,1,2,1,1,EEEESS
132,1,3,1,1,EEEEES
132,1,4,1,1,SSS
132,1,5,1,1,SSEEEEEEES
132,2,1,2,1,S
132,2,3,2,1,E
132,2,4,2,1,S
132,2,5,2,1,S
132,3,1,3,1,ESES
132,3,2,3,1,SSS
132,3,4,3,1,S
132,3,5,3,1,SEES
132,4,1,4,0,EESES
132,4,2,4,0,SEEESSEEEESEEEESSSS
132,4,3,4,0,EESESSSS
132,4,4,4,0,SS
132,4,5,4,0,EESS
132,5,1,5,0,E
132,5,2,5,0,S
132,5,4,5,0,S
132,5,5,5,0,S
132,6,1,6,0,ES
132,6,2,6,0,S
132,6,3,6,0,EE
132,6,4,6,0,ESSEES
132,6,5,6,0,S
132,7,1,7,0,EEES
132,7,3,7,0,SEES
132,7,4,7,0,EES
132,7,5,7,0,EES
132,9,1,9,1,SSSSES
132,9,2,9,1,ES
132,9,3,9,1,S
132,9,4,9,1,EEEEESEEESS
132,9,5,9,1,S
132,10,1,10,0,ES
132,10,2,10,0,EEEEEEEEESESEEESS
132,10,3,10,0,SEEESEEESS
132,10,4,10,0,S
132,10,5,10,0,S
132,11,2,11,1,ESEEEEES
132,11,3,11,1,ES
132,11,4,11,1,EES
132,11,5,11,1,S
133,1,1,1,0,EE
133,1,2,1,0,EEEE
133,1,3,1,0,EEEES
133,1,4,1,0,SSEEEEEEEEEESSS
133,2,1,2,0,EEEEESESEEEEEEEEE
133,2,2,2,0,EEEEEEE
133,2,3,2,0,EEEEESSEEE
133,2,4,2,0,EEEEE
133,2,5,2,0,EEEEEEEESSSEEEEEEEEEEEEEEEEESS
133,3,1,3,0,EEE
133,3,2,3,0,EEEEEEEEEEEEEEEEEESEEEEEEEEEEE
133,3,3,3,0,ESEE
133,3,4,3,0,EEEEEEE
133,3,5,3,0,EEEEEESSS
133,4,1,4,0,EEEEEEEEEEEEEEEEE
133,4,3,4,0,EEEEEEEEEEEEEEEEEEEE
133,4,4,4,0,EEEEEEEESEEEEEEEEEEE
133,4,5,4,0,EE
133,5,1,5,0,EEEEEEEEEEEEEEEE
133,5,2,5,0,EEEEEEEEEEESEEEEEEEEEEEEEEEEEE
133,5,3,5,0,EEEEEEEE
133,5,4,5,0,ESEEEEEE
133,5,5,5,0,EE
133,6,1,6,0,EEESEEESS
133,6,2,6,0,EEEEE
133,6,3,6,0,EEEEE
133,6,4,6,0,EEEEEEEEEEEEEEEEEEEEEESSSEEEEE
133,6,5,6,0,EEEE
133,8,1,8,0,S
133,8,3,8,0,EEEEEEEEEESEEEE
133,8,4,8,0,E
133,8,5,8,0,EEEEEE
134,1,1,1,1,SE
134,1,2,1,1,S
134,1,3,1,1,EES
134,1,4,1,1,E
134,2,2,2,1,EEEESEES
134,2,3,2,1,E
134,2,4,2,1,EESSSS
134,2,5,2,1,E
134,3,1,3,1,E
134,3,2,3,1,EEE
134,3,3,3,1,E
134,3,4,3,1,ES
134,3,5,3,1,E
134,5,1,5,0,EEEEEE
134,5,2,5,0,EEEEEEE
134,5,4,5,0,EESSS
134,5,5,5,0,ESSSSEEEE
134,6,1,6,1,EE
134,6,3,6,1,EESSEES
134,6,4,6,1,EEEEE
134,6,5,6,1,ESS
134,12,1,12,0,EEEE
134,12,2,12,0,SSEEE
134,12,3,12,0,EEESESSEEESS
134,12,5,12,0,E
135,3,1,3,0,ESSESSS
135,3,2,3,0,SSSS
135,3,3,3,0,S
135,3,4,3,0,SS
135,3,5,3,0,S
135,4,1,4,0,SS
135,4,2,4,0,S
135,4,3,4,0,S
135,4,4,4,0,EE
135,4,5,4,0,ES
135,5,1,5,0,S
135,5,2,5,0,S
135,5,3,5,0,SSS
135,5,4,5,0,S
135,5,5,5,0,S
135,7,2,7,0,SSS
135,7,3,7,0,SS
135,7,4,7,0,SSS
135,7,5,7,0,SS
135,8,1,8,0,S
135,8,2,8,0,SS
135,8,3,8,0,S
135,8,4,8,0,ES
135,8,5,8,0,EEES
136,1,1,1,0,S
136,1,2,1,0,SSS
136,1,4,1,0,S
136,1,5,1,0,S
136,2,1,2,0,ESSESS
136,2,2,2,0,S
136,2,3,2,0,ES
136,2,4,2,0,EESSES
136,2,5,2,0,S
136,3,2,3,0,ESSSSS
136,3,3,3,0,SS
136,3,4,3,0,SS
136,3,5,3,0,ESESSSS
136,4,1,4,0,EESSES
136,4,2,4,0,SEEESS
136,4,3,4,0,EES
136,4,4,4,0,S
136,4,5,4,0,SS
136,5,1,5,0,S
136,5,2,5,0,SSS
136,5,3,5,0,SSS
136,5,4,5,0,SSS
136,5,5,5,0,S
136,6,1,6,0,EES
136,6,2,6,0,ESES
136,6,3,6,0,ES
136,6,4,6,0,ES
136,6,5,6,0,S
136,7,1,7,0,ES
136,7,2,7,0,E
136,7,3,7,0,S
136,7,4,7,0,S
136,7,5,7,0,S
136,9,2,9,0,ESS
136,9,3,9,0,EES
136,9,4,9,0,EEES
136,9,5,9,0,SES
136,10,1,10,0,ESS
136,10,2,10,0,SEESSSEES
136,10,3,10,0,SS
136,10,4,10,0,ESS
136,10,5,10,0,SSSEEESS
136,11,1,11,0,S
136,11,2,11,0,S
136,11,3,11,0,S
136,11,4,11,0,SS
136,11,5,11,0,SSSS
136,12,1,12,0,S
136,12,2,12,0,S
136,12,3,12,0,ESSS
136,12,4,12,0,S
136,12,5,12,0,S
137,1,2,1,0,EEESS
137,1,3,1,0,E
137,1,4,1,0,ESS
137,1,5,1,0,ES
137,2,1,2,0,SS
137,2,2,2,0,S
137,2,3,2,0,S
137,2,4,2,0,EEEESS
137,2,5,2,0,ES
137,3,1,3,0,ESS
137,3,2,3,0,ESSES
137,3,3,3,0,S
137,3,4,3,0,SSS
137,3,5,3,0,S
137,4,1,4,0,ES
137,4,2,4,0,EES
137,4,3,4,0,ESS
137,4,5,4,0,S
137,5,1,5,0,SS
137,5,2,5,0,ESS
137,5,3,5,0,SSS
137,5,4,5,0,S
137,5,5,5,0,SSEES
137,6,1,6,0,S
137,6,3,6,0,S
137,6,4,6,0,EESS
137,6,5,6,0,EESEEEESSEES
137,7,1,7,0,EEEES
137,7,2,7,0,SS
137,7,3,7,0,EESESES
137,7,4,7,0,S
137,7,5,7,0,SS
137,8,2,8,0,S
137,8,4,8,0,ESSSS
137,8,5,8,0,SS
137,10,1,10,0,SES
137,10,2,10,0,S
137,10,3,10,0,SEES
137,10,4,10,0,S
137,10,5,10,0,EESS
137,12,1,12,0,ES
137,12,3,12,0,ES
137,12,4,12,0,ESS
137,12,5,12,0,ESS
138,3,1,3,0,S
138,3,2,3,0,ESSE
138,3,3,3,0,S
138,3,5,3,0,S
138,4,1,4,0,S
138,4,2,4,0,ES
138,4,3,4,0,E
138,4,4,4,0,S
139,1,1,1,0,EES
139,1,2,1,0,EEEESEEEES
139,1,3,1,0,S
139,1,5,1,0,EES
139,2,1,2,0,S
139,2,2,2,0,S
139,2,3,2,0,SSS
139,2,4,2,0,S
139,2,5,2,0,S
139,3,1,3,0,EEE
139,3,2,3,0,EEEEEES
139,3,3,3,0,ESS
139,3,4,3,0,ES
139,3,5,3,0,SEEEESS
139,4,1,4,0,S
139,4,2,4,0,EESEEESSSS
139,4,4,4,0,SS
139,4,5,4,0,ES
139,5,1,5,0,SSS
139,5,2,5,0,ES
139,5,3,5,0,S
139,5,4,5,0,S
139,5,5,5,0,ESS
139,6,1,6,0,SS
139,6,2,6,0,S
139,6,3,6,0,SS
139,6,4,6,0,S
139,6,5,6,0,S
139,7,1,7,0,SS
139,7,2,7,0,S
139,7,3,7,0,EES
139,7,4,7,0,SSSEEEEES
139,7,5,7,0,S
139,8,1,8,0,S
139,8,2,8,0,EES
139,8,3,8,0,EES
139,8,4,8,0,ES
139,8,5,8,0,S
139,9,1,9,0,SSS
139,9,3,9,0,S
139,9,4,9,0,S
139,9,5,9,0,S
139,11,1,11,0,S
139,11,2,11,0,S
139,11,3,11,0,SESSSES
139,11,4,11,0,ESSESS
139,11,5,11,0,ESS
140,1,1,1,0,SEES
140,1,2,1,0,ES
140,1,3,1,0,S
140,1,4,1,0,SSS
140,1,5,1,0,S
140,2,1,2,0,ES
140,2,2,2,0,EEES
140,2,3,2,0,ESS
140,2,4,2,0,S
140,2,5,2,0,EEES
140,3,1,3,0,ESSESESSS
140,3,2,3,0,ESEEESS
140,3,3,3,0,S
140,3,4,3,0,ES
140,4,1,4,0,SSS
140,4,2,4,0,EESS
140,4,3,4,0,SSES
140,4,4,4,0,EES
140,4,5,4,0,SS
140,5,1,5,0,SSS
140,5,2,5,0,EESSS
140,5,3,5,0,ES
140,5,4,5,0,SES
140,5,5,5,0,ES
140,6,1,6,0,S
140,6,2,6,0,ES
140,6,3,6,0,ES
140,6,4,6,0,SS
140,6,5,6,0,S
140,7,1,7,0,S
140,7,2,7,0,SSSS
140,7,4,7,0,S
140,7,5,7,0,EESS
140,8,1,8,0,S
140,8,2,8,0,S
140,8,3,8,0,ESSSSSES
140,8,4,8,0,S
140,8,5,8,0,S
140,9,1,9,0,S
140,9,2,9,0,SEESS
140,9,3,9,0,S
140,9,4,9,0,SSS
140,9,5,9,0,SSSSSS
140,10,1,10,0,S
140,10,2,10,0,ES
140,10,3,10,0,SSSSS
140,10,4,10,0,S
140,10,5,10,0,SESS
140,11,2,11,0,S
140,11,3,11,0,ESS
140,11,4,11,0,ES
140,11,5,11,0,ESS
140,12,1,12,0,SSS
140,12,2,12,0,S
140,12,3,12,0,SS
140,12,4,12,0,SS
140,12,5,12,0,S
141,2,1,2,1,SSS
141,2,4,2,1,S
141,2,5,2,1,ES
141,3,1,3,1,SE
141,3,2,3,1,SES
141,3,3,3,1,SS
141,3,4,3,1,EEESEEEE
141,3,5,3,1,ESSSSS
141,4,1,4,0,EEEES
141,4,2,4,0,S
141,4,3,4,0,S
141,4,4,4,0,ESS
141,4,5,4,0,SESS
141,5,1,5,1,ES
141,5,2,5,1,EEES
141,5,3,5,1,EEES
141,5,4,5,1,S
141,5,5,5,1,ES
141,6,1,6,1,S
141,6,2,6,1,EESS
141,6,3,6,1,S
141,6,4,6,1,SSS
141,6,5,6,1,S
141,7,1,7,0,EEEE
141,7,2,7,0,S
141,7,3,7,0,SEEES
141,7,4,7,0,SS
141,7,5,7,0,S
141,8,1,8,0,ESESS
141,8,2,8,0,SEEE
141,8,3,8,0,S
141,8,4,8,0,ES
141,8,5,8,0,S
141,9,1,9,0,EES
141,9,2,9,0,SSSS
141,9,3,9,0,ES
141,9,4,9,0,S
141,9,5,9,0,EEE
141,10,1,10,1,EEEES
141,10,2,10,1,EESS
141,10,3,10,1,SS
141,10,4,10,1,EEEESS
141,10,5,10,1,SSESEEEESEE
141,12,1,12,0,EES
141,12,2,12,0,SEES
141,12,3,12,0,ES
141,12,4,12,0,ES
141,12,5,12,0,S
142,3,1,3,0,SS
142,3,2,3,0,ESS
142,3,3,3,0,EEES
142,3,4,3,0,S
142,3,5,3,0,ESSES
142,5,1,5,0,SS
142,5,2,5,0,ESEESSSEEEEESES
142,5,3,5,0,S
142,5,4,5,0,SEEES
142,9,1,9,0,EE
142,9,2,9,0,SSS
142,9,3,9,0,EEE
142,9,4,9,0,S
142,9,5,9,0,EEEEEES
143,1,1,1,0,S
143,1,2,1,0,ES
143,1,3,1,0,SS
143,1,4,1,0,S
143,3,1,3,0,S
143,3,2,3,0,S
143,3,3,3,0,S
143,3,4,3,0,S
143,3,5,3,0,ESS
143,4,1,4,0,S
143,4,2,4,0,S
143,4,3,4,0,S
143,4,4,4,0,S
143,4,5,4,0,ES
143,5,1,5,0,S
143,5,2,5,0,S
143,5,3,5,0,SS
143,5,4,5,0,S
143,5,5,5,0,SS
143,6,1,6,0,S
143,6,2,6,0,S
143,6,3,6,0,S
143,6,5,6,0,S
143,7,1,7,0,EES
143,7,2,7,0,SS
143,7,3,7,0,S
143,7,4,7,0,S
144,1,1,1,0,E
144,1,2,1,0,S
144,1,3,1,0,EEEEES
144,1,4,1,0,EES
144,3,1,3,0,EES
144,3,2,3,0,SS
144,3,3,3,0,SSS
144,3,4,3,0,EEESES
144,3,5,3,0,ES
144,4,1,4,0,ESSS
144,4,2,4,0,S
144,4,3,4,0,EES
144,4,4,4,0,S
144,4,5,4,0,ES
144,5,1,5,0,S
144,5,2,5,0,ESE
144,5,3,5,0,EEEES
144,5,4,5,0,EES
144,5,5,5,0,ES
144,6,1,6,0,ES
144,6,2,6,0,S
144,6,3,6,0,E
144,6,4,6,0,SS
144,6,5,6,0,ES
144,8,1,8,0,EESESESEEEEES
144,8,2,8,0,ESEESESSSSS
144,8,4,8,0,ESSS
144,8,5,8,0,ES
144,9,1,9,0,EES
144,9,2,9,0,EEEEE
144,9,3,9,0,EEES
144,9,4,9,0,S
144,10,1,10,0,EEEE
144,10,2,10,0,EES
144,10,3,10,0,SSES
144,10,5,10,0,SEE
144,11,1,11,0,EEEESS
144,11,3,11,0,S
144,11,4,11,0,SSE
144,11,5,11,0,SSEEESSSS
145,3,1,3,0,S
145,3,2,3,0,EE
145,3,3,3,0,EEE
145,3,4,3,0,EE
145,3,5,3,0,EE
145,4,1,4,0,SEE
145,4,2,4,0,S
145,4,3,4,0,SEEES
145,4,4,4,0,S
145,4,5,4,0,E
145,6,1,6,0,SS
145,6,2,6,0,EE
145,6,3,6,0,EES
145,6,4,6,0,EE
145,6,5,6,0,S
145,9,1,9,0,EEEES
145,9,2,9,0,ESSSS
145,9,3,9,0,EES
145,9,4,9,0,EES
145,9,5,9,0,S
146,3,1,3,1,ESSSS
146,3,2,3,1,S
146,3,3,3,1,SS
146,3,4,3,1,ES
146,3,5,3,1,S
146,4,1,4,1,S
146,4,2,4,1,ES
146,4,4,4,1,SS
146,4,5,4,1,ES
146,7,1,7,0,S
146,7,2,7,0,S
146,7,3,7,0,SSSS
146,7,4,7,0,S
146,7,5,7,0,E
147,1,1,1,0,S
147,1,2,1,0,E
147,1,3,1,0,SSSS
147,1,4,1,0,S
147,1,5,1,0,EEEESEEESSS
147,3,1,3,1,S
147,3,3,3,1,SSEEE
147,3,4,3,1,SS
147,3,5,3,1,ESS
147,4,1,4,1,ESS
147,4,2,4,1,S
147,4,3,4,1,S
147,4,4,4,1,SS
147,4,5,4,1,S
147,5,1,5,0,EESS
147,5,2,5,0,EEEEEEEEESSSES
147,5,3,5,0,SEE
147,5,4,5,0,EE
147,5,5,5,0,SSSEESSSSS
147,6,1,6,0,ES
147,6,2,6,0,EESS
147,6,3,6,0,SEE
147,6,4,6,0,ESSSE
147,6,5,6,0,SSSS
147,7,1,7,1,ESSS
147,7,2,7,1,SSES
147,7,3,7,1,SEESSS
147,7,4,7,1,SE
147,7,5,7,1,SEES
147,8,1,8,1,ES
147,8,2,8,1,EEESSS
147,8,3,8,1,SS
147,8,4,8,1,SSS
147,8,5,8,1,SSEEEEE
148,3,1,3,0,ES
148,3,2,3,0,S
148,3,3,3,0,S
148,3,4,3,0,ES
148,3,5,3,0,ES
148,5,1,5,0,SS
148,5,2,5,0,S
148,5,3,5,0,EES
148,5,4,5,0,ES
148,5,5,5,0,S
148,7,1,7,0,SS
148,7,2,7,0,S
148,7,4,7,0,ES
148,7,5,7,0,ESSSEE
148,9,1,9,0,S
148,9,2,9,0,S
148,9,3,9,0,ES
148,9,4,9,0,S
148,9,5,9,0,SEESSSS
148,10,1,10,0,S
148,10,2,10,0,SEESS
148,10,3,10,0,SS
148,10,4,10,0,S
148,10,5,10,0,E
148,12,1,12,0,S
148,12,2,12,0,S
148,12,3,12,0,SS
148,12,4,12,0,S
148,12,5,12,0,ES
149,1,1,1,0,EES
149,1,4,1,0,ES
149,1,5,1,0,E
149,2,2,2,0,EEESSS
149,2,3,2,0,ES
149,2,4,2,0,EEEES
149,2,5,2,0,ES
149,3,1,3,1,SSS
149,3,2,3,1,SS
149,3,3,3,1,S
149,3,4,3,1,E
149,3,5,3,1,SS
149,4,1,4,0,SESEES
149,4,2,4,0,EESEESSSS
149,4,3,4,0,S
149,4,4,4,0,ES
149,5,1,5,0,EEES
149,5,2,5,0,ESSSS
149,5,3,5,0,EEESS
149,5,4,5,0,S
149,5,5,5,0,SSEESSSESESES
149,6,1,6,1,SSSS
149,6,2,6,1,S
149,6,4,6,1,S
149,6,5,6,1,S
149,9,1,9,1,SE
149,9,3,9,1,SEEEEEEEE
149,9,4,9,1,S
149,10,1,10,1,EEEEESESE
149,10,2,10,1,S
149,10,3,10,1,ESS
149,10,4,10,1,S
149,10,5,10,1,ES
149,11,1,11,0,EE
149,11,2,11,0,ES
149,11,3,11,0,ES
149,11,4,11,0,S
149,11,5,11,0,ES
149,12,2,12,1,S
149,12,3,12,1,SESS
149,12,4,12,1,ESSS
149,12,5,12,1,EESS
150,4,1,4,0,S
150,4,2,4,0,SS
150,4,3,4,0,ESSS
150,4,5,4,0,ESS
150,5,1,5,0,S
150,5,2,5,0,SS
150,5,3,5,0,SS
150,5,4,5,0,S
150,5,5,5,0,EES
150,6,1,6,0,EES
150,6,2,6,0,ESS
150,6,3,6,0,S
150,6,4,6,0,S
150,6,5,6,0,ESS
150,7,1,7,0,S
150,7,2,7,0,ESS
150,7,3,7,0,ESSS
150,7,4,7,0,S
150,7,5,7,0,S
151,1,1,1,0,S
151,1,2,1,0,ES
151,1,3,1,0,S
151,1,4,1,0,SS
151,1,5,1,0,EEEEEEESES
151,2,1,2,0,EEESSS
151,2,2,2,0,ES
151,2,3,2,0,S
151,2,5,2,0,ESSSSS
151,3,1,3,0,SES
151,3,2,3,0,ESS
151,3,3,3,0,SSEESES
151,3,4,3,0,S
151,3,5,3,0,ESEES
151,4,1,4,0,S
151,4,2,4,0,S
151,4,3,4,0,SS
151,4,4,4,0,S
151,4,5,4,0,SSSESSEEESSSS
151,5,1,5,0,S
151,5,2,5,0,S
151,5,3,5,0,ESSS
151,5,4,5,0,ESS
151,5,5,5,0,S
151,6,1,6,0,ES
151,6,2,6,0,EES
151,6,3,6,0,ES
151,6,4,6,0,S
151,6,5,6,0,EEES
151,7,1,7,0,SS
151,7,2,7,0,SEESESSSSS
151,7,3,7,0,ESSS
151,7,5,7,0,EESSS
151,8,2,8,0,ESSSS
151,8,3,8,0,EEES
151,8,4,8,0,SSEEEEESEEEESSS
151,8,5,8,0,SSEEESS
151,9,1,9,0,SSSESEES
151,9,2,9,0,EEES
151,9,3,9,0,S
151,9,4,9,0,ES
151,9,5,9,0,SES
151,10,1,10,0,EE
151,10,2,10,0,SS
151,10,3,10,0,ESSS
151,10,4,10,0,SS
151,10,5,10,0,EES
151,11,1,11,0,ES
151,11,2,11,0,S
151,11,3,11,0,EEEES
151,11,4,11,0,EEEES
151,11,5,11,0,EES
152,1,1,1,0,EEESS
152,1,2,1,0,ESSS
152,1,3,1,0,SS
152,1,4,1,0,S
152,1,5,1,0,E
152,2,1,2,0,SSSSS
152,2,2,2,0,EEES
152,2,3,2,0,E
152,2,4,2,0,S
152,2,5,2,0,EEESSS
152,3,1,3,0,SS
152,3,2,3,0,SSEEEES
152,3,3,3,0,EES
152,3,4,3,0,S
152,3,5,3,0,EEEEE
152,4,1,4,0,ESEES
152,4,2,4,0,ESSSESSSES
152,4,3,4,0,EEEESSSEEESSSEEES
152,4,4,4,0,ES
152,4,5,4,0,ESS
152,5,1,5,0,S
152,5,2,5,0,SSS
152,5,3,5,0,SSES
152,5,4,5,0,SESEES
152,5,5,5,0,EEEEESEEESSSS
152,6,1,6,0,SSS
152,6,2,6,0,EEESESSS
152,6,3,6,0,S
152,6,4,6,0,EESS
152,6,5,6,0,S
152,7,1,7,0,SEEEESSS
152,7,2,7,0,SSSEEESES
152,7,3,7,0,SSSS
152,7,5,7,0,EES
152,9,1,9,0,EEEEES
152,9,2,9,0,ES
152,9,3,9,0,ES
152,9,5,9,0,E
152,10,1,10,0,SS
152,10,2,10,0,EEEE
152,10,3,10,0,S
152,10,4,10,0,ES
152,10,5,10,0,S
152,11,1,11,0,EESSE
152,11,2,11,0,EEES
152,11,3,11,0,SS
152,11,4,11,0,SS
152,11,5,11,0,S
153,1,1,1,0,SS
153,1,2,1,0,ES
153,1,4,1,0,E
153,1,5,1,0,SSSSSSS
153,2,1,2,1,SSS
153,2,2,2,1,SE
153,2,3,2,1,E
153,2,4,2,1,SS
153,2,5,2,1,EEES
153,3,1,3,0,EEEE
153,3,2,3,0,E
153,3,3,3,0,S
153,3,4,3,0,E
153,3,5,3,0,S
153,5,1,5,0,ES
153,5,3,5,0,EES
153,5,4,5,0,SE
153,5,5,5,0,EE
153,8,1,8,0,EE
153,8,2,8,0,EESS
153,8,3,8,0,EE
153,8,5,8,0,EES
154,2,1,2,0,EEEEEE
154,2,2,2,0,SS
154,2,3,2,0,EESE
154,2,4,2,0,EE
154,2,5,2,0,SS
154,3,1,3,0,EEESS
154,3,2,3,0,ESES
154,3,3,3,0,E
154,3,4,3,0,ESSEE
154,3,5,3,0,SS
154,4,1,4,0,ES
154,4,2,4,0,ES
154,4,3,4,0,SEEEEES
154,4,4,4,0,EESSEEEEES
154,4,5,4,0,ES
154,5,1,5,0,SEEEEEEES
154,5,2,5,0,SEES
154,5,3,5,0,EEES
154,5,4,5,0,EEE
154,5,5,5,0,EESSSSS
154,6,1,6,0,SESEEES
154,6,3,6,0,SEEESSEESS
154,6,4,6,0,EEESESSS
154,6,5,6,0,EES
154,8,1,8,0,EEESSS
154,8,2,8,0,SS
154,8,3,8,0,EESEEESEEEEE
154,8,4,8,0,S
154,8,5,8,0,S
154,9,1,9,0,SSS
154,9,2,9,0,EE
154,9,3,9,0,SEEE
154,9,5,9,0,ES
154,12,1,12,0,EEE
154,12,2,12,0,EEEEES
154,12,3,12,0,EEEEEE
154,12,4,12,0,ES
154,12,5,12,0,EES
155,1,1,1,0,S
155,1,2,1,0,S
155,1,3,1,0,SES
155,1,4,1,0,SS
155,1,5,1,0,S
155,3,1,3,0,EES
155,3,2,3,0,S
155,3,3,3,0,SS
155,3,4,3,0,EE
155,3,5,3,0,S
155,4,1,4,0,ESS
155,4,2,4,0,ES
155,4,3,4,0,ES
155,4,4,4,0,ESS
155,4,5,4,0,EEE
155,5,1,5,0,S
155,5,2,5,0,SSES
155,5,3,5,0,S
155,5,4,5,0,S
155,5,5,5,0,E
155,7,1,7,0,EES
155,7,2,7,0,SS
155,7,3,7,0,ESEE
155,7,4,7,0,SES
155,7,5,7,0,S
155,9,1,9,0,EEESS
155,9,2,9,0,E
155,9,3,9,0,E
155,9,4,9,0,S
155,9,5,9,0,SS
155,11,1,11,0,EE
155,11,3,11,0,S
155,11,4,11,0,EEES
155,11,5,11,0,S
155,12,1,12,0,E
155,12,2,12,0,ESSEE
155,12,3,12,0,S
155,12,5,12,0,SS
156,1,1,1,0,SESS
156,1,2,1,0,EEESS
156,1,3,1,0,SS
156,1,4,1,0,EESS
156,1,5,1,0,SEESES
156,3,1,3,0,EEESS
156,3,3,3,0,EEEESSS
156,3,4,3,0,ES
156,3,5,3,0,SS
156,4,1,4,0,ES
156,4,2,4,0,EEES
156,4,3,4,0,ES
156,4,4,4,0,S
156,4,5,4,0,E
156,5,1,5,0,SS
156,5,2,5,0,EES
156,5,3,5,0,SSS
156,5,4,5,0,ES
156,5,5,5,0,E
156,6,1,6,0,SSS
156,6,2,6,0,EEES
156,6,3,6,0,E
156,6,4,6,0,S
156,6,5,6,0,S
156,9,1,9,0,EEEEEESES
156,9,2,9,0,EESESSSSEEESES
156,9,3,9,0,S
156,9,5,9,0,ES
156,12,1,12,0,S
156,12,2,12,0,SES
156,12,3,12,0,S
156,12,4,12,0,ES
156,12,5,12,0,S
157,1,1,1,0,SSEEEES
157,1,2,1,0,EEESSSES
157,1,4,1,0,ESSSSSS
157,1,5,1,0,SESS
157,2,1,2,0,S
157,2,2,2,0,S
157,2,3,2,0,SEESESS
157,2,4,2,0,EES
157,2,5,2,0,ES
157,3,1,3,0,EEESS
157,3,2,3,0,S
157,3,3,3,0,ESEEESESES
157,3,4,3,0,EEEEES
157,3,5,3,0,EEESSES
157,4,1,4,0,S
157,4,2,4,0,ES
157,4,3,4,0,SSS
157,4,4,4,0,SS
157,4,5,4,0,S
157,5,1,5,0,EESS
157,5,2,5,0,EES
157,5,4,5,0,S
157,5,5,5,0,EEEEEEESEEESS
157,6,1,6,0,EESSS
157,6,2,6,0,S
157,6,3,6,0,SEESS
157,6,4,6,0,S
157,6,5,6,0,ES
157,7,1,7,1,SS
157,7,2,7,1,S
157,7,3,7,1,ES
157,7,4,7,1,SSSS
157,7,5,7,1,SESSSS
157,9,1,9,0,S
157,9,2,9,0,S
157,9,3,9,0,EEEES
157,9,4,9,0,ESEEEESS
157,9,5,9,0,S
157,10,1,10,1,ES
157,10,2,10,1,ESSSEESEES
157,10,3,10,1,ESSEEEESS
157,10,4,10,1,S
157,10,5,10,1,EEES
157,11,1,11,0,SSS
157,11,2,11,0,ES
157,11,3,11,0,ESS
157,11,4,11,0,S
158,1,1,1,0,ES
158,1,3,1,0,SS
158,1,4,1,0,S
158,1,5,1,0,S
158,2,1,2,0,SES
158,2,2,2,0,S
158,2,3,2,0,EEES
158,2,4,2,0,ES
158,2,5,2,0,SSSSS
158,4,1,4,0,E
158,4,3,4,0,S
158,4,4,4,0,ES
158,5,1,5,0,SS
158,5,2,5,0,SESSSS
158,5,3,5,0,EES
158,5,5,5,0,S
158,6,1,6,0,S
158,6,2,6,0,SSS
158,6,3,6,0,S
158,6,4,6,0,ES
158,6,5,6,0,S
158,7,1,7,0,SS
158,7,2,7,0,S
158,7,3,7,0,SSS
158,7,4,7,0,EES
158,7,5,7,0,SS
158,8,1,8,0,SSS
158,8,2,8,0,EEEEEEEES
158,8,3,8,0,S
158,8,4,8,0,S
158,8,5,8,0,E
158,9,1,9,0,S
158,9,2,9,0,EESSSS
158,9,3,9,0,SS
158,9,4,9,0,SSS
158,9,5,9,0,S
158,10,2,10,0,S
158,10,3,10,0,S
158,10,4,10,0,S
158,12,1,12,0,SSS
158,12,2,12,0,SSEES
158,12,3,12,0,S
158,12,4,12,0,SSS
158,12,5,12,0,SS
159,1,1,1,0,S
159,1,3,1,0,S
159,1,4,1,0,S
159,1,5,1,0,S
159,2,1,2,0,EES
159,2,2,2,0,ES
159,2,3,2,0,SSES
159,2,4,2,0,S
159,2,5,2,0,ES
159,3,1,3,0,S
159,3,2,3,0,ES
159,3,3,3,0,SESSSESS
159,3,4,3,0,S
159,3,5,3,0,ES
159,4,1,4,0,ES
159,4,3,4,0,S
159,4,4,4,0,ESESS
159,4,5,4,0,SS
159,6,1,6,0,S
159,6,2,6,0,SSSS
159,6,3,6,0,S
159,6,4,6,0,SS
159,6,5,6,0,S
160,2,1,2,0,S
160,2,2,2,0,S
160,2,4,2,0,SS
160,2,5,2,0,S
160,4,1,4,0,S
160,4,2,4,0,SS
160,4,4,4,0,S
160,4,5,4,0,S
160,7,1,7,0,S
160,7,2,7,0,SE
160,7,3,7,0,S
160,7,4,7,0,S
160,7,5,7,0,ESS
160,12,2,12,0,SS
160,12,4,12,0,SES
160,12,5,12,0,S
161,2,1,2,0,SSSS
161,2,2,2,0,S
161,2,3,2,0,S
161,2,4,2,0,EEEEE
161,2,5,2,0,S
161,5,1,5,0,ES
161,5,2,5,0,EESS
161,5,3,5,0,SEEE
161,5,4,5,0,ESSS
161,5,5,5,0,EEES
161,7,1,7,0,SES
161,7,2,7,0,E
161,7,3,7,0,ES
161,7,4,7,0,ES
161,7,5,7,0,S
161,8,2,8,0,ES
161,8,3,8,0,EEESS
161,8,4,8,0,S
161,8,5,8,0,S
161,10,1,10,0,S
161,10,2,10,0,S
161,10,3,10,0,S
161,10,4,10,0,E
161,10,5,10,0,S
161,11,1,11,0,EESS
161,11,3,11,0,SSES
161,11,5,11,0,ESSSS
161,12,1,12,0,SS
161,12,2,12,0,S
161,12,3,12,0,EESSSSSSSS
161,12,4,12,0,ESS
161,12,5,12,0,ESS
162,1,1,1,0,SSESSEESE
162,1,2,1,0,S
162,1,3,1,0,SS
162,1,4,1,0,ESEES
162,1,5,1,0,EEES
162,2,1,2,0,SS
162,2,2,2,0,S
162,2,3,2,0,EEEEESSS
162,2,4,2,0,S
162,3,1,3,0,EEE
162,3,3,3,0,S
162,3,4,3,0,SSSS
162,3,5,3,0,S
162,4,1,4,0,S
162,4,2,4,0,ESSS
162,4,3,4,0,S
162,4,4,4,0,S
162,4,5,4,0,SSS
162,5,3,5,0,SS
162,5,4,5,0,ESESSES
162,5,5,5,0,S
162,7,1,7,0,SS
162,7,2,7,0,SS
162,7,3,7,0,S
162,7,4,7,0,S
162,7,5,7,0,EES
162,10,2,10,0,ES
162,10,3,10,0,S
162,10,4,10,0,ESSSSE
162,10,5,10,0,S
162,12,1,12,0,ES
162,12,2,12,0,ES
162,12,3,12,0,SS
162,12,4,12,0,EES
162,12,5,12,0,S
163,1,1,1,0,EEEEEEE
163,1,2,1,0,ES
163,1,3,1,0,EEESEESSSSSEEEEEE
163,1,5,1,0,SSSS
163,3,1,3,0,EE
163,3,2,3,0,ES
163,3,3,3,0,E
163,3,4,3,0,SE
163,3,5,3,0,EEEE
163,4,1,4,0,EEESEEEEEEESSS
163,4,2,4,0,S
163,4,4,4,0,ESSSSS
163,4,5,4,0,EEESEEEEESSS
163,5,1,5,0,ESEEES
163,5,2,5,0,EEE
163,5,3,5,0,EEEEEESS
163,5,4,5,0,E
163,5,5,5,0,EESSS
163,6,1,6,0,SSS
163,6,2,6,0,EEE
163,6,3,6,0,ES
163,6,4,6,0,S
163,6,5,6,0,SEEES
163,8,1,8,0,EEESSS
163,8,2,8,0,SSE
163,8,3,8,0,ES
163,8,4,8,0,EEE
163,8,5,8,0,EESS
163,9,1,9,0,ESSS
163,9,2,9,0,S
163,9,4,9,0,S
163,9,5,9,0,ES
163,10,1,10,0,ESSSSEEESS
163,10,2,10,0,EEESS
163,10,3,10,0,EEEEEE
163,10,4,10,0,SSS
163,10,5,10,0,ES
164,2,1,2,0,E
164,2,2,2,0,ESS
164,2,3,2,0,SSES
164,2,4,2,0,E
164,2,5,2,0,EE
165,1,1,1,1,EEEEEESS
165,1,2,1,1,EEEEEESSESSEESESSSEE
165,1,3,1,1,E
165,1,4,1,1,SSSS
165,1,5,1,1,EEEESSSSS
165,3,1,3,0,EES
165,3,2,3,0,EEEEEEES
165,3,4,3,0,EEEEESEEESS
165,3,5,3,0,ESSEEESS
165,4,1,4,0,EEEESS
165,4,2,4,0,EESSSEES
165,4,3,4,0,ES
165,4,4,4,0,EEEEES
165,4,5,4,0,ESSEEESEEE
165,5,1,5,0,E
165,5,3,5,0,S
165,5,4,5,0,EESSS
165,5,5,5,0,SE
165,6,1,6,0,E
165,6,2,6,0,SSS
165,6,3,6,0,EEESSSS
165,6,4,6,0,EESEEES
165,6,5,6,0,E
166,1,1,1,0,S
166,1,2,1,0,ES
166,1,3,1,0,SS
166,1,4,1,0,S
166,1,5,1,0,SEESES
166,2,1,2,0,SSSS
166,2,2,2,0,E
166,2,3,2,0,EEE
166,2,4,2,0,SSS
166,2,5,2,0,SSSSEESS
166,3,1,3,0,EEES
166,3,2,3,0,S
166,3,3,3,0,EEESS
166,3,4,3,0,EEE
166,3,5,3,0,EEEEESSEEEEEEE
166,4,1,4,0,ESESS
166,4,2,4,0,SSEE
166,4,3,4,0,SESSESEEES
166,4,4,4,0,EE
166,4,5,4,0,SESSS
166,5,1,5,0,ESSE
166,5,2,5,0,EESS
166,5,3,5,0,ESS
166,5,4,5,0,E
166,5,5,5,0,SS
166,6,1,6,0,SS
166,6,2,6,0,ESS
166,6,3,6,0,S
166,6,4,6,0,ES
166,6,5,6,0,ESSSS
166,9,1,9,0,ESS
166,9,2,9,0,SS
166,9,3,9,0,EE
166,9,4,9,0,EEES
166,9,5,9,0,S
166,11,1,11,0,E
166,11,2,11,0,S
166,11,3,11,0,S
166,11,4,11,0,SS
166,11,5,11,0,EEESEES
166,12,1,12,0,SESE
166,12,2,12,0,EES
166,12,3,12,0,ES
166,12,4,12,0,SSE
166,12,5,12,0,EEES
167,1,1,1,0,SSSS
167,1,2,1,0,ES
167,1,3,1,0,SE
167,1,4,1,0,SEEEEES
167,1,5,1,0,SS
167,2,1,2,0,S
167,2,2,2,0,EEESS
167,2,4,2,0,ES
167,2,5,2,0,ES
167,3,1,3,0,ES
167,3,2,3,0,S
167,3,3,3,0,S
167,3,4,3,0,SS
167,3,5,3,0,S
167,5,1,5,0,ES
167,5,2,5,0,S
167,5,3,5,0,SS
167,5,4,5,0,ES
167,5,5,5,0,SS
167,6,1,6,0,S
167,6,2,6,0,E
167,6,3,6,0,S
167,6,4,6,0,EE
167,6,5,6,0,S
167,7,1,7,0,ESS
167,7,2,7,0,SE
167,7,3,7,0,S
167,7,4,7,0,S
167,9,1,9,0,SSS
167,9,2,9,0,SSEEE
167,9,3,9,0,S
167,9,4,9,0,ES
167,9,5,9,0,S
167,10,1,10,0,ES
167,10,2,10,0,S
167,10,3,10,0,S
167,10,4,10,0,ES
167,10,5,10,0,SS
167,11,1,11,0,SESSEEEESSEES
167,11,2,11,0,EE
167,11,3,11,0,ES
167,11,4,11,0,S
167,11,5,11,0,SS
167,12,1,12,0,SSES
167,12,2,12,0,SS
167,12,3,12,0,ES
167,12,4,12,0,SS
167,12,5,12,0,ESS
168,1,1,1,0,S
168,1,2,1,0,S
168,1,3,1,0,S
168,1,4,1,0,S
168,1,5,1,0,S
168,2,2,2,0,SSSSE
168,2,3,2,0,EES
168,2,4,2,0,EEESS
168,2,5,2,0,EEES
168,3,1,3,0,EES
168,3,2,3,0,ESEE
168,3,3,3,0,S
168,3,5,3,0,S
169,1,1,1,0,EEE
169,1,2,1,0,S
169,1,3,1,0,SEEE
169,1,4,1,0,SSSEEEEEES
169,2,1,2,0,S
169,2,2,2,0,EEEE
169,2,3,2,0,SES
169,2,4,2,0,EEEEEEEE
169,2,5,2,0,E
169,3,1,3,0,SSSS
169,3,2,3,0,S
169,3,3,3,0,SEEEE
169,3,4,3,0,SSS
169,3,5,3,0,SS
169,4,1,4,0,EEEEEESESS
169,4,2,4,0,EE
169,4,3,4,0,ESSEEEEEEE
169,4,4,4,0,EEEEES
169,7,1,7,0,SSSS
169,7,2,7,0,EEESSEESS
169,7,3,7,0,EEEEESEEES
169,7,4,7,0,EEEESS
169,7,5,7,0,E
169,9,1,9,0,EEEEEEEESEEES
169,9,2,9,0,S
169,9,3,9,0,EEEEEEEEESSEEEESSSSS
169,9,4,9,0,EEEEESEEEEEE
169,9,5,9,0,ESESEEEEEESESS
169,11,2,11,0,S
169,11,3,11,0,EEEEEE
169,11,4,11,0,EE
169,11,5,11,0,SES
170,1,1,1,0,S
170,1,2,1,0,SS
170,1,3,1,0,S
170,1,4,1,0,ES
170,1,5,1,0,EESSS
170,2,1,2,0,S
170,2,2,2,0,S
170,2,3,2,0,S
170,2,4,2,0,S
170,2,5,2,0,S
170,3,1,3,0,ES
170,3,2,3,0,ESESEEES
170,3,3,3,0,S
170,3,4,3,0,S
170,3,5,3,0,S
170,4,1,4,0,SEEEES
170,4,2,4,0,SS
170,4,3,4,0,EEES
170,4,4,4,0,SES
170,4,5,4,0,SSS
170,5,2,5,0,SS
170,5,3,5,0,SS
170,5,4,5,0,SSS
170,5,5,5,0,S
170,6,2,6,0,SS
170,6,3,6,0,ES
170,6,4,6,0,S
170,6,5,6,0,ES
170,7,1,7,0,S
170,7,2,7,0,SSSES
170,7,3,7,0,SS
170,7,4,7,0,ES
170,7,5,7,0,S
170,9,1,9,0,ES
170,9,2,9,0,SS
170,9,3,9,0,SS
170,9,4,9,0,SS
170,9,5,9,0,S
170,10,1,10,0,S
170,10,2,10,0,SS
170,10,3,10,0,SSS
170,10,4,10,0,S
170,10,5,10,0,S
170,11,1,11,0,SS
170,11,2,11,0,ES
170,11,3,11,0,SS
170,11,4,11,0,SS
170,11,5,11,0,S
170,12,1,12,0,ES
170,12,2,12,0,S
170,12,3,12,0,SS
170,12,4,12,0,SS
170,12,5,12,0,SSS
171,1,1,1,0,E
171,1,2,1,0,SEESS
171,1,3,1,0,SES
171,1,4,1,0,S
171,1,5,1,0,S
171,2,1,2,0,S
171,2,2,2,0,E
171,2,3,2,0,ESE
171,2,4,2,0,ESS
171,2,5,2,0,SEEES
171,3,1,3,0,S
171,3,2,3,0,ES
171,3,3,3,0,ESSSSSS
171,3,4,3,0,EEEEEEEES
171,3,5,3,0,ES
171,4,1,4,0,SEEEEEESS
171,4,2,4,0,EES
171,4,3,4,0,E
171,4,4,4,0,ES
171,4,5,4,0,SS
171,5,1,5,0,SEESS
171,5,2,5,0,ES
171,5,4,5,0,ES
171,6,1,6,0,ESS
171,6,2,6,0,S
171,6,3,6,0,S
171,6,4,6,0,S
171,6,5,6,0,S
171,7,1,7,0,EES
171,7,2,7,0,ES
171,7,3,7,0,EE
171,7,4,7,0,S
171,7,5,7,0,SEES
171,8,1,8,0,SSSSS
171,8,2,8,0,ESSS
171,8,3,8,0,ES
171,8,4,8,0,ESSEESEEESSSS
171,8,5,8,0,ES
171,9,2,9,0,EEEESS
171,9,3,9,0,SSSS
171,9,4,9,0,SSS
171,9,5,9,0,S
171,10,1,10,0,ES
171,10,2,10,0,S
171,10,3,10,0,ES
171,10,5,10,0,SSSS
171,11,1,11,0,SS
171,11,2,11,0,EES
171,11,3,11,0,S
171,11,4,11,0,EESEESSES
171,11,5,11,0,S
171,12,1,12,0,SSSS
171,12,2,12,0,SS
171,12,3,12,0,S
171,12,4,12,0,ES
171,12,5,12,0,S
172,1,1,1,0,S
172,1,3,1,0,SS
172,1,5,1,0,S
172,2,1,2,0,SESS
172,2,2,2,0,E
172,2,3,2,0,S
172,2,4,2,0,S
172,4,1,4,0,SEEE
172,4,2,4,0,SES
172,4,3,4,0,ES
172,4,4,4,0,ESS
172,4,5,4,0,ESSSEEES
172,6,1,6,0,S
172,6,2,6,0,SSSS
172,6,3,6,0,E
172,6,4,6,0,EEEESEESSES
172,6,5,6,0,EEEE
173,5,1,5,0,E
173,5,2,5,0,EEE
173,5,3,5,0,ES
173,5,4,5,0,EEESSSSSSS
173,5,5,5,0,ESSS
173,9,1,9,0,E
173,9,2,9,0,ES
173,9,3,9,0,E
173,9,4,9,0,SEE
174,2,1,2,0,ESE
174,2,2,2,0,S
174,2,3,2,0,E
174,2,4,2,0,E
174,2,5,2,0,EES
174,3,1,3,0,SSESS
174,3,2,3,0,S
174,3,3,3,0,SSEE
174,3,4,3,0,SESEE
174,3,5,3,0,SS
174,5,1,5,0,S
174,5,2,5,0,SSSSESSEEEE
174,5,3,5,0,ESS
174,5,4,5,0,ESEES
174,5,5,5,0,SS
174,6,1,6,0,E
174,6,2,6,0,E
174,6,4,6,0,SESSESS
174,6,5,6,0,SSEEESS
174,8,2,8,0,EE
174,8,4,8,0,ESS
174,8,5,8,0,ESS
175,1,1,1,0,E
175,1,2,1,0,ESEESS
175,1,3,1,0,SESEES
175,1,4,1,0,EEE
175,2,1,2,0,SSS
175,2,2,2,0,ESS
175,2,3,2,0,EESSS
175,2,4,2,0,EEEEE
175,3,1,3,0,SS
175,3,2,3,0,EESEEE
175,3,3,3,0,EEESSESS
175,3,4,3,0,S
175,3,5,3,0,ESEEESSSEES
175,4,1,4,0,S
175,4,3,4,0,EES
175,4,4,4,0,EES
175,4,5,4,0,ES
175,6,1,6,0,ESSEE
175,6,2,6,0,EEEESSEEEEEES
175,6,3,6,0,EEEEEESSES
175,6,4,6,0,EEE
175,11,1,11,0,EEEESEEE
175,11,2,11,0,EEES
175,11,3,11,0,EESSSE
175,11,4,11,0,EEESEEEEESEEES
175,11,5,11,0,EEEEEEEES
175,12,1,12,0,SSEE
175,12,2,12,0,E
175,12,3,12,0,SESSEEEESESSSSESSS
175,12,4,12,0,ESSS
175,12,5,12,0,ESEEESSS
176,1,1,1,0,SSEEES
176,1,2,1,0,EEESSSS
176,1,3,1,0,S
176,1,4,1,0,EEESEEEESSS
176,1,5,1,0,SEEEESEEEES
176,2,1,2,0,SSEEEESS
176,2,2,2,0,SS
176,2,3,2,0,EESSEEEES
176,2,4,2,0,ESSSSEEEEEEES
176,2,5,2,0,EES
176,3,2,3,0,S
176,3,3,3,0,EEEEEE
176,3,4,3,0,E
176,3,5,3,0,EEEEEEEEEEEEESE
176,4,1,4,0,E
176,4,2,4,0,ES
176,4,3,4,0,EESESSS
176,4,4,4,0,EES
176,4,5,4,0,EEEEES
176,5,1,5,0,EE
176,5,3,5,0,SSS
176,5,4,5,0,EESSSES
176,5,5,5,0,E
176,6,1,6,0,ES
176,6,2,6,0,EEEEEESEEEEE
176,6,3,6,0,SS
176,6,4,6,0,ESEEESS
176,6,5,6,0,EEESSES
176,12,1,12,0,S
176,12,2,12,0,SESESS
176,12,3,12,0,SS
176,12,4,12,0,ESSSEEEEES
176,12,5,12,0,ESS
177,2,3,2,0,EEE
177,2,4,2,0,S
177,2,5,2,0,S
177,5,1,5,0,SS
177,5,2,5,0,SESESS
177,5,3,5,0,E
177,5,4,5,0,E
177,5,5,5,0,S
177,7,1,7,0,SSSS
177,7,2,7,0,S
177,7,3,7,0,E
177,7,4,7,0,SS
177,7,5,7,0,ESS
177,10,1,10,0,ESS
177,10,2,10,0,EE
177,10,3,10,0,ESS
177,10,4,10,0,E
177,10,5,10,0,S
178,1,1,1,0,EEEEEE
178,1,2,1,0,EEEEEEEEEEEEEEEEEEEEEEEEE
178,1,3,1,0,SES
178,1,4,1,0,EEESSSESEES
178,1,5,1,0,EE
178,2,1,2,0,EEE
178,2,2,2,0,SEES
178,2,3,2,0,E
178,2,4,2,0,SEESEEEESSSS
178,2,5,2,0,ESS
178,4,1,4,0,EEEEESES
178,4,2,4,0,EEEEEEEESS
178,4,3,4,0,ESSEE
178,4,4,4,0,SEESSES
178,4,5,4,0,E
178,7,1,7,0,EE
178,7,2,7,0,SEE
178,7,3,7,0,SSESEEEEE
178,7,4,7,0,EEESS
178,7,5,7,0,S
178,10,1,10,0,SSEE
178,10,2,10,0,E
178,10,3,10,0,EESEEEEEEEE
178,10,4,10,0,S
178,10,5,10,0,EEEESEEEE
178,11,1,11,0,E
178,11,2,11,0,S
178,11,3,11,0,ESS
178,11,4,11,0,S
178,11,5,11,0,EESEESSS
179,2,1,2,0,EES
179,2,2,2,0,SEEEE
179,2,3,2,0,SS
179,2,4,2,0,S
179,2,5,2,0,SES
179,3,1,3,0,SSSSSE
179,3,2,3,0,ESS
179,3,3,3,0,ES
179,3,4,3,0,EEEES
179,3,5,3,0,EEES
179,4,1,4,0,EEESEEES
179,4,2,4,0,SESE
179,4,3,4,0,S
179,4,4,4,0,ESSS
179,4,5,4,0,S
179,5,1,5,0,EES
179,5,2,5,0,S
179,5,3,5,0,ES
179,5,4,5,0,ES
179,5,5,5,0,ESEEEEE
179,12,1,12,0,E
179,12,2,12,0,S
179,12,3,12,0,ES
179,12,5,12,0,EESS
180,1,1,1,0,ESE
180,1,2,1,0,EESSSS
180,1,3,1,0,EES
180,1,5,1,0,S
180,5,1,5,0,EEE
180,5,2,5,0,EESSS
180,5,3,5,0,SSS
180,5,4,5,0,ESSSS
180,6,1,6,0,EEEEEEEES
180,6,2,6,0,S
180,6,3,6,0,ES
180,6,4,6,0,ESSS
180,6,5,6,0,S
180,7,1,7,0,EEEEESEEEEEEE
180,7,2,7,0,EESS
180,7,3,7,0,EES
180,7,4,7,0,ES
180,7,5,7,0,EEEEEEESSESSSEEEEES
180,8,1,8,0,S
180,8,2,8,0,ESESEESS
180,8,3,8,0,S
180,8,4,8,0,SSEEEES
180,8,5,8,0,ESSS
180,10,1,10,0,ES
180,10,2,10,0,E
180,10,3,10,0,SS
180,10,4,10,0,EES
180,10,5,10,0,EES
181,1,1,1,0,SSEEEEEE
181,1,2,1,0,EEEE
181,1,3,1,0,SEES
181,1,4,1,0,EEES
181,1,5,1,0,EEES
181,2,1,2,0,SEES
181,2,2,2,0,E
181,2,3,2,0,EESSSSSS
181,2,4,2,0,SEEES
181,2,5,2,0,ESSE
181,3,1,3,0,EESEESE
181,3,2,3,0,ESEEEEEEEEEEEEEEEESSS
181,3,4,3,0,EESES
181,3,5,3,0,SEEEEESEEE
181,4,2,4,1,EEEESS
181,4,3,4,1,SSEEEES
181,4,5,4,1,EEEEEE
181,5,1,5,1,EEEEES
181,5,2,5,1,EEEESSESS
181,5,3,5,1,SEES
181,5,4,5,1,EEEESSSESESEEES
181,5,5,5,1,SEEEESE
181,6,1,6,1,E
181,6,2,6,1,SESEESSS
181,6,3,6,1,EEEEE
181,6,4,6,1,EES
181,6,5,6,1,E
181,10,1,10,1,SEESSEES
181,10,2,10,1,ESESES
181,10,3,10,1,E
181,10,4,10,1,S
181,10,5,10,1,EEEE
181,11,1,11,0,E
181,11,2,11,0,EEESSS
181,11,3,11,0,ESS
181,11,4,11,0,ESSS
182,1,1,1,0,EEEESE
182,1,2,1,0,ES
182,1,3,1,0,EEEEEEEEEEEEESSSEEEEEEEE
182,1,4,1,0,ESEE
182,1,5,1,0,S
182,2,1,2,0,EEEEEEEEEEEEEEEEEEEEE
182,2,2,2,0,EESS
182,2,3,2,0,SEEEE
182,2,4,2,0,EEEEEEEEEEEEEEE
182,2,5,2,0,EEEEEEES
182,3,1,3,0,EEEEES
182,3,2,3,0,EEEEEEEEEE
182,3,3,3,0,E
182,3,4,3,0,EEE
182,3,5,3,0,EEEE
182,4,1,4,0,EEEE
182,4,2,4,0,EE
182,4,3,4,0,EEEEESEEEEEEEEEESS
182,4,4,4,0,SEE
182,4,5,4,0,EEEEEEEEEEEEE
182,5,1,5,0,EEEE
182,5,2,5,0,EEEEE
182,5,3,5,0,SSS
182,5,5,5,0,E
182,9,1,9,0,EEEEEEESEEE
182,9,2,9,0,EEE
182,9,3,9,0,EEE
182,9,4,9,0,E
182,9,5,9,0,EEEEE
182,10,1,10,0,EEEEE
182,10,2,10,0,S
182,10,3,10,0,EEE
182,10,4,10,0,EEEE
183,1,1,1,0,SES
183,1,2,1,0,SS
183,1,3,1,0,SS
183,1,4,1,0,EE
183,1,5,1,0,EEEESS
183,2,1,2,0,S
183,2,2,2,0,ESS
183,2,3,2,0,EEEEEEEEEEES
183,2,4,2,0,E
183,2,5,2,0,SEEESS
183,3,1,3,1,EEESES
183,3,2,3,1,S
183,3,3,3,1,EEEESSSSES
183,3,4,3,1,EEEE
183,3,5,3,1,SSESSS
183,4,1,4,0,EEES
183,4,2,4,0,EEEES
183,4,3,4,0,S
183,4,4,4,0,E
183,4,5,4,0,EEESS
183,5,1,5,0,EEEE
183,5,2,5,0,E
183,5,3,5,0,S
183,5,5,5,0,EESSS
183,6,1,6,0,SS
183,6,2,6,0,SEES
183,6,3,6,0,E
183,6,4,6,0,EEESSSS
183,6,5,6,0,S
183,8,1,8,1,EEESEEEEEEEESEEE
183,8,2,8,1,EE
183,8,3,8,1,S
183,8,4,8,1,EEES
183,8,5,8,1,SS
183,9,1,9,0,S
183,9,2,9,0,S
183,9,3,9,0,EEES
183,9,4,9,0,SE
183,9,5,9,0,EEESSSEES
184,1,1,1,0,SES
184,1,2,1,0,E
184,1,3,1,0,S
184,1,4,1,0,ESEESSS
184,1,5,1,0,S
184,2,1,2,0,EESS
184,2,2,2,0,S
184,2,3,2,0,SSSSSES
184,2,4,2,0,ESSSS
184,2,5,2,0,SSS
184,3,1,3,0,EESS
184,3,2,3,0,S
184,3,3,3,0,SEEES
184,3,4,3,0,SSSES
184,3,5,3,0,SSESSS
184,4,1,4,0,ES
184,4,2,4,0,ESSS
184,4,3,4,0,ESES
184,4,4,4,0,EES
184,4,5,4,0,ES
184,5,1,5,0,SSESSE
184,5,2,5,0,SS
184,5,3,5,0,SEEEES
184,5,4,5,0,SS
184,5,5,5,0,EEEEEEE
184,6,1,6,0,ESS
184,6,2,6,0,SS
184,6,3,6,0,SS
184,6,4,6,0,SESES
184,6,5,6,0,EEESESES
184,8,1,8,0,SS
184,8,2,8,0,S
184,8,3,8,0,ES
184,8,4,8,0,S
184,8,5,8,0,S
184,9,1,9,0,ES
184,9,2,9,0,S
184,9,3,9,0,S
184,9,4,9,0,ESEESS
184,9,5,9,0,ESSSSS
184,10,1,10,0,S
184,10,2,10,0,S
184,10,3,10,0,ESEES
184,10,4,10,0,ES
184,10,5,10,0,S
184,11,1,11,0,S
184,11,2,11,0,EEEEES
184,11,3,11,0,S
184,11,4,11,0,S
184,11,5,11,0,SSS
184,12,1,12,0,S
184,12,2,12,0,EE
184,12,3,12,0,ES
184,12,4,12,0,S
184,12,5,12,0,EESS
185,1,1,1,0,EE
185,1,2,1,0,S
185,1,3,1,0,EEEEEEEEEEEEES
185,1,4,1,0,EE
185,1,5,1,0,EEEEEEE
185,2,1,2,0,EESEEESSES
185,2,2,2,0,SEEEEEEE
185,2,3,2,0,EEEEEE
185,2,4,2,0,E
185,2,5,2,0,EEESEEEE
185,3,1,3,0,SEEEESEE
185,3,2,3,0,SS
185,3,3,3,0,EEEEEEEEEEESSEESSEEESSESEE
185,3,4,3,0,EE
185,4,1,4,0,EEEEEEEEEEEEEEE
185,4,3,4,0,SSSS
185,4,4,4,0,EEEEEEESEEEEEEEEESSSESSEEESS
185,4,5,4,0,EEESS
185,5,1,5,0,EESEEEEEEEES
185,5,2,5,0,SS
185,5,3,5,0,EEESEESEE
185,5,4,5,0,EEEESEEEEEEEE
185,5,5,5,0,EEEEEEEEEEEEEEEES
185,6,1,6,0,EEE
185,6,2,6,0,EE
185,6,3,6,0,EEESEESESESSSSS
185,6,4,6,0,EEE
185,6,5,6,0,EESEES
185,10,1,10,0,ESSSESS
185,10,2,10,0,EEEEEEEE
185,10,3,10,0,EEEEEEEEEEEEESEEEEEEEEEEEEEEEE
185,10,4,10,0,S
186,1,1,1,0,SS
186,1,2,1,0,SES
186,1,3,1,0,ESESSS
186,1,4,1,0,S
186,1,5,1,0,EEESS
186,2,1,2,0,S
186,2,2,2,0,ES
186,2,3,2,0,S
186,2,4,2,0,SEEES
186,3,1,3,0,ES
186,3,2,3,0,EEEES
186,3,3,3,0,ES
186,3,4,3,0,S
186,3,5,3,0,S
186,4,1,4,0,S
186,4,2,4,0,S
186,4,3,4,0,EEEESS
186,4,4,4,0,SSEEESES
186,4,5,4,0,EEESS
186,5,1,5,0,S
186,5,2,5,0,EEESS
186,5,3,5,0,S
186,5,4,5,0,S
186,5,5,5,0,ESS
186,6,2,6,0,S
186,6,3,6,0,ES
186,6,4,6,0,ESES
186,6,5,6,0,SSSEEEEESEEES
186,7,1,7,0,EES
186,7,2,7,0,ES
186,7,3,7,0,EES
186,7,4,7,0,SSSSS
186,7,5,7,0,EEES
186,8,1,8,0,S
186,8,2,8,0,ES
186,8,3,8,0,SSS
186,8,4,8,0,S
186,8,5,8,0,S
186,9,1,9,0,S
186,9,2,9,0,ES
186,9,3,9,0,SSS
186,9,4,9,0,ESEES
186,9,5,9,0,ESES
186,10,1,10,0,E
186,10,2,10,0,S
186,10,3,10,0,EEEEEEEEEEES
186,10,4,10,0,SES
186,10,5,10,0,SS
186,12,1,12,0,ESS
186,12,2,12,0,ESSS
186,12,4,12,0,S
186,12,5,12,0,S
187,2,1,2,1,ESEE
187,2,2,2,1,EEE
187,2,3,2,1,E
187,2,4,2,1,SEEEEE
187,2,5,2,1,EEES
187,3,1,3,1,E
187,3,2,3,1,EE
187,3,3,3,1,S
187,3,4,3,1,EEE
187,3,5,3,1,EE
187,4,1,4,0,ES
187,4,2,4,0,SSS
187,4,3,4,0,E
187,4,4,4,0,S
187,4,5,4,0,EES
187,9,1,9,0,SS
187,9,2,9,0,ESS
187,9,3,9,0,S
187,9,4,9,0,ESSS
188,1,1,1,0,ESSSS
188,1,3,1,0,EE
188,1,4,1,0,SSSESS
188,1,5,1,0,S
188,2,1,2,0,S
188,2,2,2,0,ESSSEES
188,2,3,2,0,ESES
188,2,4,2,0,S
188,2,5,2,0,S
188,3,1,3,0,ES
188,3,2,3,0,SSSS
188,3,3,3,0,S
188,3,4,3,0,ES
188,3,5,3,0,ESSSS
188,4,1,4,0,S
188,4,2,4,0,S
188,4,3,4,0,EESES
188,4,4,4,0,ESSS
188,4,5,4,0,SS
188,5,1,5,0,SS
188,5,2,5,0,S
188,5,3,5,0,SSS
188,5,4,5,0,S
188,5,5,5,0,EEEES
188,6,1,6,0,SSS
188,6,2,6,0,EEEES
188,6,3,6,0,ESSSS
188,6,5,6,0,S
188,7,1,7,0,SS
188,7,2,7,0,ESS
188,7,3,7,0,S
188,7,4,7,0,E
188,8,1,8,0,SS
188,8,2,8,0,EE
188,8,3,8,0,S
188,8,4,8,0,SESEES
188,8,5,8,0,SS
188,9,1,9,0,SSS
188,9,2,9,0,S
188,9,3,9,0,S
188,9,4,9,0,EESSSS
188,9,5,9,0,S
188,11,1,11,0,SESSEEES
188,11,2,11,0,S
188,11,3,11,0,SS
188,11,5,11,0,EES
188,12,1,12,0,S
188,12,2,12,0,SES
188,12,3,12,0,SS
188,12,4,12,0,ESEE
188,12,5,12,0,ES
189,1,1,1,1,S
189,1,2,1,1,S
189,1,3,1,1,SS
189,1,4,1,1,SSSSEEESSS
189,1,5,1,1,ES
189,2,2,2,0,SSE
189,2,3,2,0,S
189,2,4,2,0,SS
189,2,5,2,0,S
189,3,1,3,0,S
189,3,2,3,0,S
189,3,3,3,0,EEEEEE
189,3,4,3,0,S
189,3,5,3,0,S
189,4,1,4,1,S
189,4,2,4,1,ES
189,4,3,4,1,SEEEESSEES
189,4,5,4,1,ESSS
189,5,1,5,0,ES
189,5,2,5,0,SS
189,5,3,5,0,EESS
189,5,4,5,0,SESS
189,5,5,5,0,SS
189,6,1,6,1,E
189,6,2,6,1,EEES
189,6,3,6,1,S
189,6,4,6,1,S
189,6,5,6,1,S
189,7,1,7,0,S
189,7,2,7,0,ESS
189,7,3,7,0,EES
189,7,4,7,0,SS
189,7,5,7,0,EEEESESSEEES
189,9,1,9,1,S
189,9,2,9,1,S
189,9,3,9,1,SS
189,9,4,9,1,S
189,9,5,9,1,S
189,10,1,10,1,SSS
189,10,2,10,1,ESSSEESES
189,10,3,10,1,SSSES
189,10,4,10,1,EEESS
189,10,5,10,1,SS
189,11,1,11,0,ESESSS
189,11,2,11,0,EEES
189,11,3,11,0,S
189,11,4,11,0,ESSS
189,11,5,11,0,ESS
189,12,2,12,0,SEEES
189,12,3,12,0,EEEE
189,12,4,12,0,EES
189,12,5,12,0,ESSS
190,1,1,1,0,ES
190,1,2,1,0,EESSSEEESEEEEESS
190,1,3,1,0,EEEESS
190,1,4,1,0,EEEEES
190,1,5,1,0,EEEE
190,3,1,3,1,SEEES
190,3,2,3,1,S
190,3,3,3,1,EEEEESSSSS
190,3,4,3,1,EEEEEESEESEEEEEEEEEESSSES
190,3,5,3,1,EEEEEE
190,4,1,4,0,S
190,4,2,4,0,EEEEEEEEEEEES
190,4,3,4,0,EEESS
190,4,4,4,0,EEESS
190,4,5,4,0,ESSES
190,5,1,5,1,EEEEEE
190,5,2,5,1,ES
190,5,4,5,1,EEEEEEESEEESESSS
190,5,5,5,1,SS
190,6,1,6,0,ESS
190,6,2,6,0,EES
190,6,3,6,0,EESSS
190,6,4,6,0,SS
190,6,5,6,0,ESSEEEEEEEEEEEEEEEEEEES
190,7,1,7,1,S
190,7,2,7,1,EEEEEEEEEEEE
190,7,3,7,1,EEESEE
190,7,4,7,1,SS
190,7,5,7,1,EEEEEEEEEESSSEEEEEEEEEEEEEEEEE
190,10,1,10,1,ESSSSSEEEESSSS
190,10,2,10,1,EEEEESS
190,10,3,10,1,EESSEEEEEEEEESS
190,10,4,10,1,SS
190,12,1,12,1,ES
190,12,2,12,1,ESEEEEEEES
190,12,3,12,1,EEEEESSEEEEESEESS
190,12,4,12,1,ESEEEEEEEEEEESEESSEEEEEEEEEEEE
190,12,5,12,1,EEEE
191,1,1,1,0,S
191,1,3,1,0,ES
191,1,4,1,0,S
191,1,5,1,0,EEEEES
191,2,2,2,0,ES
191,2,3,2,0,ES
191,2,4,2,0,S
191,2,5,2,0,E
191,3,1,3,0,S
191,3,2,3,0,SS
191,3,3,3,0,EE
191,3,4,3,0,S
191,3,5,3,0,EES
191,4,1,4,0,ESS
191,4,2,4,0,ESSEESS
191,4,3,4,0,E
191,4,4,4,0,ES
191,4,5,4,0,EESS
191,5,2,5,0,ES
191,5,3,5,0,S
191,5,4,5,0,S
191,5,5,5,0,SSSS
191,6,1,6,0,SS
191,6,2,6,0,ESS
191,6,3,6,0,SS
191,6,4,6,0,S
191,6,5,6,0,EEES
191,7,1,7,0,SSS
191,7,2,7,0,S
191,7,3,7,0,ESSSSSSSSS
191,7,4,7,0,EEESSS
191,7,5,7,0,SEES
191,9,1,9,0,ES
191,9,2,9,0,E
191,9,3,9,0,ES
191,9,4,9,0,ES
191,9,5,9,0,EEEEESES
191,10,2,10,0,S
191,10,3,10,0,SS
191,10,4,10,0,SS
191,10,5,10,0,ES
192,2,1,2,0,EE
192,2,2,2,0,SSSEEEEEEEEEESES
192,2,3,2,0,S
192,2,4,2,0,EEE
192,2,5,2,0,S
192,3,1,3,0,EEEEE
192,3,2,3,0,EEESESSSEEEEEE
192,3,3,3,0,SESEEE
192,3,4,3,0,EEEE
192,3,5,3,0,S
192,4,1,4,0,E
192,4,2,4,0,EEEEEEEEEEEE
192,4,3,4,0,EEEEESSSSEEEEESEEEEEEEEEEEEE
192,4,5,4,0,EEEEEEESS
192,5,1,5,0,EEE
192,5,2,5,0,ES
192,5,3,5,0,SS
192,5,4,5,0,ESEEEEEEE
192,6,1,6,0,EE
192,6,3,6,0,EEEEEEE
192,6,4,6,0,EE
192,7,2,7,0,EESSEEEEEEE
192,7,3,7,0,EEEE
192,7,4,7,0,EEEEEEEEEEEE
192,7,5,7,0,EE
192,8,1,8,0,EESSSEEESSS
192,8,2,8,0,EEEESE
192,8,3,8,0,SEE
192,8,4,8,0,EEEEEEEE
192,8,5,8,0,EEEEEEEEEEEEEEEEEE
192,9,1,9,0,SSEEEEEEEEE
192,9,3,9,0,E
192,9,4,9,0,EEEEEEE
192,9,5,9,0,SE
193,1,2,1,0,S
193,1,3,1,0,SSEEEEEEEEEESEEE
193,1,4,1,0,ESEE
193,1,5,1,0,E
193,2,1,2,1,ES
193,2,2,2,1,E
193,2,3,2,1,SS
193,2,4,2,1,EES
193,2,5,2,1,S
193,3,1,3,1,E
193,3,2,3,1,EEEESEE
193,3,3,3,1,EE
193,3,4,3,1,E
193,4,1,4,1,ESSS
193,4,2,4,1,EEEEEEE
193,4,3,4,1,SSS
193,4,4,4,1,EESEESEEEES
193,4,5,4,1,E
193,6,1,6,0,EE
193,6,2,6,0,SS
193,6,3,6,0,ES
194,1,1,1,0,ESEEEEES
194,1,2,1,0,ESSS
194,1,3,1,0,ES
194,1,4,1,0,S
194,1,5,1,0,ES
194,2,1,2,0,SEES
194,2,2,2,0,SSS
194,2,4,2,0,SS
194,2,5,2,0,ESSEESESEESEEES
194,3,1,3,0,E
194,3,2,3,0,ESSESS
194,3,3,3,0,SEEEEES
194,3,4,3,0,S
194,4,1,4,0,SEEESSS
194,4,2,4,0,S
194,4,3,4,0,EESS
194,4,4,4,0,SEEEESSSSEEES
194,4,5,4,0,S
194,5,1,5,0,SESSEEEEEEEEES
194,5,2,5,0,EEEESSSS
194,5,3,5,0,EEEEEES
194,5,4,5,0,EES
194,5,5,5,0,SS
194,6,1,6,0,EEEEESS
194,6,2,6,0,ESEESEES
194,6,3,6,0,ES
194,6,4,6,0,ES
194,6,5,6,0,SS
194,7,1,7,0,ESSESSS
194,7,2,7,0,ESEES
194,7,3,7,0,ESEESS
194,7,4,7,0,S
194,7,5,7,0,EEEESS
194,8,1,8,0,S
194,8,2,8,0,SSSS
194,8,3,8,0,SS
194,8,4,8,0,EEEESS
194,8,5,8,0,SESSEEEEES
194,10,1,10,0,SSS
194,10,2,10,0,EEEEEEE
194,10,3,10,0,EES
194,10,4,10,0,ES
194,10,5,10,0,EESESSSSEEEEESEES
194,11,1,11,0,ESS
194,11,2,11,0,EESSEEEESSSS
194,11,3,11,0,ESSSES
194,11,4,11,0,S
194,11,5,11,0,EEEES
194,12,1,12,0,S
194,12,2,12,0,SSSS
194,12,3,12,0,EEEESES
194,12,4,12,0,S
194,12,5,12,0,EES
195,1,1,1,1,ESES
195,1,2,1,1,S
195,1,3,1,1,S
195,1,4,1,1,SS
195,1,5,1,1,ESS
195,2,1,2,1,ES
195,2,2,2,1,S
195,2,3,2,1,S
195,2,4,2,1,S
195,2,5,2,1,ES
195,3,1,3,1,S
195,3,2,3,1,S
195,3,3,3,1,SS
195,3,4,3,1,ES
195,3,5,3,1,S
195,4,1,4,1,S
195,4,2,4,1,ES
195,4,4,4,1,S
195,4,5,4,1,S
195,5,1,5,0,ESS
195,5,2,5,0,ESES
195,5,3,5,0,EEESSES
195,5,4,5,0,SEES
195,5,5,5,0,S
195,6,1,6,0,S
195,6,2,6,0,ES
195,6,3,6,0,S
195,6,4,6,0,S
195,6,5,6,0,SES
195,7,1,7,0,S
195,7,2,7,0,S
195,7,4,7,0,EES
195,7,5,7,0,S
195,8,1,8,1,S
195,8,2,8,1,S
195,8,3,8,1,S
195,8,5,8,1,ESEESS
195,9,2,9,0,EEEES
195,9,3,9,0,S
195,9,4,9,0,SS
195,9,5,9,0,ES
195,10,1,10,0,SESS
195,10,2,10,0,S
195,10,3,10,0,S
195,10,5,10,0,EESS
195,11,1,11,1,S
195,11,2,11,1,S
195,11,3,11,1,SS
195,11,4,11,1,S
195,12,2,12,0,S
195,12,3,12,0,S
195,12,4,12,0,S
195,12,5,12,0,ESS
196,1,2,1,0,EEEEEEEEEESEEEEEEESEESEESEES
196,1,3,1,0,ESEEEEESEEEEEEEEEEEEEEE
196,1,5,1,0,EEEEEEEEEEEEEEEEEEEEEEEEESS
196,2,1,2,0,ESEEEEEEEEEEEES
196,2,2,2,0,EEEEEEEEEEEE
196,2,3,2,0,EEEEEEESESEEEEEEEEESEEEEEEEEEE
196,2,4,2,0,EEEESSEE
196,2,5,2,0,EEEEEEEEEEEEEEEEESEEEEEES
196,3,1,3,0,EEESEEEEESS
196,3,2,3,0,EEEEEESEE
196,3,3,3,0,EEEEEESSSS
196,3,4,3,0,EEEEEEEEEEEEEEEEEESSEEEES
196,3,5,3,0,SS
196,4,1,4,0,EEEEEEESS
196,4,2,4,0,EEEEEEEEE
196,4,3,4,0,EEEESEEEEESEEESEEEEEEEEEEEEESS
196,4,4,4,0,EEEEEEEEEEEEESSSSEESSSSEEEEEEE
196,4,5,4,0,EEEEEEEEEEEEESSSEEEESEEEEEEEE
196,5,1,5,0,EEEEEEEEEEEES
196,5,2,5,0,EEEESSSS
196,5,3,5,0,EEEEESEEEEEEEESS
196,5,4,5,0,EEEEESEEEEE
196,5,5,5,0,EESEEEEEESSS
196,6,1,6,0,EEE
196,6,2,6,0,SEEEEEEEESS
196,6,3,6,0,EEEEE
196,6,4,6,0,EEEESS
196,6,5,6,0,EESEEEEEEEEEEEEESEEESEEEEEEEEE
197,1,1,1,0,SSS
197,1,2,1,0,ES
197,1,3,1,0,SS
197,1,4,1,0,S
197,1,5,1,0,S
197,2,1,2,0,S
197,2,2,2,0,E
197,2,3,2,0,SS
197,2,4,2,0,SEE
197,2,5,2,0,S
197,3,1,3,0,SS
197,3,2,3,0,E
197,3,3,3,0,EE
197,3,4,3,0,SSESSE
197,3,5,3,0,EE
197,5,2,5,0,ES
197,5,3,5,0,SE
197,5,4,5,0,SS
197,5,5,5,0,ESSEEESSSS
197,10,1,10,0,SS
197,10,2,10,0,ESSEE
197,10,3,10,0,EE
197,10,4,10,0,E
197,10,5,10,0,E
197,11,2,11,0,SSEESESS
197,11,3,11,0,SSES
197,11,4,11,0,E
197,11,5,11,0,ESE
198,1,1,1,0,E
198,1,2,1,0,SS
198,1,4,1,0,E
198,1,5,1,0,S
198,2,1,2,1,SS
198,2,2,2,1,EEEE
198,2,3,2,1,E
198,2,4,2,1,ES
198,2,5,2,1,EES
198,3,1,3,0,EEE
198,3,2,3,0,SE
198,3,3,3,0,EEE
198,3,4,3,0,SES
198,4,1,4,0,EESSSSSS
198,4,2,4,0,S
198,4,3,4,0,E
198,4,4,4,0,S
198,4,5,4,0,ES
198,5,1,5,0,S
198,5,2,5,0,SEESES
198,5,3,5,0,S
198,6,1,6,1,ES
198,6,2,6,1,S
198,6,4,6,1,ES
198,6,5,6,1,ESS
198,7,1,7,1,S
198,7,2,7,1,E
198,7,3,7,1,S
198,7,4,7,1,EE
198,7,5,7,1,E
198,8,1,8,1,ESSS
198,8,2,8,1,EESS
198,8,3,8,1,S
198,8,4,8,1,SS
198,8,5,8,1,SS
198,11,1,11,1,SEEE
198,11,2,11,1,SS
198,11,3,11,1,SSS
198,11,4,11,1,EEEEES
199,1,1,1,0,E
199,1,2,1,0,S
199,1,3,1,0,EESEEESS
199,1,4,1,0,ESE
199,1,5,1,0,SS
199,2,1,2,0,EEEESS
199,2,2,2,0,S
199,2,3,2,0,EEEES
199,2,4,2,0,EEEEESESEESESEEEEEEEEEEEEEEE
199,2,5,2,0,EE
199,4,1,4,0,EEEEES
199,4,2,4,0,EE
199,4,3,4,0,EESES
199,4,4,4,0,EEE
199,4,5,4,0,EESEEES
199,5,1,5,0,SSEEES
199,5,2,5,0,ESSSSSSSSSSS
199,5,3,5,0,EEESSSEEES
199,5,4,5,0,ESE
199,5,5,5,0,EEESEEEEESSEEEES
199,6,1,6,0,EESSEEEESS
199,6,2,6,0,ESEES
199,6,3,6,0,EESEEEE
199,6,4,6,0,EESEESSES
199,6,5,6,0,EE
199,7,1,7,0,EES
199,7,2,7,0,SEEES
199,7,3,7,0,ESSEE
199,7,4,7,0,EES
199,7,5,7,0,SSSSS
199,8,1,8,0,EEES
199,8,2,8,0,SEES
199,8,3,8,0,EEE
199,8,4,8,0,EEEEEEEEEEEEEESSSSSSSSESES
199,8,5,8,0,EEEESEESSSEEESSSEEE
199,11,1,11,0,EEEEEEE
199,11,2,11,0,S
199,11,3,11,0,EEEEEEEE
199,11,4,11,0,EEE
199,11,5,11,0,EE
199,12,1,12,0,S
199,12,2,12,0,SES
199,12,3,12,0,SEES
199,12,4,12,0,S
199,12,5,12,0,EEESEEESSSSSEES
200,2,1,2,0,EEEEEEEEE
200,2,2,2,0,ESSS
200,2,3,2,0,SSE
200,2,4,2,0,E
200,3,1,3,0,EEESES
200,3,2,3,0,EESSSSEEE
200,3,3,3,0,EEE
200,3,4,3,0,SEEEEESSSEE
200,3,5,3,0,E
200,5,1,5,0,E
200,5,2,5,0,S
200,5,3,5,0,EEEEEEEEEEEESS
200,5,4,5,0,S
200,5,5,5,0,SSSSSSS
201,1,1,1,0,SES
201,1,2,1,0,S
201,1,3,1,0,EE
201,1,4,1,0,ESS
201,2,2,2,0,SS
201,2,3,2,0,SEE
201,2,4,2,0,E
201,2,5,2,0,S
201,3,1,3,0,S
201,3,2,3,0,EES
201,3,4,3,0,SSSS
201,3,5,3,0,SES
201,4,1,4,0,S
201,4,2,4,0,SESS
201,4,3,4,0,SS
201,4,4,4,0,S
201,4,5,4,0,ES
201,6,1,6,0,E
201,6,2,6,0,S
201,6,3,6,0,ES
201,6,4,6,0,E
201,6,5,6,0,SSS
201,11,1,11,0,EES
201,11,2,11,0,EES
201,11,3,11,0,S
201,11,4,11,0,EEE
201,11,5,11,0,SSS
201,12,1,12,0,ES
201,12,2,12,0,SS
201,12,3,12,0,SSESS
201,12,4,12,0,S
202,1,1,1,0,SSSS
202,1,2,1,0,S
202,1,3,1,0,S
202,1,4,1,0,E
202,1,5,1,0,ESSSS
202,2,1,2,0,E
202,2,3,2,0,SSS
202,2,4,2,0,ES
202,2,5,2,0,ESS
202,8,1,8,0,SS
202,8,2,8,0,ES
202,8,3,8,0,S
202,8,4,8,0,EESS
202,8,5,8,0,EESES
202,9,1,9,0,ES
202,9,2,9,0,SS
202,9,3,9,0,SSS
202,9,4,9,0,EEES
202,9,5,9,0,S
203,2,1,2,0,SS
203,2,2,2,0,S
203,2,3,2,0,S
203,2,4,2,0,S
203,2,5,2,0,ESS
203,3,1,3,0,S
203,3,3,3,0,S
203,3,4,3,0,S
203,3,5,3,0,EES
203,4,1,4,0,S
203,4,2,4,0,E
203,4,3,4,0,S
203,4,4,4,0,S
203,4,5,4,0,S
203,5,1,5,0,S
203,5,2,5,0,ES
203,5,3,5,0,ESSS
203,5,4,5,0,S
203,5,5,5,0,SS
203,6,1,6,0,ESSS
203,6,2,6,0,S
203,6,3,6,0,S
203,6,4,6,0,S
203,6,5,6,0,S
203,7,1,7,0,S
203,7,2,7,0,S
203,7,3,7,0,S
203,7,4,7,0,ES
203,7,5,7,0,S
204,1,1,1,0,EESEEES
204,1,2,1,0,EE
204,1,3,1,0,EEEEEEESSS
204,1,4,1,0,ES
204,1,5,1,0,ES
204,2,1,2,0,ES
204,2,2,2,0,ESEEE
204,2,3,2,0,ES
204,2,4,2,0,SSS
204,2,5,2,0,EEEEESSS
204,3,1,3,0,EEESEEE
204,3,2,3,0,S
204,3,3,3,0,S
204,3,4,3,0,SSSSS
204,3,5,3,0,EEESSSEEESSESS
204,4,1,4,0,EEEES
204,4,2,4,0,E
204,4,3,4,0,EEEESEESEE
204,4,5,4,0,EES
204,5,1,5,0,ESES
204,5,2,5,0,SEEESSSEEEEESSS
204,5,3,5,0,SS
204,5,4,5,0,SSESES
204,5,5,5,0,EEEEEEEEEEEEEEES
204,6,1,6,0,SEEEES
204,6,2,6,0,EEEESSEES
204,6,3,6,0,S
204,6,4,6,0,EESSSEEEEEEEEESESSEEES
204,6,5,6,0,ES
204,8,1,8,0,S
204,8,2,8,0,SS
204,8,3,8,0,E
204,8,4,8,0,SEEEES
204,8,5,8,0,ES
205,1,1,1,0,EESES
205,1,2,1,0,S
205,1,3,1,0,EEEEESEEEEEEEE
205,1,4,1,0,SEEEESEEEEEE
205,1,5,1,0,SEES
205,3,1,3,0,EESS
205,3,2,3,0,SE
205,3,3,3,0,E
205,3,5,3,0,E
205,4,1,4,0,E
205,4,2,4,0,ESSEE
205,4,3,4,0,EE
205,4,4,4,0,EE
205,4,5,4,0,SSEEEEEEE
205,5,1,5,0,ESSS
205,5,2,5,0,EE
205,5,3,5,0,ES
205,5,4,5,0,S
205,5,5,5,0,SSS
205,7,1,7,0,S
205,7,2,7,0,ES
205,7,3,7,0,EEE
205,7,4,7,0,EEEEEEEEESS
205,7,5,7,0,SEE
205,9,1,9,0,ES
205,9,2,9,0,EEEES
205,9,3,9,0,E
205,9,4,9,0,SSS
205,9,5,9,0,EEE
206,1,1,1,0,ESS
206,1,2,1,0,ES
206,1,3,1,0,SS
206,1,4,1,0,ES
206,1,5,1,0,SS
206,2,1,2,0,S
206,2,2,2,0,S
206,2,4,2,0,S
206,2,5,2,0,S
206,3,1,3,0,S
206,3,2,3,0,ES
206,3,3,3,0,ES
206,3,4,3,0,S
206,3,5,3,0,ES
206,4,1,4,0,SS
206,4,2,4,0,S
206,4,3,4,0,S
206,4,5,4,0,SSS
206,5,1,5,0,S
206,5,2,5,0,ES
206,5,3,5,0,ES
206,5,4,5,0,SSS
206,5,5,5,0,ES
206,6,1,6,0,S
206,6,3,6,0,SS
206,6,4,6,0,S
206,6,5,6,0,S
206,7,1,7,0,ES
206,7,2,7,0,SS
206,7,3,7,0,EES
206,7,4,7,0,S
206,7,5,7,0,S
206,8,1,8,0,SS
206,8,2,8,0,S
206,8,4,8,0,ES
206,8,5,8,0,EES
206,9,1,9,0,S
206,9,2,9,0,SSS
206,9,3,9,0,S
206,9,4,9,0,S
206,9,5,9,0,ES
206,10,1,10,0,ES
206,10,2,10,0,S
206,10,3,10,0,S
206,10,4,10,0,SESSS
206,10,5,10,0,S
206,12,1,12,0,S
206,12,2,12,0,S
206,12,3,12,0,S
206,12,4,12,0,S
206,12,5,12,0,S
207,1,1,1,0,EEESSS
207,1,2,1,0,S
207,1,3,1,0,SSSEES
207,1,4,1,0,EEEEES
207,1,5,1,0,E
207,2,1,2,0,SSS
207,2,2,2,0,ESES
207,2,3,2,0,SS
207,2,4,2,0,ES
207,2,5,2,0,ESSS
207,3,1,3,0,S
207,3,2,3,0,SSSESS
207,3,4,3,0,EEEEESSS
207,3,5,3,0,S
207,4,1,4,0,SEEEES
207,4,2,4,0,S
207,4,3,4,0,S
207,4,4,4,0,EES
207,4,5,4,0,ES
207,5,1,5,0,SSSESSSEEES
207,5,2,5,0,ESESS
207,5,3,5,0,ES
207,5,4,5,0,ES
207,5,5,5,0,ESSESSE
207,6,1,6,0,SS
207,6,2,6,0,EEES
207,6,3,6,0,SSEEES
207,6,4,6,0,EES
207,6,5,6,0,ES
207,7,1,7,0,S
207,7,3,7,0,SS
207,7,4,7,0,EEEEEESESSSSSESEEEESSSSS
207,7,5,7,0,S
207,8,1,8,0,SSSSS
207,8,2,8,0,S
207,8,3,8,0,SS
207,8,4,8,0,E
207,8,5,8,0,EEEEEEES
207,9,1,9,0,EEEESES
207,9,3,9,0,EEEESSEESSEEEEES
207,9,5,9,0,S
207,10,1,10,0,SS
207,10,2,10,0,SS
207,10,3,10,0,SS
207,10,4,10,0,EEEEES
207,10,5,10,0,EES
207,12,1,12,0,E
207,12,2,12,0,ESES
207,12,3,12,0,ES
207,12,4,12,0,SEEES
207,12,5,12,0,EESSSS
208,1,1,1,0,S
208,1,2,1,0,S
208,1,3,1,0,ESS
208,1,4,1,0,E
208,1,5,1,0,S
208,2,1,2,0,ES
208,2,2,2,0,S
208,2,3,2,0,SSEES
208,2,4,2,0,ES
208,2,5,2,0,EES
208,4,1,4,0,S
208,4,2,4,0,S
208,4,3,4,0,S
208,4,4,4,0,S
208,4,5,4,0,ES
208,5,2,5,0,S
208,5,3,5,0,SEE
208,5,4,5,0,ES
208,5,5,5,0,S
208,6,1,6,0,E
208,6,3,6,0,E
208,6,4,6,0,ESSES
208,6,5,6,0,S
208,8,1,8,0,SSESSSS
208,8,2,8,0,EES
208,8,3,8,0,ESSS
208,8,4,8,0,ESES
208,8,5,8,0,EESEEES
208,9,1,9,0,S
208,9,2,9,0,SS
208,9,3,9,0,EESSSEESES
208,9,4,9,0,S
208,9,5,9,0,S
208,10,1,10,0,S
208,10,2,10,0,SS
208,10,3,10,0,S
208,10,4,10,0,ES
208,10,5,10,0,ES
208,11,1,11,0,ESESS
208,11,2,11,0,S
208,11,3,11,0,ESSEESS
208,11,5,11,0,SS
209,1,1,1,0,EEESES
209,1,2,1,0,SS
209,1,3,1,0,ES
209,1,4,1,0,ESS
209,1,5,1,0,E
209,2,1,2,0,EES
209,2,2,2,0,S
209,2,3,2,0,S
209,2,4,2,0,SS
209,2,5,2,0,SS
209,4,1,4,0,E
209,4,2,4,0,EEEE
209,4,3,4,0,SSSS
209,4,4,4,0,SE
209,4,5,4,0,S
209,5,1,5,0,S
209,5,2,5,0,E
209,5,3,5,0,S
209,5,4,5,0,SES
209,5,5,5,0,SS
209,7,1,7,0,S
209,7,2,7,0,SES
209,7,3,7,0,S
209,7,4,7,0,SS
209,7,5,7,0,E
210,1,1,1,0,SES
210,1,2,1,0,ESSES
210,1,3,1,0,ESEEES
210,1,4,1,0,ES
210,1,5,1,0,ESESEEEEESSS
210,2,1,2,0,EEEEEE
210,2,2,2,0,EEEESSS
210,2,3,2,0,SS
210,2,4,2,0,ESS
210,2,5,2,0,EEESSSSSSSSEEEEEEESEEEEESSS
210,3,1,3,0,EES
210,3,2,3,0,EEEEEEE
210,3,3,3,0,SS
210,3,4,3,0,ESE
210,3,5,3,0,EEEES
210,5,1,5,0,EES
210,5,2,5,0,EESS
210,5,3,5,0,E
210,5,4,5,0,EEEES
210,5,5,5,0,EE
210,6,1,6,0,SS
210,6,2,6,0,S
210,6,3,6,0,EEEEEEEEEE
210,6,4,6,0,SES
210,6,5,6,0,E
210,7,2,7,0,EEEEEES
210,7,3,7,0,ESES
210,7,4,7,0,EEEESEEEEEEEEES
210,7,5,7,0,SES
210,9,1,9,0,SEEEEEEESS
210,9,2,9,0,ESSEEEEEESEEEESSS
210,9,4,9,0,SSS
210,9,5,9,0,S
210,10,1,10,0,ES
210,10,3,10,0,EESSSEEEESSEESS
210,10,4,10,0,EEEEEEEEESSS
210,10,5,10,0,EEEESS
210,11,1,11,0,SS
210,11,2,11,0,SES
210,11,3,11,0,S
210,11,4,11,0,EESSSS
210,11,5,11,0,E
210,12,1,12,0,ESS
210,12,2,12,0,EES
210,12,3,12,0,EEEEE
210,12,4,12,0,SEEEEEEES
210,12,5,12,0,ESEEEEEES
211,1,1,1,0,S
211,1,2,1,0,ES
211,1,3,1,0,EEES
211,1,5,1,0,EEEE
211,2,2,2,0,ES
211,2,3,2,0,S
211,2,4,2,0,S
211,2,5,2,0,EES
211,3,1,3,1,SS
211,3,2,3,1,ES
211,3,3,3,1,ESSS
211,3,4,3,1,SSSESE
211,3,5,3,1,SS
211,4,1,4,0,EES
211,4,2,4,0,ESS
211,4,3,4,0,SS
211,4,4,4,0,SSSS
211,4,5,4,0,SS
211,5,1,5,0,S
211,5,2,5,0,ES
211,5,3,5,0,E
211,5,4,5,0,EE
211,5,5,5,0,S
211,6,1,6,0,S
211,6,2,6,0,S
211,6,3,6,0,SEEEES
211,6,4,6,0,ESS
211,6,5,6,0,S
211,8,1,8,0,SS
211,8,2,8,0,S
211,8,3,8,0,SSSS
211,8,4,8,0,ES
211,8,5,8,0,ES
211,9,1,9,1,S
211,9,2,9,1,SSS
211,9,3,9,1,SS
211,9,4,9,1,S
211,9,5,9,1,EEES
211,10,1,10,1,ES
211,10,2,10,1,ES
211,10,3,10,1,ES
211,10,4,10,1,SESSS
211,10,5,10,1,ES
211,11,1,11,0,S
211,11,2,11,0,SSSS
211,11,3,11,0,SSS
211,11,4,11,0,S
211,11,5,11,0,ESESSS
211,12,1,12,1,SS
211,12,2,12,1,SSSS
211,12,3,12,1,ESES
211,12,4,12,1,SS
211,12,5,12,1,SSSS
212,1,1,1,0,SSEESSSEESSE
212,1,2,1,0,EEEEEESEEEEEESSEEEE
212,1,3,1,0,ESEEEEES
212,1,4,1,0,SEEEEES
212,1,5,1,0,SS
212,2,1,2,0,S
212,2,3,2,0,EEEEEEEEEEE
212,2,4,2,0,EESSEESSSEEEEEEESSSSEEES
212,2,5,2,0,EEEEEEEEESSS
212,3,1,3,0,SSSEEEEEEE
212,3,2,3,0,EEES
212,3,3,3,0,ESS
212,3,4,3,0,EEEE
212,4,1,4,0,S
212,4,2,4,0,EEEESSSEEEEEEEEE
212,4,3,4,0,ES
212,4,4,4,0,ESSS
212,4,5,4,0,EEEEEEEEES
212,5,1,5,0,SSEE
212,5,2,5,0,EEEEEEEEEEEEE
212,5,3,5,0,S
212,5,4,5,0,EEEEEEEEEEEESSSEES
212,5,5,5,0,EEEEEES
212,6,1,6,0,E
212,6,2,6,0,SS
212,6,3,6,0,EEEEESEEEE
212,6,4,6,0,EEEEESESSEE
212,6,5,6,0,ESSSS
212,7,2,7,0,SSSS
212,7,4,7,0,SSEE
212,7,5,7,0,SEEEEESESSSSEEEEEEEES
212,10,1,10,0,EEEEEEESSSESEEEEES
212,10,2,10,0,EESEES
212,10,4,10,0,ESESSSESEEEEESESEEEEE
212,10,5,10,0,EEEEEESEEEEEEEEE
212,11,1,11,0,SS
212,11,2,11,0,EEEEEEEEEEE
212,11,3,11,0,EEESEEEEES
212,11,4,11,0,EEEESS
212,12,1,12,0,EEEEEEEESEEEEEESEESEEESS
212,12,2,12,0,SSEEEEEESEEEES
212,12,3,12,0,S
212,12,4,12,0,EEEEEEESSEEEEEEEEEEESS
212,12,5,12,0,EEEESEEEEEESEEEEESEEEEE
213,1,2,1,0,EEEEESSESEEEESS
213,1,3,1,0,EEE
213,1,5,1,0,EEEEE
213,2,1,2,0,EEE
213,2,2,2,0,SESSS
213,2,3,2,0,SSS
213,2,4,2,0,EEES
213,2,5,2,0,EE
213,3,1,3,0,ESSSEEEES
213,3,2,3,0,ESS
213,3,4,3,0,SS
213,3,5,3,0,SSSEES
213,4,1,4,0,S
213,4,2,4,0,SSSSS
213,4,3,4,0,E
213,4,4,4,0,SESSSSSS
213,4,5,4,0,EEEEEESSS
213,5,1,5,0,SS
213,5,2,5,0,ESS
213,5,3,5,0,SSEE
213,5,5,5,0,S
213,6,1,6,0,SEEES
213,6,3,6,0,EEEEEEEESSSS
213,6,4,6,0,ESS
213,6,5,6,0,SSEE
213,7,1,7,0,EES
213,7,2,7,0,EEESSSSS
213,7,3,7,0,EEEEESSES
213,7,4,7,0,ESES
213,7,5,7,0,SEEEEEES
213,9,1,9,0,EEESSEEEEEE
213,9,2,9,0,SSE
213,9,3,9,0,ESEEEES
213,9,4,9,0,EEES
213,9,5,9,0,EEESSSS
213,11,1,11,0,SEEE
213,11,2,11,0,SSSSESSEEEEEESES
213,11,3,11,0,ES
213,11,5,11,0,E
213,12,1,12,0,EEEEEEESSEESS
213,12,2,12,0,SSEESSSSSS
213,12,3,12,0,EEEESEES
213,12,4,12,0,EEEEESEE
213,12,5,12,0,ES
214,1,1,1,0,S
214,1,2,1,0,SSS
214,1,3,1,0,S
214,1,4,1,0,SSE
214,2,1,2,0,E
214,2,2,2,0,EE
214,2,3,2,0,E
214,2,4,2,0,ES
214,2,5,2,0,E
214,7,1,7,0,ES
214,7,3,7,0,EEEEEES
214,7,4,7,0,EEEEE
214,7,5,7,0,EES
214,9,1,9,0,EESEEE
214,9,2,9,0,S
214,9,3,9,0,EEES
214,9,5,9,0,ESSES
214,10,1,10,0,SSS
214,10,2,10,0,ES
214,10,3,10,0,SES
214,10,4,10,0,EEEE
214,10,5,10,0,EESESS
215,1,1,1,0,S
215,1,2,1,0,SSSEESES
215,1,3,1,0,EEESSS
215,1,4,1,0,ES
215,1,5,1,0,SEESSSS
215,3,1,3,0,EEES
215,3,2,3,0,EEE
215,3,3,3,0,EESS
215,3,4,3,0,ES
215,3,5,3,0,SS
215,4,1,4,0,ES
215,4,2,4,0,S
215,4,3,4,0,SSSES
215,4,4,4,0,SS
215,4,5,4,0,SESSSSS
215,5,1,5,0,SS
215,5,2,5,0,EEES
215,5,3,5,0,EES
215,5,4,5,0,ES
215,6,1,6,0,S
215,6,2,6,0,EEE
215,6,3,6,0,SEES
215,6,4,6,0,S
215,6,5,6,0,ESSSSSS
215,7,2,7,0,EESEES
215,7,3,7,0,S
215,7,4,7,0,S
215,7,5,7,0,S
215,8,2,8,0,SSESESSEEEES
215,8,3,8,0,E
215,8,4,8,0,EEESSESSSE
215,8,5,8,0,EES
215,9,1,9,0,S
215,9,2,9,0,EESS
215,9,3,9,0,EEES
215,9,4,9,0,ES
215,11,1,11,0,EEESE
215,11,2,11,0,SS
215,11,3,11,0,ES
215,11,4,11,0,ES
215,11,5,11,0,EEESSSE
215,12,2,12,0,EEEESSS
215,12,3,12,0,SS
215,12,4,12,0,EE
215,12,5,12,0,EESSES
216,1,2,1,1,S
216,1,3,1,1,SSS
216,1,4,1,1,EESS
216,1,5,1,1,S
216,2,1,2,1,S
216,2,2,2,1,S
216,2,3,2,1,ES
216,2,4,2,1,S
216,3,1,3,1,SS
216,3,2,3,1,S
216,3,3,3,1,S
216,3,4,3,1,SEES
216,3,5,3,1,S
216,4,1,4,1,SSS
216,4,2,4,1,S
216,4,3,4,1,S
216,4,4,4,1,SS
216,4,5,4,1,S
216,7,2,7,1,SS
216,7,3,7,1,S
216,7,4,7,1,S
216,7,5,7,1,S
216,8,1,8,1,S
216,8,2,8,1,E
216,8,3,8,1,E
216,8,4,8,1,SS
216,8,5,8,1,S
216,10,1,10,1,S
216,10,2,10,1,SSS
216,10,5,10,1,S
216,11,2,11,0,SS
216,11,3,11,0,S
216,11,4,11,0,E
216,11,5,11,0,S
216,12,1,12,1,S
216,12,2,12,1,S
216,12,3,12,1,S
216,12,4,12,1,SSSS
216,12,5,12,1,S
217,1,1,1,0,EE
217,1,2,1,0,SSS
217,1,3,1,0,SEEESESSSEEEEEEEEEEEE
217,1,4,1,0,EESEEEES
217,1,5,1,0,EEEEEEEEEEE
217,4,1,4,0,EEEESS
217,4,2,4,0,SEEEEEEE
217,4,3,4,0,EESSSEEE
217,4,4,4,0,SEES
217,4,5,4,0,E
217,5,1,5,0,EE
217,5,2,5,0,EEEEEEE
217,5,3,5,0,EEEE
217,5,5,5,0,E
217,6,1,6,0,SSSEEEEES
217,6,2,6,0,EEE
217,6,5,6,0,SSE
217,10,1,10,0,EEEE
217,10,2,10,0,SEEEEEE
217,10,3,10,0,EE
217,10,4,10,0,EEE
217,10,5,10,0,SEEEEEEE
218,1,1,1,0,S
218,1,2,1,0,SS
218,1,3,1,0,S
218,1,4,1,0,S
218,2,1,2,0,SSS
218,2,2,2,0,SS
218,2,3,2,0,S
218,2,4,2,0,S
218,2,5,2,0,ES
218,3,1,3,0,SES
218,3,2,3,0,S
218,3,3,3,0,S
218,3,4,3,0,SES
218,3,5,3,0,EEESSS
218,4,1,4,0,S
218,4,2,4,0,S
218,4,3,4,0,S
218,4,4,4,0,S
218,4,5,4,0,SS
218,5,1,5,0,S
218,5,2,5,0,S
218,5,3,5,0,SSESES
218,5,4,5,0,ES
218,5,5,5,0,EES
218,6,1,6,0,SS
218,6,2,6,0,S
218,6,3,6,0,S
218,6,4,6,0,SS
218,6,5,6,0,EEES
218,7,1,7,0,ESSS
218,7,3,7,0,S
218,7,4,7,0,SS
218,7,5,7,0,S
218,8,1,8,0,S
218,8,2,8,0,S
218,8,3,8,0,ES
218,8,4,8,0,S
218,8,5,8,0,SS
218,9,1,9,0,EEES
218,9,2,9,0,EES
218,9,3,9,0,ES
218,9,4,9,0,SS
218,9,5,9,0,S
218,10,1,10,0,SS
218,10,3,10,0,S
218,11,1,11,0,S
218,11,2,11,0,SS
218,11,3,11,0,EESS
218,11,4,11,0,S
218,11,5,11,0,S
218,12,1,12,0,ES
218,12,3,12,0,S
218,12,4,12,0,S
218,12,5,12,0,S
219,1,1,1,0,SSSSESEEEES
219,1,2,1,0,EEE
219,1,3,1,0,ESEEE
219,1,4,1,0,S
219,1,5,1,0,E
219,2,1,2,0,EEES
219,2,2,2,0,S
219,2,4,2,0,SS
219,2,5,2,0,EES
219,3,1,3,0,S
219,3,2,3,0,EEES
219,3,3,3,0,S
219,3,4,3,0,ESEES
219,3,5,3,0,EESESSS
219,5,1,5,0,EEEEES
219,5,2,5,0,SEEEE
219,5,3,5,0,SSS
219,5,4,5,0,ES
219,6,1,6,0,SSS
219,6,2,6,0,EE
219,6,3,6,0,SS
219,6,4,6,0,SSE
219,6,5,6,0,EEEES
219,7,1,7,0,EEES
219,7,2,7,0,SS
219,7,3,7,0,S
219,7,4,7,0,S
219,7,5,7,0,ES
219,8,1,8,0,S
219,8,2,8,0,E
219,8,3,8,0,EE
219,8,4,8,0,S
219,8,5,8,0,EEESS
219,10,2,10,0,SEESSEE
219,10,4,10,0,SS
219,10,5,10,0,S
219,11,1,11,0,EESEEES
219,11,2,11,0,SS
219,11,3,11,0,S
219,11,4,11,0,SES
219,11,5,11,0,ESS
220,3,1,3,1,SEES
220,3,2,3,1,E
220,3,3,3,1,S
220,3,4,3,1,ES
220,3,5,3,1,ESS
220,4,1,4,0,SEESS
220,4,4,4,0,SSS
220,4,5,4,0,S
220,6,1,6,1,S
220,6,2,6,1,S
220,6,3,6,1,S
220,6,4,6,1,E
220,7,1,7,1,E
220,7,2,7,1,S
220,7,3,7,1,EESSS
220,7,4,7,1,ES
220,7,5,7,1,S
220,10,1,10,0,ESSSSE
220,10,2,10,0,SSSSS
220,10,3,10,0,SSS
220,10,5,10,0,SE
221,1,1,1,0,ES
221,1,2,1,0,S
221,1,3,1,0,EEEES
221,1,4,1,0,S
221,1,5,1,0,ES
221,2,2,2,0,S
221,2,4,2,0,ES
221,2,5,2,0,EEESSES
221,3,1,3,0,S
221,3,2,3,0,SS
221,3,3,3,0,SSSSEES
221,3,4,3,0,ES
221,3,5,3,0,S
221,4,1,4,0,ES
221,4,3,4,0,EEEEEESEESEE
221,4,5,4,0,EEEE
221,5,1,5,0,EEESS
221,5,2,5,0,EEEEESES
221,5,3,5,0,S
221,5,4,5,0,SS
221,5,5,5,0,EEEEESES
221,7,1,7,0,ESS
221,7,4,7,0,SS
221,7,5,7,0,SS
221,9,1,9,0,EEEES
221,9,2,9,0,SS
221,9,3,9,0,EE
221,9,4,9,0,EEEESEEES
221,9,5,9,0,EESSSS
221,10,1,10,0,S
221,10,2,10,0,S
221,10,3,10,0,ESEEE
221,10,4,10,0,E
221,10,5,10,0,SES
221,11,1,11,0,EES
221,11,2,11,0,ESE
221,11,3,11,0,SSSS
221,11,4,11,0,EES
221,11,5,11,0,ESS
221,12,1,12,0,SEES
221,12,2,12,0,E
221,12,3,12,0,S
221,12,4,12,0,SS
221,12,5,12,0,EEEESSSSSSEEEESS
222,3,1,3,1,SSSESSSESEEEEEE
222,3,2,3,1,EEEEES
222,3,3,3,1,ESSEESESE
222,3,4,3,1,SSEES
222,3,5,3,1,S
222,4,1,4,1,ESSSS
222,4,2,4,1,ESSS
222,4,3,4,1,SSEEEEEEEEEEESSEEESSSSSEEEEESS
222,4,4,4,1,ESES
222,4,5,4,1,E
222,5,1,5,0,EEESSSEEEEESEEEESESS
222,5,2,5,0,SSESS
222,5,3,5,0,EEEEEE
222,5,4,5,0,EEEEE
222,5,5,5,0,SE
222,7,1,7,1,SSS
222,7,2,7,1,S
222,7,3,7,1,SS
222,7,4,7,1,SS
222,7,5,7,1,ESSSSEEE
222,11,1,11,1,SEEEES
222,11,2,11,1,S
222,11,3,11,1,EEESEESSE
222,11,4,11,1,EEEEEESSS
222,11,5,11,1,E
223,1,2,1,0,ESS
223,1,3,1,0,ESS
223,1,4,1,0,SE
223,1,5,1,0,SEES
224,3,1,3,0,SS
224,3,2,3,0,S
224,3,3,3,0,SSES
224,3,4,3,0,ESS
224,3,5,3,0,S
224,4,1,4,0,S
224,4,2,4,0,SS
224,4,3,4,0,S
224,4,4,4,0,ES
224,4,5,4,0,S
224,5,1,5,1,ESS
224,5,2,5,1,EES
224,5,3,5,1,S
224,5,4,5,1,SS
224,5,5,5,1,EEESS
224,7,1,7,0,S
224,7,2,7,0,ES
224,7,4,7,0,S
224,7,5,7,0,S
224,8,1,8,1,EES
224,8,2,8,1,S
224,8,3,8,1,S
224,8,4,8,1,S
224,8,5,8,1,ES
224,12,1,12,1,SSSS
224,12,2,12,1,S
224,12,3,12,1,S
224,12,4,12,1,SS
224,12,5,12,1,SSSS
225,1,1,1,0,SSS
225,1,2,1,0,EEEEESSEEEEEESEEESESS
225,1,3,1,0,EEEESSSSS
225,1,4,1,0,S
225,2,1,2,1,ESS
225,2,2,2,1,EEEE
225,2,3,2,1,EEEEEESSS
225,2,4,2,1,EEESEEEESEEEEEEEEEESEESEES
225,2,5,2,1,ES
225,3,1,3,0,EESEES
225,3,2,3,0,EES
225,3,3,3,0,E
225,3,4,3,0,EEESEESEEESS
225,3,5,3,0,EEES
225,4,2,4,1,EEEEEESESEE
225,4,3,4,1,EEEEEESSSEEESSEESSS
225,4,5,4,1,EEEESES
225,5,1,5,0,EESESEES
225,5,2,5,0,ESSSESSS
225,5,3,5,0,SEEEEEESEEEEEEEEEEEESSEE
225,5,4,5,0,E
225,5,5,5,0,EEEEES
225,6,1,6,1,ES
225,6,2,6,1,EEES
225,6,3,6,1,EEESSEEES
225,6,4,6,1,EEES
225,6,5,6,1,EESS
225,7,1,7,1,ES
225,7,2,7,1,ESS
225,7,4,7,1,ESEEEESE
225,7,5,7,1,E
225,11,1,11,1,SEEEEEEEEEEEEEEEES
225,11,2,11,1,SEEEEESSSS
225,11,3,11,1,SEEEEEEEEEESEEES
225,11,4,11,1,SSSS
225,11,5,11,1,SS
226,1,1,1,0,E
226,1,2,1,0,SSS
226,1,3,1,0,SE
226,1,4,1,0,EESSS
226,1,5,1,0,ES
226,2,1,2,0,ES
226,2,2,2,0,S
226,2,3,2,0,EEES
226,2,4,2,0,ES
226,2,5,2,0,EES
226,3,1,3,0,E
226,3,2,3,0,SESSSESS
226,3,3,3,0,EES
226,3,4,3,0,ESSES
226,5,1,5,0,SS
226,5,3,5,0,EEEES
226,5,4,5,0,S
226,5,5,5,0,SSSSEEESSEESSESS
226,6,1,6,0,S
226,6,2,6,0,SS
226,6,3,6,0,EEEESEES
226,6,4,6,0,SS
226,6,5,6,0,EEES
226,8,1,8,0,ESESESSSEEEE
226,8,2,8,0,SESS
226,8,3,8,0,S
226,8,4,8,0,S
226,8,5,8,0,SS
226,9,1,9,0,ESE
226,9,2,9,0,S
226,9,3,9,0,E
226,9,4,9,0,EES
226,9,5,9,0,EESSS
226,10,1,10,0,S
226,10,2,10,0,S
226,10,3,10,0,S
226,12,1,12,0,ES
226,12,2,12,0,SEEE
226,12,3,12,0,SS
226,12,4,12,0,S
226,12,5,12,0,EE
227,2,1,2,1,EEE
227,2,2,2,1,ESSSE
227,2,3,2,1,EE
227,2,4,2,1,SSEE
227,2,5,2,1,EE
228,1,1,1,0,S
228,1,2,1,0,EES
228,1,3,1,0,EESS
228,1,4,1,0,SES
228,1,5,1,0,SS
228,2,1,2,1,S
228,2,2,2,1,SS
228,2,3,2,1,S
228,2,4,2,1,S
228,2,5,2,1,S
228,3,1,3,0,S
228,3,2,3,0,SS
228,3,3,3,0,ES
228,3,4,3,0,EEEEES
228,4,1,4,0,S
228,4,2,4,0,SSS
228,4,3,4,0,E
228,4,4,4,0,S
228,4,5,4,0,S
228,5,2,5,1,S
228,5,4,5,1,S
228,5,5,5,1,SS
228,6,1,6,1,EE
228,6,2,6,1,EEESS
228,6,3,6,1,ESSES
228,6,4,6,1,ESS
228,6,5,6,1,ESSSS
228,7,1,7,0,S
228,7,2,7,0,EEESSSS
228,7,3,7,0,EES
228,7,4,7,0,SS
228,7,5,7,0,SSS
228,8,2,8,1,ESS
228,8,3,8,1,S
228,8,5,8,1,ES
228,9,1,9,0,EE
228,9,3,9,0,SSSSS
228,9,5,9,0,S
228,11,1,11,1,S
228,11,2,11,1,S
228,11,3,11,1,S
228,11,4,11,1,ESS
228,11,5,11,1,EES
229,1,1,1,0,SEEEEEEEEEE
229,1,2,1,0,EEEESSEEES
229,1,3,1,0,ESSEESESES
229,1,4,1,0,EEEEE
229,1,5,1,0,S
229,2,1,2,0,ESSS
229,2,2,2,0,EEEEEEEEEEEEEEEEESS
229,2,3,2,0,SSSEEES
229,2,4,2,0,EES
229,2,5,2,0,EEEEESES
229,3,1,3,0,ESEEEEEEEESEEESSS
229,3,2,3,0,ESEEES
229,3,3,3,0,SSEEEEEE
229,3,4,3,0,S
229,3,5,3,0,EE
229,4,1,4,1,SEEEEEEEEEEEEEEEEEEEE
229,4,2,4,1,EESEEEEESSSS
229,4,3,4,1,SSES
229,4,4,4,1,EESESEESEE
229,4,5,4,1,EEEEEES
229,5,1,5,0,EEEEEEEES
229,5,2,5,0,EEEESESS
229,5,3,5,0,EEEESSS
229,5,4,5,0,SEEEEEEEEEEEEEEEEEES
229,6,1,6,1,EEEEEES
229,6,2,6,1,ESEES
229,6,3,6,1,EEE
229,6,4,6,1,EEEEEEEEEEEES
229,6,5,6,1,SEEEEEEEEEEEEESEE
229,7,1,7,1,ES
229,7,3,7,1,EEEEEEEEEESSSEEES
229,7,4,7,1,S
229,7,5,7,1,EEEES
229,10,1,10,0,EEEEES
229,10,2,10,0,S
229,10,3,10,0,EEEE
229,10,4,10,0,ESEEEEEEEESS
229,10,5,10,0,EEEEEESESS
230,2,1,2,0,ESSS
230,2,2,2,0,EEEEEE
230,2,3,2,0,EEESEEES
230,2,4,2,0,E
230,2,5,2,0,ES
230,3,1,3,0,SSEEESSS
230,3,2,3,0,EESSSS
230,3,3,3,0,EE
230,3,4,3,0,SSSS
230,3,5,3,0,SEESSSSSS
230,6,2,6,0,E
230,6,3,6,0,S
230,6,5,6,0,EEEESEESS
230,7,2,7,0,ESE
230,7,3,7,0,EE
230,7,4,7,0,SSSSSS
230,7,5,7,0,SS
230,9,1,9,0,SE
230,9,2,9,0,SES
230,9,4,9,0,EE
230,11,1,11,0,SS
230,11,2,11,0,SSEEEE
230,11,3,11,0,S
230,11,4,11,0,ES
230,11,5,11,0,EEEEEESEESS
231,1,1,1,0,S
231,1,2,1,0,S
231,1,3,1,0,S
231,1,4,1,0,S
231,1,5,1,0,S
231,3,1,3,0,E
231,3,2,3,0,S
231,3,3,3,0,SE
231,3,4,3,0,E
231,3,5,3,0,S
231,4,1,4,0,E
231,4,2,4,0,SS
231,4,3,4,0,S
231,4,4,4,0,S
231,4,5,4,0,S
232,6,1,6,0,SSSSS
232,6,2,6,0,S
232,6,3,6,0,S
232,6,4,6,0,ESSSS
232,6,5,6,0,ES
232,10,2,10,0,ESS
232,10,3,10,0,EEESSSSS
232,10,4,10,0,EE
232,12,2,12,0,S
232,12,4,12,0,S
232,12,5,12,0,ES
233,1,1,1,0,EEES
233,1,2,1,0,ES
233,1,4,1,0,EESSSSS
233,1,5,1,0,ESESS
233,2,1,2,0,E
233,2,2,2,0,SEEEEEE
233,2,3,2,0,S
233,2,4,2,0,SSSS
233,2,5,2,0,EEEEESSSEEEE
233,3,1,3,0,EEEE
233,3,2,3,0,EEEEEEEEEEEESEE
233,3,3,3,0,SSS
233,3,4,3,0,EE
233,3,5,3,0,EEESS
234,2,1,2,0,ES
234,2,2,2,0,EEEEESSS
234,2,4,2,0,SSEESEEEES
234,2,5,2,0,ESS
234,3,1,3,0,SS
234,3,2,3,0,ES
234,3,3,3,0,SSESS
234,3,4,3,0,SSSS
234,3,5,3,0,EES
234,4,1,4,0,S
234,4,2,4,0,ES
234,4,3,4,0,ESSSSS
234,4,4,4,0,S
234,4,5,4,0,SES
234,5,3,5,0,ES
234,5,4,5,0,ES
234,5,5,5,0,ES
234,6,1,6,0,ESSEES
234,6,2,6,0,ES
234,6,3,6,0,S
234,6,4,6,0,E
234,6,5,6,0,S
234,7,1,7,0,S
234,7,2,7,0,SS
234,7,3,7,0,SSSSS
234,7,4,7,0,EEES
234,9,1,9,0,EE
234,9,2,9,0,ES
234,9,3,9,0,S
234,9,4,9,0,S
234,9,5,9,0,SS
234,10,1,10,0,S
234,10,2,10,0,E
234,10,3,10,0,SSSEEESSS
234,10,4,10,0,S
234,10,5,10,0,ESS
235,1,1,1,0,ES
235,1,2,1,0,SSS
235,1,3,1,0,S
235,1,4,1,0,S
235,1,5,1,0,EEEEEE
235,3,3,3,0,EE
235,3,4,3,0,EESE
235,3,5,3,0,EEEEE
235,4,1,4,0,EESSS
235,4,4,4,0,EEEEEEE
235,4,5,4,0,SS
235,6,1,6,0,S
235,6,2,6,0,E
235,6,3,6,0,SEE
235,6,4,6,0,SS
235,6,5,6,0,EEE
235,10,1,10,0,EEEEESSS
235,10,2,10,0,EESS
235,10,3,10,0,EEES
235,10,4,10,0,EEEES
235,10,5,10,0,S
235,12,1,12,0,EES
235,12,2,12,0,S
235,12,3,12,0,SSEEES
235,12,4,12,0,EEEE
235,12,5,12,0,S
236,1,1,1,0,S
236,1,2,1,0,S
236,1,3,1,0,ESSS
236,1,4,1,0,S
236,1,5,1,0,SES
236,2,1,2,0,S
236,2,2,2,0,SSS
236,2,3,2,0,S
236,2,4,2,0,SS
236,2,5,2,0,SESS
236,3,1,3,0,SSSES
236,3,2,3,0,SSSS
236,3,4,3,0,S
236,3,5,3,0,ES
236,4,2,4,0,S
236,4,3,4,0,ES
236,4,4,4,0,SEESSES
236,4,5,4,0,ES
236,5,1,5,0,SES
236,5,2,5,0,S
236,5,3,5,0,SS
236,5,4,5,0,ESSS
236,5,5,5,0,S
236,6,1,6,0,SS
236,6,2,6,0,ES
236,6,3,6,0,S
236,6,4,6,0,SS
236,6,5,6,0,S
236,7,2,7,0,ESEESS
236,7,3,7,0,SS
236,7,4,7,0,ES
236,7,5,7,0,SS
236,9,1,9,0,EES
236,9,3,9,0,S
236,9,4,9,0,SEESS
236,9,5,9,0,S
236,10,2,10,0,S
236,10,3,10,0,S
236,10,4,10,0,SES
236,10,5,10,0,S
236,12,1,12,0,S
236,12,2,12,0,ES
236,12,3,12,0,SS
236,12,4,12,0,ES
236,12,5,12,0,S
237,2,1,2,0,S
237,2,2,2,0,SS
237,2,3,2,0,ES
237,2,4,2,0,SSSS
237,2,5,2,0,E
237,5,1,5,0,SSS
237,5,3,5,0,SS
237,5,4,5,0,S
237,5,5,5,0,S
237,9,1,9,0,SSS
237,9,2,9,0,SS
237,9,3,9,0,SSESE
237,9,4,9,0,SSS
237,9,5,9,0,S
237,10,1,10,0,ESSE
237,10,2,10,0,S
237,10,3,10,0,SES
237,10,4,10,0,ESSSSS
237,10,5,10,0,ESS
238,2,1,2,0,E
238,2,2,2,0,EEEEE
238,2,3,2,0,EE
238,2,4,2,0,EEE
238,2,5,2,0,EEEE
238,3,1,3,0,ESSESSEEESSEEE
238,3,2,3,0,E
238,3,3,3,0,EEEEEEEEE
238,3,4,3,0,EEEE
238,3,5,3,0,E
238,4,1,4,0,SSEE
238,4,2,4,0,E
238,4,4,4,0,E
238,4,5,4,0,EEE
238,5,1,5,0,EE
238,5,2,5,0,S
238,5,3,5,0,SEEE
238,5,4,5,0,SSEES
238,5,5,5,0,SSSSSSEE
238,8,1,8,0,ESSEE
238,8,2,8,0,EEEE
238,8,3,8,0,S
238,8,4,8,0,E
238,8,5,8,0,ESS
239,1,1,1,0,SSEEES
239,1,2,1,0,SS
239,1,3,1,0,SS
239,1,4,1,0,S
239,1,5,1,0,EES
239,2,1,2,0,SS
239,2,2,2,0,ES
239,2,3,2,0,EESSES
239,2,4,2,0,S
239,2,5,2,0,S
239,3,1,3,0,S
239,3,2,3,0,S
239,3,3,3,0,S
239,3,4,3,0,SSEE
239,3,5,3,0,S
239,4,1,4,0,ESEEESE
239,4,2,4,0,SEES
239,4,3,4,0,SSS
239,4,4,4,0,S
239,4,5,4,0,SSEE
239,5,1,5,0,S
239,5,2,5,0,S
239,5,3,5,0,S
239,5,4,5,0,SE
239,5,5,5,0,ES
239,6,1,6,0,SS
239,6,2,6,0,EES
239,6,3,6,0,EESSSEESEES
239,6,4,6,0,EEE
239,6,5,6,0,ESS
239,7,1,7,0,S
239,7,2,7,0,EE
239,7,3,7,0,EEEES
239,7,4,7,0,EEEEEEESS
239,8,1,8,0,EEEESSSESS
239,8,2,8,0,EESS
239,8,3,8,0,SESSSESSSSSSS
239,8,4,8,0,SSS
239,8,5,8,0,S
239,9,1,9,0,S
239,9,2,9,0,SS
239,9,3,9,0,E
239,9,4,9,0,EE
239,9,5,9,0,SS
239,11,2,11,0,SS
239,11,3,11,0,ES
239,11,4,11,0,ES
239,11,5,11,0,ES
239,12,1,12,0,EEEES
239,12,2,12,0,ES
239,12,3,12,0,SS
239,12,4,12,0,ESSSS
239,12,5,12,0,ES
240,1,1,1,0,ES
240,1,2,1,0,SS
240,1,4,1,0,ES
240,1,5,1,0,SEESS
240,3,1,3,0,S
240,3,2,3,0,ES
240,3,3,3,0,EES
240,3,4,3,0,SESSS
240,3,5,3,0,ES
240,4,1,4,0,EEESS
240,4,2,4,0,ESSSSS
240,4,3,4,0,ESS
240,4,4,4,0,S
240,4,5,4,0,ES
240,5,1,5,0,EES
240,5,2,5,0,SS
240,5,3,5,0,ES
240,5,4,5,0,SSSSSSS
240,6,1,6,0,S
240,6,3,6,0,SES
240,6,4,6,0,ES
240,6,5,6,0,ES
240,7,1,7,0,SSS
240,7,2,7,0,S
240,7,3,7,0,ES
240,7,4,7,0,SS
240,7,5,7,0,ES
240,9,1,9,0,EEES
240,9,2,9,0,S
240,9,3,9,0,S
240,9,4,9,0,SSESS
240,9,5,9,0,EESS
240,10,1,10,0,EEES
240,10,2,10,0,SS
240,10,3,10,0,SESSSS
240,10,4,10,0,ES
240,10,5,10,0,SES
240,11,1,11,0,S
240,11,2,11,0,SSS
240,11,3,11,0,SS
240,11,4,11,0,SSES
240,11,5,11,0,ES
240,12,1,12,0,SESEESS
240,12,3,12,0,S
240,12,4,12,0,ESSSS
240,12,5,12,0,S
241,2,1,2,0,E
241,2,2,2,0,EEEE
241,2,3,2,0,E
241,2,4,2,0,E
241,5,1,5,0,ESEEEE
241,5,2,5,0,SE
241,5,3,5,0,ESS
241,5,4,5,0,E
241,5,5,5,0,ESESEE
242,1,1,1,0,E
242,1,2,1,0,S
242,1,3,1,0,S
242,1,4,1,0,ESS
242,1,5,1,0,SS
242,2,1,2,0,S
242,2,2,2,0,EEEESSSSEESSES
242,2,3,2,0,SES
242,2,4,2,0,EESSS
242,2,5,2,0,ESS
242,3,1,3,0,SS
242,3,2,3,0,SSSSS
242,3,3,3,0,EES
242,3,4,3,0,ESS
242,3,5,3,0,ESS
242,4,1,4,0,ES
242,4,2,4,0,EES
242,4,3,4,0,SSSEES
242,4,4,4,0,ES
242,4,5,4,0,EEEEEEEES
242,5,1,5,0,EES
242,5,2,5,0,ESEES
242,5,3,5,0,ES
242,5,4,5,0,S
242,5,5,5,0,S
242,6,1,6,0,SSEEES
242,6,2,6,0,S
242,6,3,6,0,SSSS
242,6,4,6,0,SS
242,6,5,6,0,SS
242,7,1,7,0,SEESEESSS
242,7,2,7,0,EES
242,7,3,7,0,SEEEEE
242,7,4,7,0,S
242,7,5,7,0,SS
242,8,2,8,0,SS
242,8,3,8,0,S
242,8,4,8,0,S
242,8,5,8,0,S
242,9,1,9,0,EEEES
242,9,2,9,0,S
242,9,3,9,0,EEEES
242,9,4,9,0,S
242,9,5,9,0,SS
242,10,1,10,0,EESSES
242,10,2,10,0,ES
242,10,4,10,0,EEES
242,10,5,10,0,S
242,12,1,12,0,SS
242,12,2,12,0,S
242,12,3,12,0,EEESESSS
242,12,4,12,0,S
242,12,5,12,0,SSES
243,1,2,1,0,EE
243,1,3,1,0,EEEEEEEESEE
243,1,4,1,0,ESEEE
243,1,5,1,0,EEEEEEEEEEEE
243,2,1,2,0,EE
243,2,2,2,0,EEEE
243,2,4,2,0,SSSSSSSEEEESSSESS
243,2,5,2,0,SEE
243,4,1,4,0,EE
243,4,2,4,0,EES
243,4,3,4,0,E
243,4,4,4,0,EES
243,4,5,4,0,EESSE
243,5,1,5,0,EEEEEE
243,5,2,5,0,EE
243,5,3,5,0,ESSSSEEEESSSSEE
243,5,4,5,0,SSS
243,5,5,5,0,EE
243,6,1,6,0,EE
243,6,2,6,0,EESSS
243,6,3,6,0,S
243,6,4,6,0,EEEEEEEESEEEES
243,6,5,6,0,E
243,8,1,8,0,S
243,8,3,8,0,EEEEESSS
243,8,4,8,0,EEES
243,8,5,8,0,E
244,2,1,2,0,E
244,2,2,2,0,S
244,2,3,2,0,ES
244,2,4,2,0,S
244,2,5,2,0,S
244,4,1,4,0,S
244,4,2,4,0,S
244,4,3,4,0,E
244,4,4,4,0,S
244,4,5,4,0,S
244,5,1,5,0,ES
244,5,2,5,0,S
244,5,3,5,0,EES
244,5,4,5,0,SS
244,5,5,5,0,S
244,6,1,6,0,SS
244,6,2,6,0,S
244,6,3,6,0,ES
244,6,4,6,0,S
244,6,5,6,0,E
245,1,1,1,0,S
245,1,2,1,0,S
245,1,3,1,0,SESS
245,1,4,1,0,S
245,1,5,1,0,S
245,3,1,3,1,S
245,3,2,3,1,S
245,3,3,3,1,S
245,3,4,3,1,S
245,3,5,3,1,ES
245,4,1,4,0,S
245,4,3,4,0,S
245,4,4,4,0,S
245,4,5,4,0,EE
245,5,1,5,1,S
245,5,2,5,1,EES
245,5,3,5,1,S
245,5,4,5,1,SS
245,5,5,5,1,EESS
245,7,1,7,1,E
245,7,3,7,1,S
245,7,4,7,1,E
245,7,5,7,1,S
245,8,1,8,0,S
245,8,2,8,0,S
245,8,3,8,0,SS
245,8,5,8,0,ESS
245,9,1,9,0,ES
245,9,2,9,0,S
245,9,3,9,0,ES
245,9,4,9,0,E
245,9,5,9,0,EESSS
245,11,1,11,1,SS
245,11,2,11,1,ES
245,11,3,11,1,S
245,11,4,11,1,ESSS
245,11,5,11,1,S
245,12,1,12,1,S
245,12,2,12,1,S
245,12,3,12,1,ES
245,12,4,12,1,S
245,12,5,12,1,ES
246,2,1,2,0,E
246,2,2,2,0,SSS
246,2,3,2,0,S
246,2,4,2,0,EE
246,2,5,2,0,SSE
246,5,1,5,0,SSEEE
246,5,2,5,0,SS
246,5,3,5,0,S
246,5,4,5,0,ES
246,5,5,5,0,E
246,8,1,8,0,ES
246,8,2,8,0,E
246,8,3,8,0,E
246,8,4,8,0,E
246,8,5,8,0,SS
246,10,1,10,0,E
246,10,2,10,0,E
246,10,4,10,0,ES
246,10,5,10,0,EE
247,1,1,1,0,SEESSEEEE
247,1,2,1,0,EEE
247,1,3,1,0,EEEEEEE
247,1,4,1,0,S
247,1,5,1,0,EEEEE
247,2,1,2,0,EEEEEEE
247,2,2,2,0,E
247,2,4,2,0,EEEEEEEEEEEE
247,2,5,2,0,S
247,4,1,4,0,EEESSSS
247,4,2,4,0,E
247,4,3,4,0,EE
247,4,4,4,0,EEE
247,4,5,4,0,ESEEEEEEEEEEES
247,5,1,5,0,ESS
247,5,2,5,0,E
247,5,3,5,0,SE
247,5,4,5,0,E
247,5,5,5,0,ES
247,8,1,8,0,EEEEE
247,8,2,8,0,EEEEESSEEE
247,8,4,8,0,EEEE
247,8,5,8,0,SEEE
247,10,1,10,0,EE
247,10,2,10,0,E
247,10,3,10,0,SSSEE
247,10,4,10,0,EE
247,10,5,10,0,EE
248,1,1,1,0,SSSSSEESS
248,1,2,1,0,SSSSSS
248,1,3,1,0,SSSSEEESEES
248,1,4,1,0,EES
248,1,5,1,0,ES
248,2,1,2,0,S
248,2,4,2,0,ES
248,2,5,2,0,S
248,3,1,3,0,EES
248,3,2,3,0,SES
248,3,3,3,0,EEESSS
248,3,4,3,0,EEES
248,3,5,3,0,S
248,4,1,4,0,ESS
248,4,2,4,0,SEES
248,4,3,4,0,ESSS
248,4,5,4,0,EEEES
248,5,1,5,0,SSEESSEEESEEEEEEEE
248,5,2,5,0,SEESESSSS
248,5,3,5,0,ES
248,5,4,5,0,EEEEEESSS
248,5,5,5,0,EES
248,6,1,6,0,SS
248,6,2,6,0,SSS
248,6,3,6,0,EES
248,6,4,6,0,EEES
248,6,5,6,0,SS
248,7,1,7,0,ES
248,7,2,7,0,EEES
248,7,3,7,0,EEES
248,7,5,7,0,EES
248,11,1,11,0,S
248,11,2,11,0,SSS
248,11,4,11,0,ESS
248,11,5,11,0,SSEESS
248,12,1,12,0,EEESSS
248,12,2,12,0,S
248,12,3,12,0,EEES
248,12,4,12,0,ESS
248,12,5,12,0,ESESS
249,2,1,2,0,E
249,2,2,2,0,SE
249,2,3,2,0,ESS
249,2,4,2,0,E
249,7,1,7,0,SSSS
249,7,3,7,0,EE
249,7,4,7,0,E
249,7,5,7,0,S
249,8,1,8,0,ES
249,8,2,8,0,SSEEESE
249,8,3,8,0,E
249,8,4,8,0,SSES
249,8,5,8,0,E
249,12,1,12,0,E
249,12,2,12,0,SSES
249,12,3,12,0,E
249,12,4,12,0,S
249,12,5,12,0,E
250,1,1,1,0,E
250,1,2,1,0,S
250,1,3,1,0,ESEEE
250,1,4,1,0,EE
250,1,5,1,0,S
250,2,1,2,0,SS
250,2,2,2,0,S
250,2,3,2,0,SEEESS
250,2,4,2,0,SS
250,6,1,6,0,S
250,6,2,6,0,S
250,6,3,6,0,S
250,6,4,6,0,ESSSE
250,6,5,6,0,S
251,2,1,2,0,E
251,2,2,2,0,E
251,2,3,2,0,ES
251,2,4,2,0,SS
251,2,5,2,0,EES
251,3,1,3,0,ES
251,3,2,3,0,S
251,3,3,3,0,S
251,3,4,3,0,ESE
251,3,5,3,0,ES
251,4,1,4,0,SE
251,4,2,4,0,S
251,4,3,4,0,SEE
251,4,4,4,0,S
251,4,5,4,0,EE
251,5,1,5,0,EESE
251,5,2,5,0,S
251,5,3,5,0,ES
251,5,4,5,0,ESEES
251,5,5,5,0,SS
251,10,1,10,0,SS
251,10,2,10,0,S
251,10,3,10,0,S
251,10,4,10,0,EES
251,10,5,10,0,ESSE
252,1,1,1,0,EE
252,1,2,1,0,EESEEEEEEESSEESESSSEEEEEESEEEE
252,1,3,1,0,ES
252,1,5,1,0,ESSES
252,3,1,3,0,E
252,3,2,3,0,SEEEEEEEESEESS
252,3,3,3,0,ESS
252,3,4,3,0,SEESE
252,3,5,3,0,E
252,4,1,4,0,E
252,4,2,4,0,SEEEESS
252,4,3,4,0,SS
252,4,4,4,0,SEEESS
252,4,5,4,0,EEE
252,5,1,5,0,EEEEESSS
252,5,2,5,0,ESSSSE
252,5,3,5,0,E
252,5,4,5,0,EEEEE
252,5,5,5,0,EEEEEES
252,6,1,6,0,E
252,6,2,6,0,SS
252,6,4,6,0,EEE
252,6,5,6,0,EEEEES
253,1,1,1,1,EES
253,1,2,1,1,EEES
253,1,3,1,1,EEESSSS
253,1,4,1,1,EE
253,1,5,1,1,EES
253,2,1,2,0,EE
253,2,2,2,0,ESSSSSES
253,2,3,2,0,EEES
253,2,4,2,0,EEESES
253,2,5,2,0,ES
253,3,1,3,1,EEES
253,3,2,3,1,EEES
253,3,3,3,1,ESS
253,3,4,3,1,EEEEEEEEE
253,3,5,3,1,EEEEES
253,4,1,4,0,SSS
253,4,2,4,0,SEEESSSS
253,4,4,4,0,ESEEES
253,4,5,4,0,S
253,5,1,5,0,S
253,5,2,5,0,SSEESEEEEEEESSEESSSS
253,5,3,5,0,EES
253,5,4,5,0,EES
253,5,5,5,0,EEEEEEEES
253,6,1,6,0,EEESEESS
253,6,2,6,0,EEEEE
253,6,3,6,0,ESS
253,6,4,6,0,EEESSSE
253,6,5,6,0,SESSEEEESSS
253,7,1,7,0,EEEEES
253,7,2,7,0,EEESSS
253,7,3,7,0,S
253,7,4,7,0,SSS
253,7,5,7,0,ESS
253,8,1,8,0,E
253,8,3,8,0,EEEES
253,8,4,8,0,EES
253,8,5,8,0,SSEEEEEES
253,9,1,9,0,SS
253,9,2,9,0,ES
253,9,3,9,0,SES
253,9,4,9,0,SSS
253,9,5,9,0,ESE
253,10,1,10,1,EEEESS
253,10,2,10,1,EES
253,10,3,10,1,ESSSSES
253,10,4,10,1,EEEESSSSS
253,10,5,10,1,EESSSS
253,11,1,11,0,SES
253,11,2,11,0,EEEEES
253,11,3,11,0,EEES
253,11,4,11,0,EEESSEES
253,11,5,11,0,SSS
253,12,1,12,0,SEEES
253,12,2,12,0,ESSSS
253,12,3,12,0,SS
253,12,4,12,0,SSSSSEEEEEEEEEEEESS
253,12,5,12,0,S
254,2,1,2,1,EEEES
254,2,2,2,1,ES
254,2,3,2,1,ESE
254,2,4,2,1,EESS
254,2,5,2,1,EESSEEE
254,3,1,3,1,E
254,3,2,3,1,EEEEEEEESEESS
254,3,3,3,1,SSEEE
254,3,4,3,1,S
254,3,5,3,1,SSSSSEEEES
254,4,1,4,0,S
254,4,2,4,0,S
254,4,3,4,0,E
254,4,4,4,0,S
254,4,5,4,0,SEEEE
254,5,1,5,0,ESSE
254,5,2,5,0,SSSS
254,5,3,5,0,SEEEESS
254,5,4,5,0,SSEEEE
254,5,5,5,0,E
254,6,1,6,1,EEEEE
254,6,2,6,1,SSEEE
254,6,3,6,1,EEE
254,6,4,6,1,SSE
254,7,1,7,0,EES
254,7,2,7,0,SSE
254,7,3,7,0,S
254,7,4,7,0,EESEEES
254,7,5,7,0,ESS
254,8,1,8,0,E
254,8,2,8,0,S
254,8,3,8,0,SSSSSSS
254,8,4,8,0,SSEEESEEESEEESESEEEEEEES
254,8,5,8,0,E
254,9,1,9,0,S
254,9,2,9,0,EEEEEE
254,9,3,9,0,SEEEE
254,9,4,9,0,E
254,9,5,9,0,S
254,10,1,10,1,ES
254,10,2,10,1,E
254,10,3,10,1,E
254,10,4,10,1,SSEEEEES
255,1,1,1,0,SEEEE
255,1,2,1,0,S
255,1,3,1,0,EESSSEEES
255,1,4,1,0,ESEESSESEE
255,1,5,1,0,S
255,3,1,3,0,EEEESS
255,3,2,3,0,ESS
255,3,4,3,0,EES
255,3,5,3,0,SSS
255,5,1,5,0,ES
255,5,2,5,0,E
255,5,3,5,0,SSESS
255,5,4,5,0,ESS
255,5,5,5,0,EEEEESSS
255,8,1,8,0,EEES
255,8,2,8,0,ES
255,8,3,8,0,SES
255,8,4,8,0,ES
255,8,5,8,0,S
255,10,1,10,0,ES
255,10,2,10,0,S
255,10,3,10,0,EEEEESSEE
255,10,4,10,0,EEE
255,10,5,10,0,EEESS
256,1,1,1,0,S
256,1,2,1,0,EE
256,1,3,1,0,S
256,1,4,1,0,ES
256,1,5,1,0,S
256,2,1,2,0,S
256,2,2,2,0,EE
256,2,3,2,0,S
256,2,4,2,0,SSSSSS
256,2,5,2,0,EEES
256,3,1,3,0,S
256,3,2,3,0,EEES
256,3,3,3,0,E
256,3,4,3,0,SESSEEES
256,3,5,3,0,S
256,4,1,4,0,ESSS
256,4,3,4,0,E
256,4,4,4,0,ES
256,4,5,4,0,SSS
256,5,1,5,0,EE
256,5,2,5,0,EE
256,5,4,5,0,EES
256,6,1,6,0,EES
256,6,2,6,0,ES
256,6,3,6,0,SS
256,6,4,6,0,ES
256,6,5,6,0,EEEESE
256,11,1,11,0,EEE
256,11,2,11,0,EE
256,11,4,11,0,SSE
256,11,5,11,0,ES
256,12,1,12,0,ES
256,12,3,12,0,S
256,12,4,12,0,E
256,12,5,12,0,S
257,6,1,6,0,S
257,6,2,6,0,SS
257,6,4,6,0,E
257,6,5,6,0,S
258,4,1,4,0,S
258,4,2,4,0,ESSS
258,4,4,4,0,SE
258,4,5,4,0,S
258,5,1,5,0,SEES
258,5,2,5,0,ESEES
258,5,3,5,0,S
258,5,4,5,0,EEESSEESSSESS
258,5,5,5,0,S
258,6,1,6,0,SSS
258,6,2,6,0,EEESS
258,6,3,6,0,EE
258,6,4,6,0,ESS
258,6,5,6,0,EEESSS
258,10,1,10,0,EEESS
258,10,2,10,0,ES
258,10,3,10,0,S
258,10,4,10,0,ESSS
258,10,5,10,0,ESSES
258,12,2,12,0,S
258,12,3,12,0,EEES
258,12,4,12,0,SSES
258,12,5,12,0,S
259,2,1,2,0,SS
259,2,2,2,0,E
259,2,3,2,0,E
259,2,4,2,0,E
259,2,5,2,0,SEE
259,4,1,4,0,EESS
259,4,2,4,0,S
259,4,3,4,0,E
259,4,5,4,0,S
260,1,1,1,0,SEES
260,1,2,1,0,S
260,1,3,1,0,S
260,1,4,1,0,S
260,1,5,1,0,ES
260,2,1,2,0,ESS
260,2,2,2,0,S
260,2,3,2,0,ES
260,2,4,2,0,SS
260,2,5,2,0,SS
260,3,1,3,0,S
260,3,4,3,0,S
260,3,5,3,0,S
260,4,1,4,0,SS
260,4,2,4,0,E
260,4,3,4,0,ESS
260,4,4,4,0,ES
260,4,5,4,0,SSSES
260,6,1,6,0,S
260,6,2,6,0,SSSS
260,6,3,6,0,S
260,6,4,6,0,S
260,6,5,6,0,S
260,7,1,7,0,ES
260,7,2,7,0,SS
260,7,3,7,0,S
260,7,4,7,0,S
260,7,5,7,0,S
260,8,1,8,0,S
260,8,2,8,0,E
260,8,3,8,0,S
260,8,4,8,0,EE
260,8,5,8,0,ESS
260,9,1,9,0,S
260,9,2,9,0,ES
260,9,3,9,0,ES
260,9,4,9,0,SS
260,9,5,9,0,ES
260,10,1,10,0,SSS
260,10,2,10,0,SS
260,10,3,10,0,S
260,10,4,10,0,E
260,10,5,10,0,S
260,11,1,11,0,S
260,11,2,11,0,S
260,11,3,11,0,S
260,11,4,11,0,S
260,11,5,11,0,ES
260,12,1,12,0,ESS
260,12,2,12,0,SS
260,12,3,12,0,SS
260,12,4,12,0,S
260,12,5,12,0,S
261,1,1,1,0,EEEE
261,1,2,1,0,ESSSEEEE
261,1,5,1,0,EES
261,2,1,2,0,ESEESSE
261,2,2,2,0,EEEE
261,2,4,2,0,EEEES
261,2,5,2,0,EEEEEEEES
261,3,1,3,0,EEEEEEESEEE
261,3,2,3,0,SESSSEEEEESSSSS
261,3,3,3,0,EEESEEESEEEEESS
261,3,4,3,0,EEEEEEES
261,3,5,3,0,EEES
261,4,1,4,1,EEEEEESSSSS
261,4,2,4,1,ES
261,4,3,4,1,EEESEESSEEESS
261,4,4,4,1,EEESESSSESSS
261,4,5,4,1,ES
261,5,1,5,1,EES
261,5,2,5,1,EEEEEEEEE
261,5,3,5,1,S
261,5,4,5,1,SEEESS
261,5,5,5,1,EEEESSEEEEEEEES
261,6,1,6,1,EEEEEESSEEEEES
261,6,2,6,1,EEEES
261,6,3,6,1,SEEEEEESESSSSSEEEEES
261,6,4,6,1,EEEEEEES
261,8,1,8,0,ESEES
261,8,2,8,0,EEEEESEESEEEEEESEESEEEESSSSS
261,8,3,8,0,EEEESS
261,8,5,8,0,S
261,9,1,9,1,EEEEEES
261,9,2,9,1,ESS
261,9,3,9,1,SSEEESS
261,9,4,9,1,EEE
261,9,5,9,1,EEESSS
261,10,1,10,1,SEES
261,10,3,10,1,SSS
261,11,1,11,1,S
261,11,2,11,1,ESSSS
261,11,3,11,1,ESS
261,11,4,11,1,EEEEEEEESEEEEESEEEEESS
261,11,5,11,1,EESEES
261,12,1,12,1,S
261,12,2,12,1,EEES
261,12,3,12,1,SSEEEEEEES
261,12,4,12,1,ESEESE
261,12,5,12,1,EEEEEEEEEEEEEESEESESS
262,3,2,3,0,SS
262,3,3,3,0,SSES
262,3,4,3,0,EESSSS
262,3,5,3,0,S
262,5,2,5,1,SSS
262,5,3,5,1,SS
262,5,4,5,1,S
262,5,5,5,1,S
263,1,1,1,0,ES
263,1,2,1,0,SS
263,1,3,1,0,S
263,1,4,1,0,ES
263,1,5,1,0,EEEESSS
263,2,1,2,0,SSS
263,2,2,2,0,ESSSEESSS
263,2,3,2,0,SES
263,2,4,2,0,SEEES
263,2,5,2,0,EEEEES
263,3,1,3,0,SS
263,3,2,3,0,S
263,3,3,3,0,EE
263,3,4,3,0,SSSSS
263,3,5,3,0,SS
263,5,1,5,0,ES
263,5,2,5,0,ESSESSSEEEE
263,5,3,5,0,SSS
263,5,4,5,0,EEEESSEES
263,5,5,5,0,SSS
263,6,1,6,0,SS
263,6,2,6,0,ESSSS
263,6,3,6,0,SSSS
263,6,4,6,0,SSESS
263,6,5,6,0,ES
263,8,1,8,0,EESEESS
263,8,2,8,0,S
263,8,3,8,0,EES
263,8,4,8,0,S
263,8,5,8,0,SS
263,9,2,9,0,S
263,9,3,9,0,S
263,9,4,9,0,S
263,9,5,9,0,SEEESS
263,10,1,10,0,EEEEEE
263,10,2,10,0,ES
263,10,3,10,0,EESESS
263,10,4,10,0,ESSEES
263,10,5,10,0,ES
263,11,1,11,0,ESS
263,11,2,11,0,S
263,11,3,11,0,EESSS
263,11,4,11,0,S
263,11,5,11,0,S
263,12,1,12,0,EESSS
263,12,2,12,0,EEEES
263,12,3,12,0,ES
263,12,4,12,0,S
263,12,5,12,0,SSESSEE
264,2,1,2,0,S
264,2,2,2,0,S
264,2,3,2,0,SS
264,2,4,2,0,S
264,2,5,2,0,S
264,4,1,4,0,S
264,4,2,4,0,S
264,4,3,4,0,S
264,4,4,4,0,S
264,10,1,10,0,ES
264,10,2,10,0,S
264,10,3,10,0,SESS
264,10,4,10,0,S
264,10,5,10,0,S
264,11,1,11,0,S
264,11,2,11,0,S
264,11,3,11,0,S
264,11,4,11,0,S
264,11,5,11,0,S
265,1,1,1,0,S
265,1,2,1,0,S
265,1,3,1,0,S
265,1,4,1,0,S
265,1,5,1,0,ES
265,2,2,2,0,SS
265,2,3,2,0,S
265,2,4,2,0,SS
265,2,5,2,0,S
265,4,1,4,0,ES
265,4,2,4,0,ES
265,4,3,4,0,ESES
265,4,4,4,0,SS
265,4,5,4,0,SESS
265,5,2,5,0,S
265,5,3,5,0,S
265,5,4,5,0,S
265,5,5,5,0,EEESS
265,6,1,6,0,S
265,6,2,6,0,SS
265,6,3,6,0,ES
265,6,4,6,0,ES
265,6,5,6,0,S
265,7,1,7,0,S
265,7,2,7,0,S
265,7,3,7,0,S
265,7,4,7,0,S
265,7,5,7,0,ES
265,9,1,9,0,ESES
265,9,2,9,0,S
265,9,3,9,0,ES
265,9,4,9,0,S
265,9,5,9,0,S
265,10,1,10,0,SS
265,10,2,10,0,SSES
265,10,4,10,0,S
265,10,5,10,0,ES
265,11,1,11,0,ESSSS
265,11,2,11,0,S
265,11,3,11,0,EES
265,11,4,11,0,S
265,11,5,11,0,SS
265,12,1,12,0,S
265,12,2,12,0,S
265,12,3,12,0,ES
265,12,4,12,0,ESSS
265,12,5,12,0,SSES
266,1,1,1,0,SEEEESSEEE
266,1,2,1,0,EEEEES
266,1,3,1,0,EEEEEEEEEEESESSEEEEESSESEEEEES
266,1,4,1,0,EEEEEEEEESSS
266,1,5,1,0,ESSSS
266,2,1,2,0,ES
266,2,2,2,0,EEEEEEE
266,2,4,2,0,EEEEEEEEEESEE
266,2,5,2,0,SS
266,3,1,3,0,SSSEEESS
266,3,2,3,0,ESESSSSSS
266,3,3,3,0,EEEEEESEEEEEESSSSS
266,3,4,3,0,EEES
266,3,5,3,0,EEEES
266,4,1,4,0,ESEESSSESSS
266,4,2,4,0,EEEES
266,4,3,4,0,EEEESEEEEES
266,4,4,4,0,EEEEEEEEEEEEEEEEEEES
266,4,5,4,0,EE
266,5,1,5,0,EEE
266,5,2,5,0,EEEEEEES
266,5,3,5,0,SS
266,5,4,5,0,EESS
266,5,5,5,0,EEEEEEEEES
266,6,1,6,0,EEEEEEEEEEEEEEESS
266,6,2,6,0,EEESEESEEEESEEEEEEEEEEEEEES
266,6,3,6,0,EESEEEES
266,6,5,6,0,S
266,7,1,7,0,SSS
266,7,2,7,0,EESSEESEESS
266,7,3,7,0,EEEEEESSSEESSSSEEEEEESEEESESSS
266,7,4,7,0,EE
266,7,5,7,0,SS
266,9,1,9,0,SS
266,9,2,9,0,ESSEEEEESSEES
266,9,3,9,0,SSS
266,9,4,9,0,EEEEEESSS
266,9,5,9,0,SEEEEESEEES
266,10,2,10,0,EESS
266,10,3,10,0,ES
266,10,4,10,0,SSSS
266,10,5,10,0,EE
267,1,1,1,1,ES
267,1,2,1,1,S
267,1,3,1,1,S
267,1,4,1,1,S
267,3,1,3,1,SS
267,3,2,3,1,S
267,3,3,3,1,ESS
267,3,4,3,1,S
267,3,5,3,1,S
267,4,1,4,1,S
267,4,2,4,1,S
267,4,3,4,1,ES
267,4,4,4,1,S
267,4,5,4,1,S
267,5,1,5,1,SES
267,5,2,5,1,SE
267,5,3,5,1,S
267,5,4,5,1,SSS
267,5,5,5,1,ESS
267,6,1,6,1,SSS
267,6,2,6,1,ES
267,6,3,6,1,ESES
267,6,4,6,1,S
267,6,5,6,1,S
267,7,1,7,0,ES
267,7,2,7,0,S
267,7,3,7,0,S
267,7,5,7,0,SS
267,8,1,8,0,S
267,8,2,8,0,SS
267,8,3,8,0,S
267,8,4,8,0,ES
267,9,1,9,0,SSES
267,9,2,9,0,SS
267,9,3,9,0,ESS
267,9,4,9,0,S
267,9,5,9,0,S
267,11,1,11,1,S
267,11,2,11,1,ESEES
267,11,3,11,1,EESES
267,11,4,11,1,ES
267,11,5,11,1,SSS
267,12,1,12,0,E
267,12,2,12,0,ES
267,12,3,12,0,ESS
267,12,4,12,0,S
267,12,5,12,0,S
268,1,1,1,0,SS
268,1,2,1,0,SSS
268,1,3,1,0,S
268,1,4,1,0,S
268,1,5,1,0,EEEESSS
268,2,1,2,0,SS
268,2,2,2,0,SSSESSEEEEEEEEES
268,2,3,2,0,S
268,2,4,2,0,SEEE
268,4,1,4,1,ESSSS
268,4,2,4,1,EEESS
268,4,3,4,1,EEEES
268,4,4,4,1,EEEES
268,4,5,4,1,SEEEEEEEES
268,5,1,5,1,EES
268,5,2,5,1,EES
268,5,3,5,1,EEES
268,5,4,5,1,EESSEEEES
268,5,5,5,1,EEE
268,6,1,6,1,SEES
268,6,2,6,1,EES
268,6,3,6,1,S
268,6,5,6,1,E
268,7,1,7,1,ES
268,7,3,7,1,EEEESEEESS
268,7,4,7,1,SS
268,7,5,7,1,EEEESS
268,10,1,10,1,EESEEEEEEEEEES
268,10,2,10,1,EEESSE
268,10,3,10,1,EEEEE
268,10,4,10,1,EESESSS
268,10,5,10,1,SS
268,12,1,12,0,EEEE
268,12,2,12,0,ESESS
268,12,3,12,0,SS
268,12,4,12,0,EES
269,1,1,1,0,SS
269,1,2,1,0,ES
269,1,3,1,0,ES
269,1,4,1,0,S
269,1,5,1,0,SS
269,2,1,2,0,EES
269,2,2,2,0,ESSSSSEE
269,2,3,2,0,SSES
269,2,4,2,0,S
269,2,5,2,0,ES
269,4,1,4,0,SES
269,4,2,4,0,ES
269,4,3,4,0,S
269,5,1,5,1,S
269,5,2,5,1,EE
269,5,3,5,1,ES
269,5,4,5,1,ES
269,5,5,5,1,EEEEES
269,6,1,6,1,ES
269,6,2,6,1,SEES
269,6,3,6,1,S
269,7,1,7,0,SSS
269,7,2,7,0,EESEESEEEEEES
269,7,3,7,0,EESES
269,7,4,7,0,SSEEEESSSSSSS
269,7,5,7,0,SS
269,9,1,9,1,SS
269,9,2,9,1,S
269,9,3,9,1,SEESSS
269,9,4,9,1,EES
269,9,5,9,1,ES
269,10,1,10,1,S
269,10,2,10,1,ES
269,10,3,10,1,EEES
269,10,4,10,1,S
269,11,1,11,0,SS
269,11,2,11,0,SS
269,11,3,11,0,EEES
269,11,4,11,0,ES
269,11,5,11,0,ES
269,12,1,12,0,S
269,12,2,12,0,SS
269,12,3,12,0,S
269,12,5,12,0,ES
270,2,1,2,0,S
270,2,2,2,0,S
270,2,3,2,0,S
270,2,4,2,0,ES
270,3,1,3,0,ESEES
270,3,2,3,0,ES
270,3,3,3,0,EEES
270,3,4,3,0,ES
270,3,5,3,0,S
270,4,1,4,0,S
270,4,2,4,0,SS
270,4,3,4,0,ESSSS
270,4,5,4,0,SS
270,7,1,7,0,S
270,7,2,7,0,S
270,7,3,7,0,ES
270,7,4,7,0,EES
270,7,5,7,0,SS
270,8,1,8,0,S
270,8,2,8,0,S
270,8,3,8,0,S
270,8,4,8,0,S
270,8,5,8,0,S
270,9,1,9,0,ESSS
270,9,3,9,0,EES
270,9,4,9,0,S
270,10,2,10,0,EESSSE
270,10,3,10,0,S
270,10,4,10,0,S
270,10,5,10,0,S
270,12,1,12,0,EEEEESS
270,12,2,12,0,SS
270,12,3,12,0,EEES
270,12,4,12,0,S
270,12,5,12,0,ESS
271,2,1,2,0,S
271,2,2,2,0,S
271,2,3,2,0,EE
271,2,4,2,0,E
271,2,5,2,0,ESS
271,3,3,3,0,S
271,3,4,3,0,E
271,3,5,3,0,ES
271,5,2,5,0,S
271,5,3,5,0,E
271,5,4,5,0,S
271,5,5,5,0,EESE
271,6,2,6,0,EESESEEEESSSS
271,6,3,6,0,EE
271,6,4,6,0,EES
271,6,5,6,0,EEEEEE
272,1,1,1,0,EES
272,1,2,1,0,S
272,1,3,1,0,ESSESES
272,1,4,1,0,EESSS
272,1,5,1,0,SSS
272,2,1,2,0,ES
272,2,2,2,0,ESS
272,2,3,2,0,ESS
272,2,4,2,0,ESEE
272,2,5,2,0,S
272,3,1,3,0,EES
272,3,2,3,0,EEESSE
272,3,4,3,0,S
272,3,5,3,0,ESSSS
272,4,2,4,0,S
272,4,3,4,0,SSS
272,4,4,4,0,ESEESS
272,4,5,4,0,EEEEEEEEESSS
272,5,1,5,0,S
272,5,2,5,0,ESSSEEES
272,5,4,5,0,SES
272,5,5,5,0,SSSSSEEES
272,6,2,6,0,EESSS
272,6,3,6,0,ES
272,6,4,6,0,S
272,6,5,6,0,ESESS
272,9,1,9,0,SEEEEESES
272,9,2,9,0,SSEESEESSSES
272,9,3,9,0,S
272,9,4,9,0,EES
273,1,1,1,0,EEESSSS
273,1,2,1,0,S
273,1,3,1,0,EEES
273,1,4,1,0,S
273,1,5,1,0,EEEEES
273,2,1,2,0,EEEEESES
273,2,2,2,0,SSEEEEEEEEE
273,2,3,2,0,S
273,2,4,2,0,EEESSS
273,2,5,2,0,SS
273,4,1,4,0,SS
273,4,2,4,0,EEEESSSSES
273,4,3,4,0,EEEES
273,4,4,4,0,ESS
273,4,5,4,0,SS
273,5,1,5,0,SEEESEESS
273,5,2,5,0,S
273,5,3,5,0,ESES
273,5,4,5,0,EESSS
273,5,5,5,0,SESSEESSEEEESSEEEEE
273,6,1,6,0,SEEEES
273,6,2,6,0,ESS
273,6,3,6,0,E
273,6,4,6,0,EES
273,6,5,6,0,EEEES
273,7,1,7,0,SESEEESEESSS
273,7,3,7,0,SEESEES
273,7,4,7,0,EES
273,7,5,7,0,S
273,8,1,8,0,EEE
273,8,2,8,0,SS
273,8,3,8,0,ES
273,8,4,8,0,SS
273,8,5,8,0,ESEEEEEEEESEEEEES
273,10,1,10,0,S
273,10,2,10,0,EESSSESSEES
273,10,4,10,0,S
273,10,5,10,0,SS
273,12,1,12,0,S
273,12,2,12,0,S
273,12,3,12,0,SEES
273,12,4,12,0,SSESES
273,12,5,12,0,SES
274,1,2,1,0,ESS
274,1,3,1,0,S
274,1,4,1,0,EESSS
274,1,5,1,0,S
274,2,1,2,0,S
274,2,2,2,0,ES
274,2,3,2,0,ESSS
274,2,4,2,0,S
274,2,5,2,0,SES
274,3,1,3,0,ESES
274,3,2,3,0,ES
274,3,3,3,0,EES
274,3,4,3,0,ES
274,3,5,3,0,S
274,4,1,4,0,EEES
274,4,2,4,0,EES
274,4,3,4,0,ES
274,4,4,4,0,S
274,4,5,4,0,S
274,5,2,5,0,S
274,5,3,5,0,SSES
274,5,5,5,0,ESS
274,6,1,6,0,EESS
274,6,2,6,0,S
274,6,3,6,0,S
274,6,4,6,0,ES
274,6,5,6,0,S
274,7,1,7,0,SS
274,7,2,7,0,S
274,7,3,7,0,S
274,7,4,7,0,S
274,7,5,7,0,SSS
274,8,1,8,0,S
274,8,2,8,0,SESS
274,8,3,8,0,ES
274,8,4,8,0,SS
274,8,5,8,0,EES
274,9,1,9,0,S
274,9,2,9,0,SSSSESS
274,9,3,9,0,SSS
274,9,4,9,0,SS
274,9,5,9,0,ESEEES
274,10,1,10,0,SS
274,10,2,10,0,S
274,10,3,10,0,S
274,10,4,10,0,ESS
274,10,5,10,0,ESEEES
274,11,1,11,0,ESS
274,11,2,11,0,S
274,11,3,11,0,S
274,11,4,11,0,EES
274,11,5,11,0,S
274,12,1,12,0,SESSS
274,12,2,12,0,S
274,12,3,12,0,ES
274,12,4,12,0,SS
274,12,5,12,0,ESES
275,1,1,1,0,S
275,1,2,1,0,ES
275,1,4,1,0,ES
275,1,5,1,0,S
275,2,1,2,0,S
275,2,2,2,0,S
275,2,3,2,0,S
275,2,4,2,0,S
275,2,5,2,0,ES
275,3,1,3,0,ES
275,3,2,3,0,E
275,3,3,3,0,SSS
275,3,4,3,0,E
275,3,5,3,0,S
275,4,1,4,0,EEEE
275,4,2,4,0,E
275,4,3,4,0,S
275,4,4,4,0,SSSSS
275,4,5,4,0,ES
275,5,1,5,0,SS
275,5,2,5,0,EESS
275,5,3,5,0,S
275,5,5,5,0,ESSSESSS
275,6,1,6,0,SS
275,6,3,6,0,EESEE
275,6,4,6,0,S
275,6,5,6,0,S
275,7,1,7,0,SEES
275,7,2,7,0,SS
275,7,3,7,0,EES
275,7,4,7,0,SSS
275,7,5,7,0,ES
275,8,1,8,0,SS
275,8,2,8,0,SS
275,8,3,8,0,SSS
275,8,4,8,0,S
275,8,5,8,0,SE
275,9,1,9,0,SE
275,9,2,9,0,S
275,9,3,9,0,E
275,9,4,9,0,S
275,9,5,9,0,ES
275,10,1,10,0,S
275,10,2,10,0,SSE
275,10,3,10,0,S
275,10,5,10,0,SES
275,11,1,11,0,S
275,11,2,11,0,SS
275,11,4,11,0,S
275,11,5,11,0,EES
275,12,1,12,0,S
275,12,2,12,0,S
275,12,3,12,0,S
275,12,4,12,0,SSSE
275,12,5,12,0,S
276,1,1,1,0,SS
276,1,2,1,0,EEEEESS
276,1,3,1,0,EEEEEEEESS
276,1,4,1,0,EEEEEEEEEEEESEEEESSSEES
276,1,5,1,0,SEEEEEEES
276,2,1,2,0,ESSS
276,2,2,2,0,SEEEEESS
276,2,3,2,0,ES
276,2,4,2,0,ES
276,2,5,2,0,EEEEEES
276,3,1,3,0,S
276,3,2,3,0,S
276,3,3,3,0,SS
276,3,4,3,0,EEEEEEESEES
276,3,5,3,0,EEESESEEEEES
276,4,2,4,0,EESSEEES
276,4,3,4,0,SEES
276,4,4,4,0,ESEESEEEEEEEEES
276,5,1,5,0,EEES
276,5,2,5,0,SES
276,5,3,5,0,SSS
276,5,4,5,0,EESEEEESSEEESEEES
276,5,5,5,0,S
276,6,1,6,0,EESS
276,6,2,6,0,SESS
276,6,3,6,0,SEEEEEE
276,6,4,6,0,SSS
276,6,5,6,0,S
276,7,1,7,0,EEEEEEEES
276,7,2,7,0,EEEEEEESSEEEESS
276,7,3,7,0,EEES
276,7,5,7,0,S
276,8,2,8,0,EEEEEEESEES
276,8,3,8,0,SEEEES
276,8,4,8,0,ES
276,8,5,8,0,SS
276,9,1,9,0,EEESSS
276,9,2,9,0,EEEESSSSEESEEESEEESEES
276,9,3,9,0,EEEEES
276,9,4,9,0,EESS
276,9,5,9,0,SESESS
276,12,1,12,0,SE
276,12,2,12,0,SS
276,12,3,12,0,EEEES
276,12,4,12,0,S
276,12,5,12,0,E
277,1,1,1,1,S
277,1,2,1,1,ES
277,1,3,1,1,SEES
277,2,1,2,1,ES
277,2,2,2,1,SS
277,2,3,2,1,ESS
277,2,4,2,1,S
277,2,5,2,1,SSES
277,4,1,4,1,SES
277,4,2,4,1,S
277,4,3,4,1,S
277,4,4,4,1,E
277,4,5,4,1,S
277,6,1,6,0,EES
277,6,2,6,0,E
277,6,3,6,0,S
277,6,4,6,0,SSSS
277,6,5,6,0,ES
277,7,1,7,0,SS
277,7,2,7,0,ESES
277,7,3,7,0,SSES
277,7,4,7,0,EEES
277,7,5,7,0,SS
277,11,1,11,1,S
277,11,2,11,1,S
277,11,3,11,1,EESS
277,11,4,11,1,S
277,11,5,11,1,S
277,12,1,12,1,S
277,12,2,12,1,ESSSEEES
277,12,3,12,1,ESS
277,12,4,12,1,EESSS
277,12,5,12,1,E
279,1,1,1,0,EEEE
279,1,2,1,0,ESSES
279,1,3,1,0,E
279,1,5,1,0,S
280,1,2,1,0,S
280,1,3,1,0,SEE
280,1,4,1,0,SE
280,1,5,1,0,ES
280,2,1,2,0,S
280,2,2,2,0,EESS
280,2,3,2,0,EESSSS
280,2,4,2,0,EESSEEEEES
280,2,5,2,0,S
280,3,2,3,0,EEEES
280,3,3,3,0,ESS
280,3,4,3,0,S
280,3,5,3,0,S
280,4,1,4,1,EE
280,4,2,4,1,SES
280,4,3,4,1,S
280,4,4,4,1,SS
280,4,5,4,1,S
280,5,1,5,1,EES
280,5,2,5,1,EEEES
280,5,3,5,1,ES
280,5,4,5,1,EEE
280,5,5,5,1,ES
280,6,1,6,1,ES
280,6,2,6,1,S
280,6,3,6,1,SESS
280,6,4,6,1,EES
280,6,5,6,1,S
280,7,1,7,1,S
280,7,2,7,1,SS
280,7,3,7,1,ESS
280,7,4,7,1,SESS
280,7,5,7,1,S
280,8,1,8,1,EES
280,8,2,8,1,SEESS
280,8,3,8,1,ES
280,8,4,8,1,SS
280,8,5,8,1,ESS
280,9,1,9,1,S
280,9,2,9,1,SS
280,9,3,9,1,S
280,9,4,9,1,SSSS
280,9,5,9,1,ES
280,10,1,10,1,SESS
280,10,2,10,1,ES
280,10,3,10,1,S
280,10,4,10,1,SS
280,11,1,11,0,S
280,11,2,11,0,SSSESS
280,11,3,11,0,EES
280,11,4,11,0,ES
280,11,5,11,0,SSES
280,12,1,12,1,S
280,12,2,12,1,ESSSSS
280,12,3,12,1,SSS
280,12,5,12,1,S
281,2,1,2,0,S
281,2,2,2,0,SSSS
281,2,3,2,0,E
281,2,4,2,0,S
281,3,1,3,0,E
281,3,2,3,0,SSS
281,3,3,3,0,S
281,3,4,3,0,S
281,3,5,3,0,SSSS
281,6,1,6,0,EESSEESESSS
281,6,2,6,0,ESE
281,6,3,6,0,E
281,6,4,6,0,ESS
281,6,5,6,0,SS
281,12,1,12,0,E
281,12,2,12,0,S
281,12,4,12,0,E
281,12,5,12,0,ESS
282,1,1,1,0,SES
282,1,2,1,0,S
282,1,3,1,0,SSS
282,1,4,1,0,SSS
282,1,5,1,0,S
282,2,1,2,0,S
282,2,2,2,0,ESSEEES
282,2,3,2,0,SS
282,2,4,2,0,SEEEEEES
282,3,1,3,0,SEES
282,3,3,3,0,SSE
282,3,4,3,0,ESES
282,3,5,3,0,EEES
282,5,1,5,0,EEESEEEEEESES
282,5,2,5,0,SSSSS
282,5,3,5,0,SS
282,5,4,5,0,SSES
282,5,5,5,0,SS
282,6,1,6,0,ESSSEEES
282,6,2,6,0,S
282,6,3,6,0,ESESESS
282,6,4,6,0,S
282,6,5,6,0,S
282,7,1,7,0,EES
282,7,2,7,0,SS
282,7,3,7,0,S
282,7,4,7,0,S
282,7,5,7,0,S
282,8,1,8,0,S
282,8,2,8,0,ES
282,8,3,8,0,SSES
282,8,4,8,0,ESES
282,8,5,8,0,SESS
282,9,1,9,0,EE
282,9,2,9,0,SS
282,9,3,9,0,SSEEE
282,9,4,9,0,SS
282,9,5,9,0,E
282,10,2,10,0,S
282,10,3,10,0,EE
282,10,4,10,0,EE
282,10,5,10,0,EESESSS
282,11,1,11,0,EEEESS
282,11,2,11,0,S
282,11,3,11,0,SE
282,11,4,11,0,EESSS
282,11,5,11,0,E
282,12,1,12,0,S
282,12,2,12,0,ESSSSS
282,12,4,12,0,E
282,12,5,12,0,SSS
283,1,1,1,1,SSSEEESSEESS
283,1,3,1,1,ESS
283,1,5,1,1,ESESS
283,2,1,2,1,EEESS
283,2,2,2,1,ESS
283,2,3,2,1,EESESSSEEES
283,2,4,2,1,S
283,2,5,2,1,EEESEEES
283,3,1,3,0,S
283,3,2,3,0,ESSS
283,3,3,3,0,SS
283,3,4,3,0,EESS
283,3,5,3,0,EEESEEEEE
283,4,1,4,1,EEES
283,4,2,4,1,EEES
283,4,3,4,1,EESE
283,4,4,4,1,EES
283,4,5,4,1,SSEEEEEEEEE
283,5,1,5,0,E
283,5,2,5,0,EESSEEESSSSSEEEEEESS
283,5,3,5,0,EEEEE
283,5,4,5,0,S
283,5,5,5,0,EEEEEEEE
283,6,1,6,1,EESSS
283,6,2,6,1,S
283,6,3,6,1,SESSS
283,6,4,6,1,EESSSSS
283,6,5,6,1,ES
283,12,1,12,0,EESSSSS
283,12,2,12,0,EESSS
283,12,3,12,0,SSSS
283,12,4,12,0,SEEEEEEEES
283,12,5,12,0,EESSSEEEEESSSSSS
284,2,1,2,0,ESES
284,2,2,2,0,S
284,2,3,2,0,S
284,2,4,2,0,SS
284,2,5,2,0,S
284,3,1,3,0,S
284,3,2,3,0,EESS
284,3,3,3,0,ES
284,3,4,3,0,SS
284,3,5,3,0,SE
284,4,1,4,0,ESSSESS
284,4,2,4,0,S
284,4,3,4,0,ESESS
284,4,4,4,0,ESESSSS
284,4,5,4,0,ES
284,5,1,5,0,EEES
284,5,2,5,0,SES
284,5,4,5,0,SSSSS
284,5,5,5,0,ES
284,6,1,6,0,EEEES
284,6,3,6,0,E
284,6,4,6,0,SSSSEES
284,6,5,6,0,E
284,7,1,7,0,SS
284,7,2,7,0,S
284,7,3,7,0,S
284,7,4,7,0,ESS
284,7,5,7,0,ESS
284,8,1,8,0,S
284,8,2,8,0,EES
284,8,3,8,0,EE
284,8,4,8,0,SS
284,8,5,8,0,SSS
284,9,1,9,0,S
284,9,2,9,0,ESS
284,9,3,9,0,EESE
284,9,4,9,0,ESS
284,9,5,9,0,EEE
284,10,1,10,0,S
284,10,2,10,0,S
284,10,3,10,0,SEEESSS
284,10,4,10,0,E
284,10,5,10,0,SS
284,11,1,11,0,ESSS
284,11,2,11,0,EES
284,11,4,11,0,ESS
284,11,5,11,0,S
284,12,1,12,0,S
284,12,2,12,0,S
284,12,3,12,0,SSS
284,12,4,12,0,S
284,12,5,12,0,S
285,1,1,1,0,E
285,1,2,1,0,SEEEEEE
285,1,3,1,0,E
285,1,4,1,0,EE
285,1,5,1,0,ESSEEE
285,2,1,2,0,SESSS
285,2,2,2,0,ESS
285,2,3,2,0,EEEESE
285,2,4,2,0,EE
285,2,5,2,0,EE
285,4,1,4,0,E
285,4,2,4,0,EEE
285,4,3,4,0,E
285,4,4,4,0,EEESE
285,4,5,4,0,EE
285,5,1,5,0,E
285,5,2,5,0,SEE
285,5,3,5,0,EEE
285,5,4,5,0,S
285,5,5,5,0,SSEEE
286,1,1,1,0,ESEEEES
286,1,2,1,0,E
286,1,4,1,0,ES
286,1,5,1,0,SSSSESSS
286,2,1,2,0,SSS
286,2,2,2,0,EEE
286,2,3,2,0,SSS
286,2,4,2,0,ESSSS
286,2,5,2,0,S
286,4,1,4,0,S
286,4,3,4,0,ES
286,4,4,4,0,S
286,4,5,4,0,EES
286,6,1,6,0,EEES
286,6,2,6,0,S
286,6,3,6,0,S
286,6,5,6,0,EEEES
286,7,1,7,0,SSSS
286,7,2,7,0,EEESES
286,7,3,7,0,S
286,7,4,7,0,SSSEES
286,7,5,7,0,EE
286,8,1,8,0,SSSS
286,8,3,8,0,ES
286,8,4,8,0,EESSSS
286,8,5,8,0,ESE
286,11,1,11,0,EEESSSS
286,11,2,11,0,EEEEEEEEEES
286,11,3,11,0,SESS
286,11,4,11,0,SSS
286,11,5,11,0,EEES
287,2,1,2,0,S
287,2,2,2,0,SS
287,2,3,2,0,S
287,2,4,2,0,EES
287,2,5,2,0,S
287,3,1,3,0,EEESEESE
287,3,2,3,0,EEES
287,3,3,3,0,SSS
287,3,4,3,0,EE
287,3,5,3,0,S
287,4,1,4,0,SS
287,4,2,4,0,SSSS
287,4,3,4,0,S
287,4,4,4,0,ES
287,4,5,4,0,EES
287,5,1,5,0,S
287,5,3,5,0,S
287,5,4,5,0,ESS
287,5,5,5,0,SS
287,7,1,7,0,SESE
287,7,2,7,0,ESEE
287,7,3,7,0,S
287,7,5,7,0,S
287,8,1,8,0,S
287,8,2,8,0,SSS
287,8,3,8,0,ES
287,8,4,8,0,SS
287,8,5,8,0,S
287,9,1,9,0,ES
287,9,3,9,0,S
287,9,4,9,0,E
287,9,5,9,0,SSSESSSES
287,10,1,10,0,S
287,10,2,10,0,ESS
287,10,4,10,0,ES
287,10,5,10,0,S
287,11,1,11,0,SSSSS
287,11,2,11,0,SSS
287,11,3,11,0,SS
287,11,4,11,0,E
287,11,5,11,0,S
288,10,3,10,0,S
288,10,4,10,0,S
288,10,5,10,0,S
288,12,1,12,0,SSS
288,12,2,12,0,S
288,12,3,12,0,ES
288,12,4,12,0,SSS
288,12,5,12,0,SSS
289,1,1,1,0,EES
289,1,2,1,0,SS
289,1,3,1,0,EES
289,1,4,1,0,EES
289,1,5,1,0,E
289,2,1,2,0,EE
289,2,2,2,0,SS
289,2,3,2,0,EESSSS
289,2,4,2,0,SSSS
289,2,5,2,0,EE
289,3,1,3,0,SE
289,3,2,3,0,SEEEEEESSEEESSSSSSS
289,3,4,3,0,SES
289,3,5,3,0,SE
289,5,1,5,0,EES
289,5,3,5,0,EES
289,5,4,5,0,E
289,5,5,5,0,S
289,6,1,6,0,S
289,6,2,6,0,ESSSSSSEEESSE
289,6,3,6,0,SEE
289,6,4,6,0,ESSSESEEEEEE
289,6,5,6,0,ESE
289,9,1,9,0,EEE
289,9,2,9,0,ESS
289,9,3,9,0,EEEES
289,9,4,9,0,EEEESSESS
289,9,5,9,0,EEEEEEEE
290,1,1,1,0,E
290,1,2,1,0,EESS
290,1,3,1,0,EEE
290,1,4,1,0,S
290,1,5,1,0,EES
290,2,1,2,0,ES
290,2,2,2,0,S
290,2,4,2,0,ES
290,4,1,4,0,EESEEES
290,4,2,4,0,ESEEEES
290,4,3,4,0,EE
290,4,4,4,0,EEEEE
290,4,5,4,0,E
290,6,1,6,0,S
290,6,2,6,0,ES
290,6,3,6,0,S
290,6,4,6,0,EE
290,7,1,7,0,ESEEE
290,7,2,7,0,E
290,7,3,7,0,SEEEEEEEE
290,7,4,7,0,SSSES
290,7,5,7,0,SS
290,8,1,8,0,EEE
290,8,2,8,0,S
290,8,3,8,0,S
290,8,4,8,0,S
290,8,5,8,0,ES
290,9,1,9,1,ES
290,9,2,9,1,EEEE
290,9,3,9,1,ESEEEEEEES
290,9,4,9,1,S
290,9,5,9,1,E
290,10,1,10,1,SE
290,10,2,10,1,EESE
290,10,3,10,1,S
290,10,4,10,1,SSS
290,10,5,10,1,ESEE
291,1,1,1,0,ESEEEEEEE
291,1,2,1,0,E
291,1,3,1,0,EEEES
291,1,4,1,0,E
291,1,5,1,0,SSSEE
291,2,1,2,1,EEESEEEEES
291,2,2,2,1,ESEE
291,2,3,2,1,SEEEE
291,2,4,2,1,ES
291,2,5,2,1,EESEEESEEEES
291,3,1,3,1,S
291,3,2,3,1,EEESS
291,3,3,3,1,SES
291,3,4,3,1,EEEEEEEES
291,3,5,3,1,ESS
291,4,1,4,0,SSSS
291,4,2,4,0,SSSSS
291,4,3,4,0,SS
291,4,4,4,0,SESE
291,4,5,4,0,S
291,5,1,5,1,ESS
291,5,2,5,1,SEEEEEEEEEEEEES
291,5,4,5,1,E
291,5,5,5,1,E
291,6,1,6,1,EEEES
291,6,2,6,1,SEEESEEES
291,6,3,6,1,EEESEEEEE
291,6,4,6,1,SSESESESSS
291,6,5,6,1,EES
291,8,1,8,1,EESSSEEESES
291,8,2,8,1,S
291,8,3,8,1,S
291,8,4,8,1,SEEESSEE
291,8,5,8,1,EEESS
291,9,1,9,1,EEEEE
291,9,2,9,1,SS
291,9,3,9,1,ESEEEESEEEESES
291,9,4,9,1,EEES
291,9,5,9,1,EESS
292,1,1,1,1,ES
292,1,2,1,1,ESSS
292,1,3,1,1,EEES
292,1,4,1,1,SEES
292,1,5,1,1,S
292,2,1,2,0,S
292,2,2,2,0,SS
292,2,3,2,0,EES
292,2,4,2,0,SEESSSSS
292,2,5,2,0,ES
292,3,1,3,1,EE
292,3,3,3,1,EES
292,3,4,3,1,ES
292,3,5,3,1,ESES
292,4,1,4,1,EEES
292,4,2,4,1,S
292,4,3,4,1,EEESS
292,4,5,4,1,EEESSES
292,5,1,5,0,EES
292,5,2,5,0,SS
292,5,3,5,0,SSEEES
292,5,4,5,0,EES
292,6,1,6,1,S
292,6,2,6,1,S
292,6,3,6,1,ES
292,6,4,6,1,S
292,6,5,6,1,ES
292,7,1,7,0,S
292,7,2,7,0,E
292,7,3,7,0,SS
292,7,4,7,0,S
292,9,1,9,1,ESES
292,9,2,9,1,EEES
292,9,3,9,1,EES
292,9,4,9,1,ESSS
292,9,5,9,1,EEES
292,10,1,10,1,EESSEEEEESS
292,10,2,10,1,S
292,10,3,10,1,SSSSSSES
292,10,4,10,1,SE
292,10,5,10,1,SES
292,11,1,11,0,S
292,11,2,11,0,EEES
292,11,3,11,0,S
292,11,4,11,0,SSS
292,11,5,11,0,SSSEE
292,12,1,12,0,SS
292,12,2,12,0,ESES
292,12,3,12,0,S
292,12,4,12,0,S
292,12,5,12,0,SSS
293,1,1,1,0,S
293,1,2,1,0,ESS
293,1,4,1,0,SSS
293,1,5,1,0,EEESSESSSS
293,3,1,3,0,EESSES
293,3,2,3,0,S
293,3,3,3,0,S
293,3,4,3,0,SS
293,3,5,3,0,EE
293,4,1,4,0,SSS
293,4,2,4,0,EESSS
293,4,3,4,0,E
293,4,4,4,0,S
293,4,5,4,0,S
293,5,1,5,0,SSS
293,5,3,5,0,S
293,5,4,5,0,S
293,5,5,5,0,SSSS
293,7,2,7,0,E
293,7,3,7,0,E
293,7,4,7,0,ESS
293,7,5,7,0,ES
293,8,1,8,0,ES
293,8,2,8,0,ESSESE
293,8,3,8,0,ES
293,8,4,8,0,S
293,8,5,8,0,EESESEEEEEES
293,9,1,9,0,EES
293,9,2,9,0,SES
293,9,3,9,0,EEEEESES
293,9,4,9,0,SSSSS
293,9,5,9,0,E
293,10,1,10,0,S
293,10,2,10,0,ESSEESS
293,10,3,10,0,EESS
293,10,5,10,0,S
293,12,2,12,0,SEESSEESSEES
293,12,3,12,0,SSSE
293,12,4,12,0,S
293,12,5,12,0,EEEEESSS
294,4,2,4,0,S
294,4,3,4,0,EEES
294,4,4,4,0,EEEEES
294,4,5,4,0,SEE
294,5,1,5,0,EEES
294,5,2,5,0,ESEEEEEE
294,5,3,5,0,S
294,5,4,5,0,SES
294,5,5,5,0,S
294,6,1,6,0,S
294,6,2,6,0,SEEE
294,6,3,6,0,ES
294,6,4,6,0,S
294,6,5,6,0,E
294,7,1,7,0,SS
294,7,2,7,0,EES
294,7,3,7,0,SS
294,7,4,7,0,S
294,7,5,7,0,E
294,9,1,9,0,E
294,9,2,9,0,EES
294,9,4,9,0,EES
294,10,1,10,0,E
294,10,2,10,0,ESS
294,10,3,10,0,E
294,10,4,10,0,EES
294,10,5,10,0,ESSS
294,11,1,11,0,ESES
294,11,2,11,0,EES
294,11,3,11,0,EES
294,11,4,11,0,SSSEEE
294,11,5,11,0,S
294,12,1,12,0,S
294,12,2,12,0,EES
294,12,3,12,0,SS
294,12,4,12,0,S
294,12,5,12,0,SSSESS
295,2,1,2,0,EES
295,2,3,2,0,SS
295,2,4,2,0,S
295,2,5,2,0,SSS
296,5,1,5,0,EES
296,5,2,5,0,ES
296,5,4,5,0,S
296,5,5,5,0,ESEEESSE
296,6,1,6,0,ES
296,6,2,6,0,ESEEEEESSSSSEEEEE
296,6,3,6,0,S
296,6,4,6,0,EEEEES
296,6,5,6,0,E
296,7,1,7,0,EEEEE
296,7,2,7,0,ESS
296,7,3,7,0,E
296,7,4,7,0,S
296,7,5,7,0,S
296,8,2,8,0,EE
296,8,3,8,0,ES
296,8,4,8,0,EEES
296,8,5,8,0,EES
296,9,1,9,0,SSSSSSS
296,9,2,9,0,ES
296,9,3,9,0,ESS
296,9,4,9,0,SS
296,9,5,9,0,SS
296,11,1,11,0,ESEES
296,11,2,11,0,EEESS
296,11,3,11,0,EEE
296,11,4,11,0,EE
296,11,5,11,0,ESSESSE
296,12,1,12,0,E
296,12,2,12,0,SSSSSS
296,12,3,12,0,EEEE
296,12,4,12,0,SSEEE
296,12,5,12,0,EE
297,1,1,1,0,E
297,1,2,1,0,S
297,1,3,1,0,S
297,1,4,1,0,EES
297,1,5,1,0,EEESS
297,2,1,2,0,SEE
297,2,2,2,0,SESSEES
297,2,3,2,0,S
297,2,4,2,0,ES
297,2,5,2,0,S
297,3,1,3,0,E
297,3,2,3,0,EESSS
297,3,3,3,0,EEESSEEEESS
297,3,4,3,0,EE
297,3,5,3,0,S
297,4,1,4,0,SES
297,4,3,4,0,SS
297,4,4,4,0,ESESE
297,4,5,4,0,E
297,5,1,5,0,SS
297,5,2,5,0,SSSS
297,5,3,5,0,EEEEEE
297,5,4,5,0,SES
297,5,5,5,0,SESE
297,6,1,6,0,EESS
297,6,2,6,0,ES
297,6,3,6,0,ES
297,6,4,6,0,SES
297,6,5,6,0,EEE
297,7,1,7,0,ESES
297,7,2,7,0,ES
297,7,4,7,0,S
297,7,5,7,0,SS
297,8,1,8,0,S
297,8,2,8,0,S
297,8,3,8,0,SS
297,8,4,8,0,SEEEEESS
297,8,5,8,0,EESS
297,10,1,10,0,EE
297,10,2,10,0,SS
297,10,3,10,0,EESEEEEEEES
297,10,4,10,0,SESSSESS
297,10,5,10,0,S
297,11,2,11,0,EES
297,11,3,11,0,ES
297,11,4,11,0,ESESS
297,11,5,11,0,E
298,1,1,1,0,SEEE
298,1,2,1,0,EESEEE
298,1,3,1,0,E
298,1,4,1,0,ES
298,1,5,1,0,S
298,3,1,3,0,EES
298,3,2,3,0,S
298,3,3,3,0,EEE
298,3,4,3,0,SEEESSSSES
298,3,5,3,0,ESEESEEE
298,4,1,4,0,SS
298,4,2,4,0,ES
298,4,3,4,0,EEES
298,4,4,4,0,ES
298,4,5,4,0,EEEE
298,5,1,5,0,EEE
298,5,2,5,0,SS
298,5,3,5,0,EES
298,5,4,5,0,S
298,5,5,5,0,EEES
298,6,2,6,0,S
298,6,3,6,0,SESSSS
298,6,4,6,0,E
298,6,5,6,0,ES
298,8,1,8,0,S
298,8,2,8,0,SESSS
298,8,3,8,0,ESSSES
298,8,5,8,0,EE
298,9,1,9,0,S
298,9,2,9,0,EEESSSSSSSS
298,9,3,9,0,EEE
298,9,5,9,0,EEEESSSS
299,1,1,1,0,S
299,1,2,1,0,SS
299,1,3,1,0,SS
299,1,4,1,0,S
299,1,5,1,0,E
299,2,1,2,0,S
299,2,2,2,0,S
299,2,3,2,0,EES
299,2,4,2,0,SESSSEESSSS
299,3,1,3,0,ESS
299,3,2,3,0,E
299,3,3,3,0,SS
299,3,4,3,0,SSSSS
299,3,5,3,0,EEE
299,4,1,4,0,SSSS
299,4,2,4,0,S
299,4,3,4,0,S
299,4,4,4,0,S
299,4,5,4,0,SS
299,7,1,7,0,ES
299,7,2,7,0,E
299,7,3,7,0,S
299,7,4,7,0,S
299,7,5,7,0,SS
299,10,1,10,0,SSSSSE
299,10,2,10,0,SSSS
299,10,3,10,0,E
299,10,4,10,0,EESESSSS
299,10,5,10,0,S
299,12,2,12,0,S
299,12,3,12,0,S
299,12,4,12,0,S
299,12,5,12,0,E
300,1,1,1,0,S
300,1,3,1,0,S
300,1,4,1,0,S
300,1,5,1,0,S
300,2,1,2,0,S
300,2,2,2,0,E
300,2,3,2,0,S
300,2,4,2,0,SSS
300,2,5,2,0,SES
300,3,1,3,0,S
300,3,2,3,0,S
300,3,3,3,0,ESS
300,3,5,3,0,SSS
300,4,1,4,0,ES
300,4,2,4,0,ES
300,4,3,4,0,ES
300,4,4,4,0,S
300,4,5,4,0,S
300,5,1,5,0,ESS
300,5,2,5,0,S
300,5,3,5,0,S
300,5,4,5,0,SS
300,5,5,5,0,SS
300,6,1,6,0,SES
300,6,2,6,0,S
300,6,3,6,0,S
300,6,4,6,0,EES
300,6,5,6,0,E
300,7,1,7,0,S
300,7,2,7,0,S
300,7,3,7,0,SS
300,7,4,7,0,SS
300,7,5,7,0,EESS
300,8,1,8,0,EEES
300,8,3,8,0,E
300,8,4,8,0,SS
300,8,5,8,0,SS
300,9,1,9,0,S
300,9,2,9,0,ES
300,9,3,9,0,S
300,9,4,9,0,S
300,10,1,10,0,S
300,10,2,10,0,S
300,10,3,10,0,S
300,10,4,10,0,SSES
300,11,1,11,0,ESSS
300,11,2,11,0,S
300,11,3,11,0,ES
300,11,4,11,0,EES
300,11,5,11,0,S
300,12,1,12,0,S
300,12,2,12,0,S
300,12,3,12,0,S
300,12,4,12,0,ES
300,12,5,12,0,SS
301,1,1,1,1,ES
301,1,2,1,1,E
301,1,3,1,1,SSEESSSSS
301,1,4,1,1,SS
301,1,5,1,1,ESS
301,2,1,2,1,S
301,2,2,2,1,SEESSS
301,2,3,2,1,ES
301,2,4,2,1,ES
301,2,5,2,1,ES
301,4,1,4,0,EE
301,4,2,4,0,EEESSSEE
301,4,3,4,0,EEES
301,4,4,4,0,SS
301,4,5,4,0,S
301,5,1,5,1,EEEE
301,5,2,5,1,EES
301,5,3,5,1,SS
301,5,4,5,1,S
301,5,5,5,1,S
301,6,1,6,0,SESSSS
301,6,2,6,0,ES
301,6,3,6,0,EEE
301,6,4,6,0,ESSSSS
301,6,5,6,0,SEEE
301,7,1,7,0,E
301,7,2,7,0,SES
301,7,3,7,0,S
301,7,4,7,0,S
301,7,5,7,0,ESS
301,9,1,9,1,SSS
301,9,2,9,1,S
301,9,3,9,1,ES
301,9,4,9,1,SSSE
301,9,5,9,1,ESSESSES
301,11,1,11,0,SSEEEES
301,11,2,11,0,EE
301,11,3,11,0,EE
301,11,4,11,0,SSEEESS
301,11,5,11,0,ESS
301,12,1,12,0,ESS
301,12,2,12,0,E
301,12,3,12,0,SS
301,12,4,12,0,EEEEESSEESSSSSEEEEEES
301,12,5,12,0,EES
302,1,1,1,1,S
302,1,2,1,1,ES
302,1,3,1,1,S
302,1,4,1,1,S
302,1,5,1,1,SSS
302,2,1,2,1,S
302,2,2,2,1,ESS
302,2,3,2,1,ESS
302,2,4,2,1,S
302,2,5,2,1,S
302,3,2,3,1,S
302,3,3,3,1,S
302,3,4,3,1,SES
302,3,5,3,1,SS
302,4,1,4,1,S
302,4,3,4,1,ESSS
302,4,5,4,1,SS
302,5,1,5,0,S
302,5,2,5,0,S
302,5,3,5,0,S
302,5,5,5,0,S
302,6,1,6,1,SSEES
302,6,2,6,1,S
302,6,3,6,1,ES
302,6,4,6,1,S
302,6,5,6,1,S
302,7,1,7,0,ES
302,7,2,7,0,EES
302,7,4,7,0,S
302,7,5,7,0,ES
302,8,1,8,1,ESS
302,8,2,8,1,S
302,8,3,8,1,SS
302,8,4,8,1,ES
302,8,5,8,1,SSES
302,9,2,9,1,SSEESSSS
302,9,3,9,1,EES
302,9,4,9,1,S
302,10,1,10,0,S
302,10,2,10,0,EES
302,10,3,10,0,S
302,10,4,10,0,SS
302,10,5,10,0,S
302,11,1,11,0,SS
302,11,2,11,0,ES
302,11,3,11,0,S
302,11,4,11,0,ESS
302,12,1,12,1,S
302,12,2,12,1,S
302,12,3,12,1,S
302,12,4,12,1,ESES
303,2,1,2,1,S
303,2,2,2,1,EEEES
303,2,3,2,1,SES
303,2,4,2,1,S
303,2,5,2,1,EES
303,3,1,3,0,SSSSS
303,3,2,3,0,S
303,3,3,3,0,S
303,3,4,3,0,E
303,3,5,3,0,ES
303,4,1,4,0,S
303,4,2,4,0,S
303,4,3,4,0,S
303,4,4,4,0,SSS
303,4,5,4,0,EES
303,5,1,5,0,S
303,5,2,5,0,S
303,5,3,5,0,ES
303,5,5,5,0,ES
303,6,1,6,0,S
303,6,2,6,0,S
303,6,3,6,0,EESSSSE
303,6,4,6,0,EES
303,6,5,6,0,SSES
303,7,1,7,1,S
303,7,3,7,1,ES
303,7,5,7,1,ES
303,8,1,8,1,S
303,8,2,8,1,SES
303,8,3,8,1,S
303,8,5,8,1,SS
303,9,1,9,1,S
303,9,2,9,1,S
303,9,3,9,1,S
303,9,4,9,1,EE
303,9,5,9,1,E
303,10,1,10,1,ESSE
303,10,2,10,1,S
303,10,4,10,1,SS
303,10,5,10,1,ESS
303,11,1,11,0,SS
303,11,2,11,0,S
303,11,3,11,0,SSS
303,11,4,11,0,SSS
303,11,5,11,0,S
303,12,1,12,0,EE
303,12,2,12,0,SSSS
303,12,3,12,0,S
303,12,4,12,0,S
303,12,5,12,0,S
304,2,2,2,0,S
304,2,4,2,0,S
304,2,5,2,0,S
304,4,1,4,0,ESS
304,4,2,4,0,SEEES
304,4,4,4,0,ESE
304,4,5,4,0,ES
304,5,1,5,0,EESSESS
304,5,2,5,0,ES
304,5,3,5,0,S
304,5,4,5,0,S
304,5,5,5,0,SESES
304,6,1,6,0,ESSS
304,6,2,6,0,S
304,6,3,6,0,ES
304,6,4,6,0,S
304,6,5,6,0,ESS
304,7,1,7,0,ES
304,7,2,7,0,SS
304,7,3,7,0,S
304,7,4,7,0,ESSS
304,7,5,7,0,EES
304,9,1,9,0,S
304,9,2,9,0,EEE
304,9,3,9,0,S
304,11,1,11,0,S
304,11,2,11,0,SSES
304,11,3,11,0,EEESSS
304,11,4,11,0,S
304,11,5,11,0,S
304,12,1,12,0,S
304,12,2,12,0,S
304,12,3,12,0,S
304,12,4,12,0,S
304,12,5,12,0,SSS
305,2,1,2,0,SS
305,2,2,2,0,SS
305,2,3,2,0,EEEE
305,2,4,2,0,SS
305,2,5,2,0,SSS
305,3,1,3,0,E
305,3,2,3,0,S
305,3,3,3,0,SS
305,3,4,3,0,SSS
305,3,5,3,0,S
305,4,1,4,0,S
305,4,2,4,0,ES
305,4,3,4,0,SSS
305,4,4,4,0,ES
305,4,5,4,0,EEEES
305,7,1,7,0,S
305,7,2,7,0,S
305,7,3,7,0,S
305,7,4,7,0,SS
305,8,1,8,0,SS
305,8,2,8,0,EE
305,8,3,8,0,EESSSES
305,8,4,8,0,S
305,8,5,8,0,EEE
305,11,1,11,0,SSS
305,11,2,11,0,ESS
305,11,3,11,0,S
305,11,4,11,0,S
305,11,5,11,0,SES
306,1,1,1,0,E
306,1,2,1,0,SSEEEEEE
306,1,3,1,0,EEES
306,1,4,1,0,SEE
306,1,5,1,0,EEEEEEEEE
306,2,1,2,0,EESEEEEE
306,2,2,2,0,EEEEEEES
306,2,4,2,0,E
306,2,5,2,0,EEESSEESSEEEEEEE
306,3,1,3,0,E
306,3,2,3,0,EEESSEE
306,3,3,3,0,EEEEEEE
306,3,4,3,0,E
306,3,5,3,0,EE
306,4,1,4,0,EEEEEEEEEE
306,4,2,4,0,SSSSEEE
306,4,3,4,0,SESEEEEEEEEEEEESSSSE
306,4,4,4,0,EE
306,4,5,4,0,SE
306,5,1,5,0,SSS
306,5,2,5,0,EEE
306,5,3,5,0,EE
306,5,4,5,0,E
306,5,5,5,0,EEEEEEE
306,6,1,6,0,EEEEE
306,6,2,6,0,SS
306,6,3,6,0,EEEEE
306,6,4,6,0,ESESEE
306,6,5,6,0,EES
306,9,1,9,0,EEEE
306,9,2,9,0,ESSSEEEEEEESSSEEEEEEEEEEEEEEEE
306,9,3,9,0,E
306,9,4,9,0,E
306,9,5,9,0,S
307,6,1,6,0,SS
307,6,2,6,0,SSSSSS
307,6,3,6,0,S
307,6,4,6,0,E
307,6,5,6,0,SSS
309,1,1,1,0,S
309,1,2,1,0,S
309,1,3,1,0,S
309,1,4,1,0,ES
309,1,5,1,0,EEESS
309,3,1,3,0,EESS
309,3,2,3,0,S
309,3,3,3,0,S
309,3,4,3,0,S
309,3,5,3,0,SS
309,4,1,4,0,SS
309,4,2,4,0,EESEEEES
309,4,3,4,0,E
309,4,5,4,0,S
309,5,1,5,0,S
309,5,2,5,0,SSS
309,5,3,5,0,S
309,5,4,5,0,SSSS
309,6,1,6,0,SS
309,6,2,6,0,SES
309,6,3,6,0,SSS
309,6,4,6,0,EE
309,6,5,6,0,EESS
309,8,1,8,0,E
309,8,2,8,0,S
309,8,3,8,0,S
309,8,4,8,0,S
309,8,5,8,0,S
309,9,1,9,0,S
309,9,2,9,0,S
309,9,3,9,0,SEEESEESS
309,9,4,9,0,ESS
309,9,5,9,0,ES
309,10,1,10,0,SS
309,10,2,10,0,S
309,10,3,10,0,E
309,10,4,10,0,SSS
309,11,1,11,0,SS
309,11,2,11,0,E
309,11,3,11,0,SS
309,11,4,11,0,ESS
309,11,5,11,0,S
310,1,1,1,0,EEEEEE
310,1,2,1,0,EE
310,1,3,1,0,EEEE
310,1,4,1,0,EEEES
310,1,5,1,0,EEEEEE
310,2,1,2,0,EEEEEEEEEEEEEEEEEEEEEEEES
310,2,2,2,0,EEEEEE
310,2,3,2,0,EEEE
310,2,4,2,0,SSSEEEEEEEEE
310,2,5,2,0,SSEE
310,3,3,3,0,EEEEEEEEEEEEEEEEEEEEEEEE
310,3,4,3,0,SSESSEEEEE
310,3,5,3,0,EEEEE
310,4,1,4,0,E
310,4,2,4,0,SSSEEEEEEEE
310,4,3,4,0,EEEEEEE
310,4,4,4,0,EEEE
310,4,5,4,0,S
310,5,1,5,0,EEEEEEEEEEEEEEEEESEEE
310,5,2,5,0,EEEE
310,5,3,5,0,EEEEE
310,5,4,5,0,EESEEEEEEEESEEEEEEEEEEESEEEEEE
310,5,5,5,0,EEEEEEEEEEEES
310,7,2,7,0,EEEEEEEEESEEEEEESEE
310,7,3,7,0,EEEESEEEEEESEEE
310,7,4,7,0,EEEEEEEEESEEEEEEEEEEEEEEE
310,7,5,7,0,EEEEEEEEE
311,1,1,1,0,S
311,1,2,1,0,S
311,1,3,1,0,ES
311,1,4,1,0,SSS
311,2,1,2,0,SEEEESEEEES
311,2,2,2,0,ES
311,2,3,2,0,EES
311,2,5,2,0,ES
311,3,1,3,0,ESSSS
311,3,2,3,0,S
311,3,3,3,0,ES
311,3,5,3,0,EESSS
311,4,1,4,0,SS
311,4,2,4,0,SSEE
311,4,3,4,0,EEEESSSSSSEEES
311,4,4,4,0,SSSS
311,4,5,4,0,S
311,5,1,5,0,ES
311,5,2,5,0,ESSES
311,5,4,5,0,SS
311,5,5,5,0,SS
311,6,1,6,0,SS
311,6,2,6,0,S
311,6,4,6,0,S
311,6,5,6,0,ES
311,9,1,9,0,EESS
311,9,2,9,0,S
311,9,3,9,0,EESEEESS
311,9,4,9,0,EEES
311,9,5,9,0,EESES
311,10,1,10,0,S
311,10,2,10,0,EES
311,10,4,10,0,EEEEEES
311,10,5,10,0,EEEEEEESS
311,12,1,12,0,ES
311,12,2,12,0,S
311,12,3,12,0,EES
311,12,5,12,0,SSS
312,1,1,1,0,EES
312,1,3,1,0,S
312,1,4,1,0,S
312,1,5,1,0,ESS
312,2,1,2,0,S
312,2,2,2,0,S
312,2,3,2,0,S
312,2,4,2,0,S
312,2,5,2,0,S
312,3,1,3,0,S
312,3,2,3,0,ES
312,3,3,3,0,SES
312,3,4,3,0,S
312,3,5,3,0,ES
312,4,1,4,0,EES
312,4,2,4,0,E
312,4,3,4,0,SSSS
312,4,4,4,0,S
312,4,5,4,0,ESSS
312,5,1,5,0,EEESS
312,5,2,5,0,S
312,5,3,5,0,S
312,5,4,5,0,S
312,5,5,5,0,SS
312,6,2,6,0,ES
312,6,3,6,0,EEES
312,6,4,6,0,SSSSS
312,6,5,6,0,SSS
312,7,1,7,0,E
312,7,2,7,0,EES
312,7,3,7,0,S
312,7,4,7,0,EES
312,7,5,7,0,ESSSS
312,8,1,8,0,S
312,8,2,8,0,ES
312,8,3,8,0,S
312,8,4,8,0,S
312,8,5,8,0,SSS
312,9,1,9,0,S
312,9,2,9,0,EES
312,9,4,9,0,S
312,9,5,9,0,S
312,10,1,10,0,ESS
312,10,2,10,0,EE
312,10,3,10,0,S
312,10,4,10,0,ESS
312,10,5,10,0,SS
312,12,1,12,0,S
312,12,2,12,0,ESSSS
312,12,3,12,0,ES
312,12,5,12,0,S
